festival_id,festival_day,booth_id,menu_id,booth_zone,snapshot_timestamp,hour,minute_of_day,second_of_minute,minutes_to_close,is_weekend,day_of_week,menu_category,price_krw,initial_stock,current_stock,recent_sales_5m,recent_sales_30m,previous_sales_30m,recent_tickets_30m,discount_rate,discount_elapsed_minutes,discount_arm,assigned_discount_rate,temperature_c,rain_mm,crowd_index,performance_phase,event_ending_soon,next_30m_sales_qty,next_30m_latent_qty,censored_window_flag,minutes_to_stockout,expected_leftover_qty,stockout_flag,final_leftover_qty,bakery_calibration_source,data_class,booth_ticket_count_30m,booth_unique_menu_count_1m
zerofest-synthetic-2026,1,B01,B01-M01,A,2026-05-20T16:00:00,16,960,0,359,0,2,food,6000,124,124,0,0,0,0,0,0,0,0,23.2,0.02,0.266,normal,0,8,8,0,465,45,0,3,Kaggle French Bakery Daily Sales,SYNTHETIC_FEATURE_SNAPSHOT,0,0
zerofest-synthetic-2026,1,B01,B01-M01,A,2026-05-20T16:30:00,16,990,0,329,0,2,food,6000,124,116,0,8,0,4,0,0,0,0,24.1,0.0,0.218,normal,0,9,9,0,387,35,0,3,Kaggle French Bakery Daily Sales,SYNTHETIC_FEATURE_SNAPSHOT,13,0
zerofest-synthetic-2026,1,B01,B01-M01,A,2026-05-20T17:00:00,17,1020,0,299,0,2,food,6000,124,107,3,9,8,4,0,0,0,0,21.6,0.01,0.466,pre_stage,0,11,11,0,292,17,0,3,Kaggle French Bakery Daily Sales,SYNTHETIC_FEATURE_SNAPSHOT,13,2
zerofest-synthetic-2026,1,B01,B01-M01,A,2026-05-20T17:30:00,17,1050,0,269,0,2,food,6000,124,96,3,11,9,6,0,0,0,0,23.4,0.0,0.448,pre_stage,0,7,7,0,412,44,0,3,Kaggle French Bakery Daily Sales,SYNTHETIC_FEATURE_SNAPSHOT,20,1
zerofest-synthetic-2026,1,B01,B01-M01,A,2026-05-20T18:00:00,18,1080,0,239,0,2,food,6000,124,89,2,7,11,4,0,0,0,0,22.2,0.0,0.584,main_stage,0,4,4,0,668,63,0,3,Kaggle French Bakery Daily Sales,SYNTHETIC_FEATURE_SNAPSHOT,22,0
zerofest-synthetic-2026,1,B01,B01-M01,A,2026-05-20T18:30:00,18,1110,0,209,0,2,food,6000,124,85,0,4,7,2,0,0,0,0,22.9,0.0,0.585,main_stage,0,7,7,0,365,45,0,3,Kaggle French Bakery Daily Sales,SYNTHETIC_FEATURE_SNAPSHOT,24,0
zerofest-synthetic-2026,1,B01,B01-M01,A,2026-05-20T19:00:00,19,1140,0,179,0,2,food,6000,124,78,0,7,4,2,0,0,0,0,22.1,0.03,0.576,main_stage,1,24,24,0,98,0,0,3,Kaggle French Bakery Daily Sales,SYNTHETIC_FEATURE_SNAPSHOT,16,1
zerofest-synthetic-2026,1,B01,B01-M01,A,2026-05-20T19:30:00,19,1170,0,149,0,2,food,6000,124,54,9,24,7,10,0,0,0,0,22.4,0.0,0.563,main_stage,1,10,10,0,162,13,0,3,Kaggle French Bakery Daily Sales,SYNTHETIC_FEATURE_SNAPSHOT,32,1
zerofest-synthetic-2026,1,B01,B01-M01,A,2026-05-20T20:00:00,20,1200,0,119,0,2,food,6000,124,44,1,10,24,5,0,0,0,0,20.9,0.0,0.357,after_stage,0,15,15,0,88,0,0,3,Kaggle French Bakery Daily Sales,SYNTHETIC_FEATURE_SNAPSHOT,19,0
zerofest-synthetic-2026,1,B01,B01-M01,A,2026-05-20T20:30:00,20,1230,0,89,0,2,food,6000,124,29,7,15,10,7,0,0,0,0,22.4,0.0,0.355,after_stage,0,10,10,0,87,4,0,3,Kaggle French Bakery Daily Sales,SYNTHETIC_FEATURE_SNAPSHOT,23,1
zerofest-synthetic-2026,1,B01,B01-M01,A,2026-05-20T21:00:00,21,1260,0,59,0,2,food,6000,124,19,0,10,15,4,0,0,0,0,20.9,0.01,0.238,normal,0,10,10,0,57,3,0,3,Kaggle French Bakery Daily Sales,SYNTHETIC_FEATURE_SNAPSHOT,13,0
zerofest-synthetic-2026,1,B01,B01-M01,A,2026-05-20T21:30:00,21,1290,0,29,0,2,food,6000,124,9,0,10,10,5,0,0,0,0,19.7,0.02,0.223,normal,0,6,6,0,45,4,0,3,Kaggle French Bakery Daily Sales,SYNTHETIC_FEATURE_SNAPSHOT,16,1
zerofest-synthetic-2026,2,B01,B01-M01,A,2026-05-21T16:00:00,16,960,0,359,0,3,food,6000,124,124,0,0,0,0,0,0,1,10,21.7,0.56,0.238,normal,0,2,2,0,1860,104,0,0,Kaggle French Bakery Daily Sales,SYNTHETIC_FEATURE_SNAPSHOT,1,1
zerofest-synthetic-2026,2,B01,B01-M01,A,2026-05-21T16:30:00,16,990,0,329,0,3,food,6000,124,122,2,2,0,1,0,0,1,10,21.1,0.66,0.205,normal,0,8,8,0,458,50,0,0,Kaggle French Bakery Daily Sales,SYNTHETIC_FEATURE_SNAPSHOT,10,1
zerofest-synthetic-2026,2,B01,B01-M01,A,2026-05-21T17:00:00,17,1020,0,299,0,3,food,6000,124,114,3,8,2,3,0,0,1,10,20.2,0.45,0.4,pre_stage,0,21,21,0,163,0,0,0,Kaggle French Bakery Daily Sales,SYNTHETIC_FEATURE_SNAPSHOT,13,1
zerofest-synthetic-2026,2,B01,B01-M01,A,2026-05-21T17:30:00,17,1050,0,269,0,3,food,6000,124,93,3,21,8,11,0,0,1,10,21.4,0.47,0.442,pre_stage,0,11,11,0,254,12,0,0,Kaggle French Bakery Daily Sales,SYNTHETIC_FEATURE_SNAPSHOT,42,1
zerofest-synthetic-2026,2,B01,B01-M01,A,2026-05-21T18:00:00,18,1080,0,239,0,3,food,6000,124,82,0,11,21,4,10,0,1,10,21.9,0.79,0.623,main_stage,0,23,23,0,107,0,0,0,Kaggle French Bakery Daily Sales,SYNTHETIC_FEATURE_SNAPSHOT,32,1
zerofest-synthetic-2026,2,B01,B01-M01,A,2026-05-21T18:30:00,18,1110,0,209,0,3,food,6000,124,59,6,23,11,8,10,30,1,10,20.3,0.52,0.544,main_stage,0,22,22,0,81,0,0,0,Kaggle French Bakery Daily Sales,SYNTHETIC_FEATURE_SNAPSHOT,23,1
zerofest-synthetic-2026,2,B01,B01-M01,A,2026-05-21T19:00:00,19,1140,0,179,0,3,food,6000,124,37,3,22,23,10,10,60,1,10,19.6,0.51,0.499,main_stage,1,14,14,0,80,0,0,0,Kaggle French Bakery Daily Sales,SYNTHETIC_FEATURE_SNAPSHOT,33,2
zerofest-synthetic-2026,2,B01,B01-M01,A,2026-05-21T19:30:00,19,1170,0,149,0,3,food,6000,124,23,2,14,22,6,0,0,1,10,19.8,0.56,0.524,main_stage,1,12,12,0,58,0,0,0,Kaggle French Bakery Daily Sales,SYNTHETIC_FEATURE_SNAPSHOT,23,1
zerofest-synthetic-2026,2,B01,B01-M01,A,2026-05-21T20:00:00,20,1200,0,119,0,3,food,6000,124,11,5,12,14,5,0,0,1,10,20.2,0.47,0.298,after_stage,0,9,9,0,37,0,0,0,Kaggle French Bakery Daily Sales,SYNTHETIC_FEATURE_SNAPSHOT,30,1
zerofest-synthetic-2026,2,B01,B01-M01,A,2026-05-21T20:30:00,20,1230,0,89,0,3,food,6000,124,2,2,9,12,5,10,0,1,10,19.2,0.43,0.381,after_stage,0,2,16,1,30,0,0,0,Kaggle French Bakery Daily Sales,SYNTHETIC_FEATURE_SNAPSHOT,23,0
zerofest-synthetic-2026,2,B01,B01-M01,A,2026-05-21T21:00:00,21,1260,0,59,0,3,food,6000,124,0,0,2,9,1,0,0,1,10,18.0,0.63,0.209,normal,0,0,4,1,0,0,1,0,Kaggle French Bakery Daily Sales,SYNTHETIC_FEATURE_SNAPSHOT,8,1
zerofest-synthetic-2026,2,B01,B01-M01,A,2026-05-21T21:30:00,21,1290,0,29,0,3,food,6000,124,0,0,0,2,0,10,0,1,10,18.6,0.36,0.247,normal,0,0,16,1,0,0,1,0,Kaggle French Bakery Daily Sales,SYNTHETIC_FEATURE_SNAPSHOT,10,0
zerofest-synthetic-2026,3,B01,B01-M01,A,2026-05-22T16:00:00,16,960,0,359,0,4,food,6000,124,122,2,2,0,1,0,0,0,0,19.7,0.01,0.208,normal,0,10,10,0,366,24,0,32,Kaggle French Bakery Daily Sales,SYNTHETIC_FEATURE_SNAPSHOT,2,2
zerofest-synthetic-2026,3,B01,B01-M01,A,2026-05-22T16:30:00,16,990,0,329,0,4,food,6000,124,112,0,10,2,3,0,0,0,0,20.0,0.01,0.279,normal,0,0,0,0,11200,112,0,32,Kaggle French Bakery Daily Sales,SYNTHETIC_FEATURE_SNAPSHOT,9,0
zerofest-synthetic-2026,3,B01,B01-M01,A,2026-05-22T17:00:00,17,1020,0,299,0,4,food,6000,124,112,0,0,10,0,0,0,0,0,20.0,0.09,0.42,pre_stage,0,8,8,0,420,46,0,32,Kaggle French Bakery Daily Sales,SYNTHETIC_FEATURE_SNAPSHOT,5,1
zerofest-synthetic-2026,3,B01,B01-M01,A,2026-05-22T17:30:00,17,1050,0,269,0,4,food,6000,124,104,7,8,0,3,0,0,0,0,19.8,0.0,0.401,pre_stage,0,17,17,0,184,0,0,32,Kaggle French Bakery Daily Sales,SYNTHETIC_FEATURE_SNAPSHOT,14,0
zerofest-synthetic-2026,3,B01,B01-M01,A,2026-05-22T18:00:00,18,1080,0,239,0,4,food,6000,124,87,3,17,8,8,0,0,0,0,18.9,0.01,0.649,main_stage,0,2,2,0,1305,74,0,32,Kaggle French Bakery Daily Sales,SYNTHETIC_FEATURE_SNAPSHOT,20,1
zerofest-synthetic-2026,3,B01,B01-M01,A,2026-05-22T18:30:00,18,1110,0,209,0,4,food,6000,124,85,0,2,17,1,0,0,0,0,18.8,0.0,0.593,main_stage,0,26,26,0,99,0,0,32,Kaggle French Bakery Daily Sales,SYNTHETIC_FEATURE_SNAPSHOT,15,0
zerofest-synthetic-2026,3,B01,B01-M01,A,2026-05-22T19:00:00,19,1140,0,179,0,4,food,6000,124,59,1,26,2,10,0,0,0,0,17.9,0.0,0.674,main_stage,1,4,4,0,443,39,0,32,Kaggle French Bakery Daily Sales,SYNTHETIC_FEATURE_SNAPSHOT,23,0
zerofest-synthetic-2026,3,B01,B01-M01,A,2026-05-22T19:30:00,19,1170,0,149,0,4,food,6000,124,55,1,4,26,2,0,0,0,0,17.6,0.04,0.604,main_stage,1,5,5,0,330,35,0,32,Kaggle French Bakery Daily Sales,SYNTHETIC_FEATURE_SNAPSHOT,14,0
zerofest-synthetic-2026,3,B01,B01-M01,A,2026-05-22T20:00:00,20,1200,0,119,0,4,food,6000,124,50,0,5,4,1,0,0,0,0,18.8,0.0,0.35,after_stage,0,3,3,0,500,40,0,32,Kaggle French Bakery Daily Sales,SYNTHETIC_FEATURE_SNAPSHOT,14,0
zerofest-synthetic-2026,3,B01,B01-M01,A,2026-05-22T20:30:00,20,1230,0,89,0,4,food,6000,124,47,0,3,5,1,0,0,0,0,17.4,0.0,0.402,after_stage,0,8,8,0,177,27,0,32,Kaggle French Bakery Daily Sales,SYNTHETIC_FEATURE_SNAPSHOT,11,1
zerofest-synthetic-2026,3,B01,B01-M01,A,2026-05-22T21:00:00,21,1260,0,59,0,4,food,6000,124,39,3,8,3,3,0,0,0,0,17.6,0.0,0.268,normal,0,2,2,0,585,36,0,32,Kaggle French Bakery Daily Sales,SYNTHETIC_FEATURE_SNAPSHOT,19,1
zerofest-synthetic-2026,3,B01,B01-M01,A,2026-05-22T21:30:00,21,1290,0,29,0,4,food,6000,124,37,0,2,8,1,0,0,0,0,17.3,0.05,0.198,normal,0,5,5,0,222,33,0,32,Kaggle French Bakery Daily Sales,SYNTHETIC_FEATURE_SNAPSHOT,12,0
zerofest-synthetic-2026,1,B01,B01-M02,A,2026-05-20T16:00:00,16,960,0,359,0,2,drink,3500,212,212,0,0,0,0,0,0,1,30,23.2,0.02,0.266,normal,0,2,2,0,3180,192,0,40,Kaggle French Bakery Daily Sales,SYNTHETIC_FEATURE_SNAPSHOT,0,0
zerofest-synthetic-2026,1,B01,B01-M02,A,2026-05-20T16:30:00,16,990,0,329,0,2,drink,3500,212,210,0,2,0,2,0,0,1,30,24.1,0.0,0.218,normal,0,6,6,0,1050,156,0,40,Kaggle French Bakery Daily Sales,SYNTHETIC_FEATURE_SNAPSHOT,13,0
zerofest-synthetic-2026,1,B01,B01-M02,A,2026-05-20T17:00:00,17,1020,0,299,0,2,drink,3500,212,204,0,6,2,2,0,0,1,30,21.6,0.01,0.466,pre_stage,0,7,7,0,875,147,0,40,Kaggle French Bakery Daily Sales,SYNTHETIC_FEATURE_SNAPSHOT,13,2
zerofest-synthetic-2026,1,B01,B01-M02,A,2026-05-20T17:30:00,17,1050,0,269,0,2,drink,3500,212,197,0,7,6,4,0,0,1,30,23.4,0.0,0.448,pre_stage,0,26,26,0,228,5,0,40,Kaggle French Bakery Daily Sales,SYNTHETIC_FEATURE_SNAPSHOT,20,1
zerofest-synthetic-2026,1,B01,B01-M02,A,2026-05-20T18:00:00,18,1080,0,239,0,2,drink,3500,212,171,7,26,7,11,30,0,1,30,22.2,0.0,0.584,main_stage,0,27,27,0,190,0,0,40,Kaggle French Bakery Daily Sales,SYNTHETIC_FEATURE_SNAPSHOT,22,0
zerofest-synthetic-2026,1,B01,B01-M02,A,2026-05-20T18:30:00,18,1110,0,209,0,2,drink,3500,212,144,5,27,26,12,30,30,1,30,22.9,0.0,0.585,main_stage,0,30,30,0,144,0,0,40,Kaggle French Bakery Daily Sales,SYNTHETIC_FEATURE_SNAPSHOT,24,0
zerofest-synthetic-2026,1,B01,B01-M02,A,2026-05-20T19:00:00,19,1140,0,179,0,2,drink,3500,212,114,4,30,27,11,0,0,1,30,22.1,0.03,0.576,main_stage,1,28,28,0,123,0,0,40,Kaggle French Bakery Daily Sales,SYNTHETIC_FEATURE_SNAPSHOT,16,1
zerofest-synthetic-2026,1,B01,B01-M02,A,2026-05-20T19:30:00,19,1170,0,149,0,2,drink,3500,212,86,7,28,30,8,30,0,1,30,22.4,0.0,0.563,main_stage,1,14,14,0,185,29,0,40,Kaggle French Bakery Daily Sales,SYNTHETIC_FEATURE_SNAPSHOT,32,1
zerofest-synthetic-2026,1,B01,B01-M02,A,2026-05-20T20:00:00,20,1200,0,119,0,2,drink,3500,212,72,0,14,28,6,0,0,1,30,20.9,0.0,0.357,after_stage,0,11,11,0,197,36,0,40,Kaggle French Bakery Daily Sales,SYNTHETIC_FEATURE_SNAPSHOT,19,0
zerofest-synthetic-2026,1,B01,B01-M02,A,2026-05-20T20:30:00,20,1230,0,89,0,2,drink,3500,212,61,1,11,14,6,30,0,1,30,22.4,0.0,0.355,after_stage,0,7,7,0,262,44,0,40,Kaggle French Bakery Daily Sales,SYNTHETIC_FEATURE_SNAPSHOT,23,1
zerofest-synthetic-2026,1,B01,B01-M02,A,2026-05-20T21:00:00,21,1260,0,59,0,2,drink,3500,212,54,0,7,11,3,30,30,1,30,20.9,0.01,0.238,normal,0,3,3,0,540,49,0,40,Kaggle French Bakery Daily Sales,SYNTHETIC_FEATURE_SNAPSHOT,13,0
zerofest-synthetic-2026,1,B01,B01-M02,A,2026-05-20T21:30:00,21,1290,0,29,0,2,drink,3500,212,51,0,3,7,3,0,0,1,30,19.7,0.02,0.223,normal,0,11,11,0,140,42,0,40,Kaggle French Bakery Daily Sales,SYNTHETIC_FEATURE_SNAPSHOT,16,1
zerofest-synthetic-2026,2,B01,B01-M02,A,2026-05-21T16:00:00,16,960,0,359,0,3,drink,3500,212,212,0,0,0,0,0,0,0,0,21.7,0.56,0.238,normal,0,4,4,0,1590,173,0,63,Kaggle French Bakery Daily Sales,SYNTHETIC_FEATURE_SNAPSHOT,1,1
zerofest-synthetic-2026,2,B01,B01-M02,A,2026-05-21T16:30:00,16,990,0,329,0,3,drink,3500,212,208,0,4,0,3,0,0,0,0,21.1,0.66,0.205,normal,0,9,9,0,694,127,0,63,Kaggle French Bakery Daily Sales,SYNTHETIC_FEATURE_SNAPSHOT,10,1
zerofest-synthetic-2026,2,B01,B01-M02,A,2026-05-21T17:00:00,17,1020,0,299,0,3,drink,3500,212,199,3,9,4,3,0,0,0,0,20.2,0.45,0.4,pre_stage,0,20,20,0,299,35,0,63,Kaggle French Bakery Daily Sales,SYNTHETIC_FEATURE_SNAPSHOT,13,1
zerofest-synthetic-2026,2,B01,B01-M02,A,2026-05-21T17:30:00,17,1050,0,269,0,3,drink,3500,212,179,0,20,9,9,0,0,0,0,21.4,0.47,0.442,pre_stage,0,19,19,0,283,39,0,63,Kaggle French Bakery Daily Sales,SYNTHETIC_FEATURE_SNAPSHOT,42,1
zerofest-synthetic-2026,2,B01,B01-M02,A,2026-05-21T18:00:00,18,1080,0,239,0,3,drink,3500,212,160,3,19,20,8,0,0,0,0,21.9,0.79,0.623,main_stage,0,20,20,0,240,29,0,63,Kaggle French Bakery Daily Sales,SYNTHETIC_FEATURE_SNAPSHOT,32,1
zerofest-synthetic-2026,2,B01,B01-M02,A,2026-05-21T18:30:00,18,1110,0,209,0,3,drink,3500,212,140,5,20,19,10,0,0,0,0,20.3,0.52,0.544,main_stage,0,19,19,0,222,31,0,63,Kaggle French Bakery Daily Sales,SYNTHETIC_FEATURE_SNAPSHOT,23,1
zerofest-synthetic-2026,2,B01,B01-M02,A,2026-05-21T19:00:00,19,1140,0,179,0,3,drink,3500,212,121,10,19,20,7,0,0,0,0,19.6,0.51,0.499,main_stage,1,13,13,0,280,57,0,63,Kaggle French Bakery Daily Sales,SYNTHETIC_FEATURE_SNAPSHOT,33,2
zerofest-synthetic-2026,2,B01,B01-M02,A,2026-05-21T19:30:00,19,1170,0,149,0,3,drink,3500,212,108,0,13,19,5,0,0,0,0,19.8,0.56,0.524,main_stage,1,16,16,0,203,42,0,63,Kaggle French Bakery Daily Sales,SYNTHETIC_FEATURE_SNAPSHOT,23,1
zerofest-synthetic-2026,2,B01,B01-M02,A,2026-05-21T20:00:00,20,1200,0,119,0,3,drink,3500,212,92,2,16,13,7,0,0,0,0,20.2,0.47,0.298,after_stage,0,6,6,0,460,72,0,63,Kaggle French Bakery Daily Sales,SYNTHETIC_FEATURE_SNAPSHOT,30,1
zerofest-synthetic-2026,2,B01,B01-M02,A,2026-05-21T20:30:00,20,1230,0,89,0,3,drink,3500,212,86,0,6,16,2,0,0,0,0,19.2,0.43,0.381,after_stage,0,4,4,0,645,76,0,63,Kaggle French Bakery Daily Sales,SYNTHETIC_FEATURE_SNAPSHOT,23,0
zerofest-synthetic-2026,2,B01,B01-M02,A,2026-05-21T21:00:00,21,1260,0,59,0,3,drink,3500,212,82,2,4,6,3,0,0,0,0,18.0,0.63,0.209,normal,0,15,15,0,164,57,0,63,Kaggle French Bakery Daily Sales,SYNTHETIC_FEATURE_SNAPSHOT,8,1
zerofest-synthetic-2026,2,B01,B01-M02,A,2026-05-21T21:30:00,21,1290,0,29,0,3,drink,3500,212,67,0,15,4,8,0,0,0,0,18.6,0.36,0.247,normal,0,4,4,0,503,64,0,63,Kaggle French Bakery Daily Sales,SYNTHETIC_FEATURE_SNAPSHOT,10,0
zerofest-synthetic-2026,3,B01,B01-M02,A,2026-05-22T16:00:00,16,960,0,359,0,4,drink,3500,212,211,1,1,0,1,0,0,1,10,19.7,0.01,0.208,normal,0,3,3,0,2110,181,0,97,Kaggle French Bakery Daily Sales,SYNTHETIC_FEATURE_SNAPSHOT,2,2
zerofest-synthetic-2026,3,B01,B01-M02,A,2026-05-22T16:30:00,16,990,0,329,0,4,drink,3500,212,208,1,3,1,2,0,0,1,10,20.0,0.01,0.279,normal,0,4,4,0,1560,172,0,97,Kaggle French Bakery Daily Sales,SYNTHETIC_FEATURE_SNAPSHOT,9,0
zerofest-synthetic-2026,3,B01,B01-M02,A,2026-05-22T17:00:00,17,1020,0,299,0,4,drink,3500,212,204,2,4,3,2,0,0,1,10,20.0,0.09,0.42,pre_stage,0,5,5,0,1224,163,0,97,Kaggle French Bakery Daily Sales,SYNTHETIC_FEATURE_SNAPSHOT,5,1
zerofest-synthetic-2026,3,B01,B01-M02,A,2026-05-22T17:30:00,17,1050,0,269,0,4,drink,3500,212,199,0,5,4,3,0,0,1,10,19.8,0.0,0.401,pre_stage,0,5,5,0,1194,162,0,97,Kaggle French Bakery Daily Sales,SYNTHETIC_FEATURE_SNAPSHOT,14,0
zerofest-synthetic-2026,3,B01,B01-M02,A,2026-05-22T18:00:00,18,1080,0,239,0,4,drink,3500,212,194,3,5,5,2,0,0,1,10,18.9,0.01,0.649,main_stage,0,20,20,0,291,63,0,97,Kaggle French Bakery Daily Sales,SYNTHETIC_FEATURE_SNAPSHOT,20,1
zerofest-synthetic-2026,3,B01,B01-M02,A,2026-05-22T18:30:00,18,1110,0,209,0,4,drink,3500,212,174,3,20,5,8,10,0,1,10,18.8,0.0,0.593,main_stage,0,13,13,0,402,99,0,97,Kaggle French Bakery Daily Sales,SYNTHETIC_FEATURE_SNAPSHOT,15,0
zerofest-synthetic-2026,3,B01,B01-M02,A,2026-05-22T19:00:00,19,1140,0,179,0,4,drink,3500,212,161,5,13,20,5,10,30,1,10,17.9,0.0,0.674,main_stage,1,9,9,0,537,117,0,97,Kaggle French Bakery Daily Sales,SYNTHETIC_FEATURE_SNAPSHOT,23,0
zerofest-synthetic-2026,3,B01,B01-M02,A,2026-05-22T19:30:00,19,1170,0,149,0,4,drink,3500,212,152,3,9,13,4,10,60,1,10,17.6,0.04,0.604,main_stage,1,15,15,0,304,91,0,97,Kaggle French Bakery Daily Sales,SYNTHETIC_FEATURE_SNAPSHOT,14,0
zerofest-synthetic-2026,3,B01,B01-M02,A,2026-05-22T20:00:00,20,1200,0,119,0,4,drink,3500,212,137,5,15,9,6,10,90,1,10,18.8,0.0,0.35,after_stage,0,9,9,0,457,107,0,97,Kaggle French Bakery Daily Sales,SYNTHETIC_FEATURE_SNAPSHOT,14,0
zerofest-synthetic-2026,3,B01,B01-M02,A,2026-05-22T20:30:00,20,1230,0,89,0,4,drink,3500,212,128,6,9,15,5,0,0,1,10,17.4,0.0,0.402,after_stage,0,17,17,0,226,86,0,97,Kaggle French Bakery Daily Sales,SYNTHETIC_FEATURE_SNAPSHOT,11,1
zerofest-synthetic-2026,3,B01,B01-M02,A,2026-05-22T21:00:00,21,1260,0,59,0,4,drink,3500,212,111,4,17,9,8,0,0,1,10,17.6,0.0,0.268,normal,0,9,9,0,370,96,0,97,Kaggle French Bakery Daily Sales,SYNTHETIC_FEATURE_SNAPSHOT,19,1
zerofest-synthetic-2026,3,B01,B01-M02,A,2026-05-22T21:30:00,21,1290,0,29,0,4,drink,3500,212,102,0,9,17,4,0,0,1,10,17.3,0.05,0.198,normal,0,5,5,0,612,98,0,97,Kaggle French Bakery Daily Sales,SYNTHETIC_FEATURE_SNAPSHOT,12,0
zerofest-synthetic-2026,1,B01,B01-M03,A,2026-05-20T16:00:00,16,960,0,359,0,2,dessert,4500,122,122,0,0,0,0,0,0,0,0,23.2,0.02,0.266,normal,0,2,2,0,1830,102,0,44,Kaggle French Bakery Daily Sales,SYNTHETIC_FEATURE_SNAPSHOT,0,0
zerofest-synthetic-2026,1,B01,B01-M03,A,2026-05-20T16:30:00,16,990,0,329,0,2,dessert,4500,122,120,0,2,0,2,0,0,0,0,24.1,0.0,0.218,normal,0,0,0,0,12000,120,0,44,Kaggle French Bakery Daily Sales,SYNTHETIC_FEATURE_SNAPSHOT,13,0
zerofest-synthetic-2026,1,B01,B01-M03,A,2026-05-20T17:00:00,17,1020,0,299,0,2,dessert,4500,122,120,0,0,2,0,0,0,0,0,21.6,0.01,0.466,pre_stage,0,13,13,0,277,13,0,44,Kaggle French Bakery Daily Sales,SYNTHETIC_FEATURE_SNAPSHOT,13,2
zerofest-synthetic-2026,1,B01,B01-M03,A,2026-05-20T17:30:00,17,1050,0,269,0,2,dessert,4500,122,107,6,13,0,5,0,0,0,0,23.4,0.0,0.448,pre_stage,0,1,1,0,3210,100,0,44,Kaggle French Bakery Daily Sales,SYNTHETIC_FEATURE_SNAPSHOT,20,1
zerofest-synthetic-2026,1,B01,B01-M03,A,2026-05-20T18:00:00,18,1080,0,239,0,2,dessert,4500,122,106,1,1,13,1,0,0,0,0,22.2,0.0,0.584,main_stage,0,10,10,0,318,40,0,44,Kaggle French Bakery Daily Sales,SYNTHETIC_FEATURE_SNAPSHOT,22,0
zerofest-synthetic-2026,1,B01,B01-M03,A,2026-05-20T18:30:00,18,1110,0,209,0,2,dessert,4500,122,96,0,10,1,4,0,0,0,0,22.9,0.0,0.585,main_stage,0,3,3,0,960,79,0,44,Kaggle French Bakery Daily Sales,SYNTHETIC_FEATURE_SNAPSHOT,24,0
zerofest-synthetic-2026,1,B01,B01-M03,A,2026-05-20T19:00:00,19,1140,0,179,0,2,dessert,4500,122,93,0,3,10,1,0,0,0,0,22.1,0.03,0.576,main_stage,1,9,9,0,310,49,0,44,Kaggle French Bakery Daily Sales,SYNTHETIC_FEATURE_SNAPSHOT,16,1
zerofest-synthetic-2026,1,B01,B01-M03,A,2026-05-20T19:30:00,19,1170,0,149,0,2,dessert,4500,122,84,0,9,3,4,0,0,0,0,22.4,0.0,0.563,main_stage,1,15,15,0,168,23,0,44,Kaggle French Bakery Daily Sales,SYNTHETIC_FEATURE_SNAPSHOT,32,1
zerofest-synthetic-2026,1,B01,B01-M03,A,2026-05-20T20:00:00,20,1200,0,119,0,2,dessert,4500,122,69,0,15,9,5,0,0,0,0,20.9,0.0,0.357,after_stage,0,13,13,0,160,26,0,44,Kaggle French Bakery Daily Sales,SYNTHETIC_FEATURE_SNAPSHOT,19,0
zerofest-synthetic-2026,1,B01,B01-M03,A,2026-05-20T20:30:00,20,1230,0,89,0,2,dessert,4500,122,56,0,13,15,6,0,0,0,0,22.4,0.0,0.355,after_stage,0,6,6,0,280,41,0,44,Kaggle French Bakery Daily Sales,SYNTHETIC_FEATURE_SNAPSHOT,23,1
zerofest-synthetic-2026,1,B01,B01-M03,A,2026-05-20T21:00:00,21,1260,0,59,0,2,dessert,4500,122,50,0,6,13,3,0,0,0,0,20.9,0.01,0.238,normal,0,3,3,0,500,45,0,44,Kaggle French Bakery Daily Sales,SYNTHETIC_FEATURE_SNAPSHOT,13,0
zerofest-synthetic-2026,1,B01,B01-M03,A,2026-05-20T21:30:00,21,1290,0,29,0,2,dessert,4500,122,47,3,3,6,1,0,0,0,0,19.7,0.02,0.223,normal,0,3,3,0,470,45,0,44,Kaggle French Bakery Daily Sales,SYNTHETIC_FEATURE_SNAPSHOT,16,1
zerofest-synthetic-2026,2,B01,B01-M03,A,2026-05-21T16:00:00,16,960,0,359,0,3,dessert,4500,122,121,1,1,0,1,0,0,1,20,21.7,0.56,0.238,normal,0,12,12,0,303,3,0,0,Kaggle French Bakery Daily Sales,SYNTHETIC_FEATURE_SNAPSHOT,1,1
zerofest-synthetic-2026,2,B01,B01-M03,A,2026-05-21T16:30:00,16,990,0,329,0,3,dessert,4500,122,109,0,12,1,5,0,0,1,20,21.1,0.66,0.205,normal,0,2,2,0,1635,91,0,0,Kaggle French Bakery Daily Sales,SYNTHETIC_FEATURE_SNAPSHOT,10,1
zerofest-synthetic-2026,2,B01,B01-M03,A,2026-05-21T17:00:00,17,1020,0,299,0,3,dessert,4500,122,107,0,2,12,2,0,0,1,20,20.2,0.45,0.4,pre_stage,0,30,30,0,107,0,0,0,Kaggle French Bakery Daily Sales,SYNTHETIC_FEATURE_SNAPSHOT,13,1
zerofest-synthetic-2026,2,B01,B01-M03,A,2026-05-21T17:30:00,17,1050,0,269,0,3,dessert,4500,122,77,1,30,2,15,0,0,1,20,21.4,0.47,0.442,pre_stage,0,15,15,0,154,0,0,0,Kaggle French Bakery Daily Sales,SYNTHETIC_FEATURE_SNAPSHOT,42,1
zerofest-synthetic-2026,2,B01,B01-M03,A,2026-05-21T18:00:00,18,1080,0,239,0,3,dessert,4500,122,62,2,15,30,8,20,0,1,20,21.9,0.79,0.623,main_stage,0,1,1,0,1860,55,0,0,Kaggle French Bakery Daily Sales,SYNTHETIC_FEATURE_SNAPSHOT,32,1
zerofest-synthetic-2026,2,B01,B01-M03,A,2026-05-21T18:30:00,18,1110,0,209,0,3,dessert,4500,122,61,0,1,15,1,0,0,1,20,20.3,0.52,0.544,main_stage,0,21,21,0,88,0,0,0,Kaggle French Bakery Daily Sales,SYNTHETIC_FEATURE_SNAPSHOT,23,1
zerofest-synthetic-2026,2,B01,B01-M03,A,2026-05-21T19:00:00,19,1140,0,179,0,3,dessert,4500,122,40,3,21,1,9,0,0,1,20,19.6,0.51,0.499,main_stage,1,9,9,0,134,0,0,0,Kaggle French Bakery Daily Sales,SYNTHETIC_FEATURE_SNAPSHOT,33,2
zerofest-synthetic-2026,2,B01,B01-M03,A,2026-05-21T19:30:00,19,1170,0,149,0,3,dessert,4500,122,31,0,9,21,5,20,0,1,20,19.8,0.56,0.524,main_stage,1,23,23,0,41,0,0,0,Kaggle French Bakery Daily Sales,SYNTHETIC_FEATURE_SNAPSHOT,23,1
zerofest-synthetic-2026,2,B01,B01-M03,A,2026-05-21T20:00:00,20,1200,0,119,0,3,dessert,4500,122,8,7,23,9,8,0,0,1,20,20.2,0.47,0.298,after_stage,0,8,14,1,30,0,0,0,Kaggle French Bakery Daily Sales,SYNTHETIC_FEATURE_SNAPSHOT,30,1
zerofest-synthetic-2026,2,B01,B01-M03,A,2026-05-21T20:30:00,20,1230,0,89,0,3,dessert,4500,122,0,0,8,23,4,0,0,1,20,19.2,0.43,0.381,after_stage,0,0,5,1,0,0,1,0,Kaggle French Bakery Daily Sales,SYNTHETIC_FEATURE_SNAPSHOT,23,0
zerofest-synthetic-2026,2,B01,B01-M03,A,2026-05-21T21:00:00,21,1260,0,59,0,3,dessert,4500,122,0,0,0,8,0,20,0,1,20,18.0,0.63,0.209,normal,0,0,9,1,0,0,1,0,Kaggle French Bakery Daily Sales,SYNTHETIC_FEATURE_SNAPSHOT,8,1
zerofest-synthetic-2026,2,B01,B01-M03,A,2026-05-21T21:30:00,21,1290,0,29,0,3,dessert,4500,122,0,0,0,0,0,20,30,1,20,18.6,0.36,0.247,normal,0,0,8,1,0,0,1,0,Kaggle French Bakery Daily Sales,SYNTHETIC_FEATURE_SNAPSHOT,10,0
zerofest-synthetic-2026,3,B01,B01-M03,A,2026-05-22T16:00:00,16,960,0,359,0,4,dessert,4500,122,122,0,0,0,0,0,0,1,30,19.7,0.01,0.208,normal,0,5,5,0,732,73,0,38,Kaggle French Bakery Daily Sales,SYNTHETIC_FEATURE_SNAPSHOT,2,2
zerofest-synthetic-2026,3,B01,B01-M03,A,2026-05-22T16:30:00,16,990,0,329,0,4,dessert,4500,122,117,0,5,0,3,0,0,1,30,20.0,0.01,0.279,normal,0,2,2,0,1755,99,0,38,Kaggle French Bakery Daily Sales,SYNTHETIC_FEATURE_SNAPSHOT,9,0
zerofest-synthetic-2026,3,B01,B01-M03,A,2026-05-22T17:00:00,17,1020,0,299,0,4,dessert,4500,122,115,0,2,5,1,0,0,1,30,20.0,0.09,0.42,pre_stage,0,5,5,0,690,74,0,38,Kaggle French Bakery Daily Sales,SYNTHETIC_FEATURE_SNAPSHOT,5,1
zerofest-synthetic-2026,3,B01,B01-M03,A,2026-05-22T17:30:00,17,1050,0,269,0,4,dessert,4500,122,110,3,5,2,4,0,0,1,30,19.8,0.0,0.401,pre_stage,0,6,6,0,550,66,0,38,Kaggle French Bakery Daily Sales,SYNTHETIC_FEATURE_SNAPSHOT,14,0
zerofest-synthetic-2026,3,B01,B01-M03,A,2026-05-22T18:00:00,18,1080,0,239,0,4,dessert,4500,122,104,6,6,5,3,0,0,1,30,18.9,0.01,0.649,main_stage,0,9,9,0,347,45,0,38,Kaggle French Bakery Daily Sales,SYNTHETIC_FEATURE_SNAPSHOT,20,1
zerofest-synthetic-2026,3,B01,B01-M03,A,2026-05-22T18:30:00,18,1110,0,209,0,4,dessert,4500,122,95,1,9,6,3,0,0,1,30,18.8,0.0,0.593,main_stage,0,17,17,0,168,0,0,38,Kaggle French Bakery Daily Sales,SYNTHETIC_FEATURE_SNAPSHOT,15,0
zerofest-synthetic-2026,3,B01,B01-M03,A,2026-05-22T19:00:00,19,1140,0,179,0,4,dessert,4500,122,78,0,17,9,5,0,0,1,30,17.9,0.0,0.674,main_stage,1,10,10,0,234,29,0,38,Kaggle French Bakery Daily Sales,SYNTHETIC_FEATURE_SNAPSHOT,23,0
zerofest-synthetic-2026,3,B01,B01-M03,A,2026-05-22T19:30:00,19,1170,0,149,0,4,dessert,4500,122,68,7,10,17,4,0,0,1,30,17.6,0.04,0.604,main_stage,1,1,1,0,2040,64,0,38,Kaggle French Bakery Daily Sales,SYNTHETIC_FEATURE_SNAPSHOT,14,0
zerofest-synthetic-2026,3,B01,B01-M03,A,2026-05-22T20:00:00,20,1200,0,119,0,4,dessert,4500,122,67,1,1,10,1,0,0,1,30,18.8,0.0,0.35,after_stage,0,8,8,0,252,41,0,38,Kaggle French Bakery Daily Sales,SYNTHETIC_FEATURE_SNAPSHOT,14,0
zerofest-synthetic-2026,3,B01,B01-M03,A,2026-05-22T20:30:00,20,1230,0,89,0,4,dessert,4500,122,59,0,8,1,2,0,0,1,30,17.4,0.0,0.402,after_stage,0,7,7,0,253,42,0,38,Kaggle French Bakery Daily Sales,SYNTHETIC_FEATURE_SNAPSHOT,11,1
zerofest-synthetic-2026,3,B01,B01-M03,A,2026-05-22T21:00:00,21,1260,0,59,0,4,dessert,4500,122,52,0,7,8,3,30,0,1,30,17.6,0.0,0.268,normal,0,6,6,0,260,42,0,38,Kaggle French Bakery Daily Sales,SYNTHETIC_FEATURE_SNAPSHOT,19,1
zerofest-synthetic-2026,3,B01,B01-M03,A,2026-05-22T21:30:00,21,1290,0,29,0,4,dessert,4500,122,46,0,6,7,2,0,0,1,30,17.3,0.05,0.198,normal,0,8,8,0,173,39,0,38,Kaggle French Bakery Daily Sales,SYNTHETIC_FEATURE_SNAPSHOT,12,0
zerofest-synthetic-2026,1,B01,B01-M04,A,2026-05-20T16:00:00,16,960,0,359,0,2,food,6000,164,164,0,0,0,0,0,0,1,20,23.2,0.02,0.266,normal,0,10,10,0,492,66,0,33,Kaggle French Bakery Daily Sales,SYNTHETIC_FEATURE_SNAPSHOT,0,0
zerofest-synthetic-2026,1,B01,B01-M04,A,2026-05-20T16:30:00,16,990,0,329,0,2,food,6000,164,154,5,10,0,5,0,0,1,20,24.1,0.0,0.218,normal,0,18,18,0,257,0,0,33,Kaggle French Bakery Daily Sales,SYNTHETIC_FEATURE_SNAPSHOT,13,0
zerofest-synthetic-2026,1,B01,B01-M04,A,2026-05-20T17:00:00,17,1020,0,299,0,2,food,6000,164,136,2,18,10,7,0,0,1,20,21.6,0.01,0.466,pre_stage,0,9,9,0,454,62,0,33,Kaggle French Bakery Daily Sales,SYNTHETIC_FEATURE_SNAPSHOT,13,2
zerofest-synthetic-2026,1,B01,B01-M04,A,2026-05-20T17:30:00,17,1050,0,269,0,2,food,6000,164,127,4,9,18,5,0,0,1,20,23.4,0.0,0.448,pre_stage,0,16,16,0,239,9,0,33,Kaggle French Bakery Daily Sales,SYNTHETIC_FEATURE_SNAPSHOT,20,1
zerofest-synthetic-2026,1,B01,B01-M04,A,2026-05-20T18:00:00,18,1080,0,239,0,2,food,6000,164,111,0,16,9,6,0,0,1,20,22.2,0.0,0.584,main_stage,0,12,12,0,278,32,0,33,Kaggle French Bakery Daily Sales,SYNTHETIC_FEATURE_SNAPSHOT,22,0
zerofest-synthetic-2026,1,B01,B01-M04,A,2026-05-20T18:30:00,18,1110,0,209,0,2,food,6000,164,99,0,12,16,6,0,0,1,20,22.9,0.0,0.585,main_stage,0,4,4,0,743,76,0,33,Kaggle French Bakery Daily Sales,SYNTHETIC_FEATURE_SNAPSHOT,24,0
zerofest-synthetic-2026,1,B01,B01-M04,A,2026-05-20T19:00:00,19,1140,0,179,0,2,food,6000,164,95,1,4,12,2,20,0,1,20,22.1,0.03,0.576,main_stage,1,26,26,0,110,0,0,33,Kaggle French Bakery Daily Sales,SYNTHETIC_FEATURE_SNAPSHOT,16,1
zerofest-synthetic-2026,1,B01,B01-M04,A,2026-05-20T19:30:00,19,1170,0,149,0,2,food,6000,164,69,0,26,4,10,20,30,1,20,22.4,0.0,0.563,main_stage,1,10,10,0,207,28,0,33,Kaggle French Bakery Daily Sales,SYNTHETIC_FEATURE_SNAPSHOT,32,1
zerofest-synthetic-2026,1,B01,B01-M04,A,2026-05-20T20:00:00,20,1200,0,119,0,2,food,6000,164,59,0,10,26,3,20,60,1,20,20.9,0.0,0.357,after_stage,0,4,4,0,443,46,0,33,Kaggle French Bakery Daily Sales,SYNTHETIC_FEATURE_SNAPSHOT,19,0
zerofest-synthetic-2026,1,B01,B01-M04,A,2026-05-20T20:30:00,20,1230,0,89,0,2,food,6000,164,55,0,4,10,4,20,90,1,20,22.4,0.0,0.355,after_stage,0,6,6,0,275,40,0,33,Kaggle French Bakery Daily Sales,SYNTHETIC_FEATURE_SNAPSHOT,23,1
zerofest-synthetic-2026,1,B01,B01-M04,A,2026-05-20T21:00:00,21,1260,0,59,0,2,food,6000,164,49,4,6,4,3,20,120,1,20,20.9,0.01,0.238,normal,0,9,9,0,164,34,0,33,Kaggle French Bakery Daily Sales,SYNTHETIC_FEATURE_SNAPSHOT,13,0
zerofest-synthetic-2026,1,B01,B01-M04,A,2026-05-20T21:30:00,21,1290,0,29,0,2,food,6000,164,40,0,9,6,7,20,150,1,20,19.7,0.02,0.223,normal,0,7,7,0,172,34,0,33,Kaggle French Bakery Daily Sales,SYNTHETIC_FEATURE_SNAPSHOT,16,1
zerofest-synthetic-2026,2,B01,B01-M04,A,2026-05-21T16:00:00,16,960,0,359,0,3,food,6000,164,164,0,0,0,0,0,0,1,20,21.7,0.56,0.238,normal,0,1,1,0,4920,154,0,0,Kaggle French Bakery Daily Sales,SYNTHETIC_FEATURE_SNAPSHOT,1,1
zerofest-synthetic-2026,2,B01,B01-M04,A,2026-05-21T16:30:00,16,990,0,329,0,3,food,6000,164,163,0,1,0,1,0,0,1,20,21.1,0.66,0.205,normal,0,12,12,0,408,55,0,0,Kaggle French Bakery Daily Sales,SYNTHETIC_FEATURE_SNAPSHOT,10,1
zerofest-synthetic-2026,2,B01,B01-M04,A,2026-05-21T17:00:00,17,1020,0,299,0,3,food,6000,164,151,9,12,1,5,0,0,1,20,20.2,0.45,0.4,pre_stage,0,15,15,0,302,28,0,0,Kaggle French Bakery Daily Sales,SYNTHETIC_FEATURE_SNAPSHOT,13,1
zerofest-synthetic-2026,2,B01,B01-M04,A,2026-05-21T17:30:00,17,1050,0,269,0,3,food,6000,164,136,3,15,12,7,0,0,1,20,21.4,0.47,0.442,pre_stage,0,25,25,0,164,0,0,0,Kaggle French Bakery Daily Sales,SYNTHETIC_FEATURE_SNAPSHOT,42,1
zerofest-synthetic-2026,2,B01,B01-M04,A,2026-05-21T18:00:00,18,1080,0,239,0,3,food,6000,164,111,3,25,15,12,0,0,1,20,21.9,0.79,0.623,main_stage,0,10,10,0,333,45,0,0,Kaggle French Bakery Daily Sales,SYNTHETIC_FEATURE_SNAPSHOT,32,1
zerofest-synthetic-2026,2,B01,B01-M04,A,2026-05-21T18:30:00,18,1110,0,209,0,3,food,6000,164,101,0,10,25,4,0,0,1,20,20.3,0.52,0.544,main_stage,0,18,18,0,169,0,0,0,Kaggle French Bakery Daily Sales,SYNTHETIC_FEATURE_SNAPSHOT,23,1
zerofest-synthetic-2026,2,B01,B01-M04,A,2026-05-21T19:00:00,19,1140,0,179,0,3,food,6000,164,83,2,18,10,7,20,0,1,20,19.6,0.51,0.499,main_stage,1,20,20,0,125,0,0,0,Kaggle French Bakery Daily Sales,SYNTHETIC_FEATURE_SNAPSHOT,33,2
zerofest-synthetic-2026,2,B01,B01-M04,A,2026-05-21T19:30:00,19,1170,0,149,0,3,food,6000,164,63,1,20,18,7,20,30,1,20,19.8,0.56,0.524,main_stage,1,22,22,0,86,0,0,0,Kaggle French Bakery Daily Sales,SYNTHETIC_FEATURE_SNAPSHOT,23,1
zerofest-synthetic-2026,2,B01,B01-M04,A,2026-05-21T20:00:00,20,1200,0,119,0,3,food,6000,164,41,2,22,20,10,20,60,1,20,20.2,0.47,0.298,after_stage,0,25,25,0,50,0,0,0,Kaggle French Bakery Daily Sales,SYNTHETIC_FEATURE_SNAPSHOT,30,1
zerofest-synthetic-2026,2,B01,B01-M04,A,2026-05-21T20:30:00,20,1230,0,89,0,3,food,6000,164,16,2,25,22,12,20,90,1,20,19.2,0.43,0.381,after_stage,0,8,8,0,60,0,0,0,Kaggle French Bakery Daily Sales,SYNTHETIC_FEATURE_SNAPSHOT,23,0
zerofest-synthetic-2026,2,B01,B01-M04,A,2026-05-21T21:00:00,21,1260,0,59,0,3,food,6000,164,8,0,8,25,4,0,0,1,20,18.0,0.63,0.209,normal,0,8,9,1,30,0,0,0,Kaggle French Bakery Daily Sales,SYNTHETIC_FEATURE_SNAPSHOT,8,1
zerofest-synthetic-2026,2,B01,B01-M04,A,2026-05-21T21:30:00,21,1290,0,29,0,3,food,6000,164,0,0,8,8,2,0,0,1,20,18.6,0.36,0.247,normal,0,0,17,1,0,0,1,0,Kaggle French Bakery Daily Sales,SYNTHETIC_FEATURE_SNAPSHOT,10,0
zerofest-synthetic-2026,3,B01,B01-M04,A,2026-05-22T16:00:00,16,960,0,359,0,4,food,6000,164,164,0,0,0,0,0,0,0,0,19.7,0.01,0.208,normal,0,3,3,0,1640,134,0,62,Kaggle French Bakery Daily Sales,SYNTHETIC_FEATURE_SNAPSHOT,2,2
zerofest-synthetic-2026,3,B01,B01-M04,A,2026-05-22T16:30:00,16,990,0,329,0,4,food,6000,164,161,0,3,0,1,0,0,0,0,20.0,0.01,0.279,normal,0,4,4,0,1208,125,0,62,Kaggle French Bakery Daily Sales,SYNTHETIC_FEATURE_SNAPSHOT,9,0
zerofest-synthetic-2026,3,B01,B01-M04,A,2026-05-22T17:00:00,17,1020,0,299,0,4,food,6000,164,157,0,4,3,2,0,0,0,0,20.0,0.09,0.42,pre_stage,0,8,8,0,589,91,0,62,Kaggle French Bakery Daily Sales,SYNTHETIC_FEATURE_SNAPSHOT,5,1
zerofest-synthetic-2026,3,B01,B01-M04,A,2026-05-22T17:30:00,17,1050,0,269,0,4,food,6000,164,149,7,8,4,4,0,0,0,0,19.8,0.0,0.401,pre_stage,0,13,13,0,344,53,0,62,Kaggle French Bakery Daily Sales,SYNTHETIC_FEATURE_SNAPSHOT,14,0
zerofest-synthetic-2026,3,B01,B01-M04,A,2026-05-22T18:00:00,18,1080,0,239,0,4,food,6000,164,136,3,13,8,7,0,0,0,0,18.9,0.01,0.649,main_stage,0,6,6,0,680,97,0,62,Kaggle French Bakery Daily Sales,SYNTHETIC_FEATURE_SNAPSHOT,20,1
zerofest-synthetic-2026,3,B01,B01-M04,A,2026-05-22T18:30:00,18,1110,0,209,0,4,food,6000,164,130,1,6,13,3,0,0,0,0,18.8,0.0,0.593,main_stage,0,7,7,0,558,90,0,62,Kaggle French Bakery Daily Sales,SYNTHETIC_FEATURE_SNAPSHOT,15,0
zerofest-synthetic-2026,3,B01,B01-M04,A,2026-05-22T19:00:00,19,1140,0,179,0,4,food,6000,164,123,0,7,6,3,0,0,0,0,17.9,0.0,0.674,main_stage,1,13,13,0,284,59,0,62,Kaggle French Bakery Daily Sales,SYNTHETIC_FEATURE_SNAPSHOT,23,0
zerofest-synthetic-2026,3,B01,B01-M04,A,2026-05-22T19:30:00,19,1170,0,149,0,4,food,6000,164,110,0,13,7,4,0,0,0,0,17.6,0.04,0.604,main_stage,1,16,16,0,207,44,0,62,Kaggle French Bakery Daily Sales,SYNTHETIC_FEATURE_SNAPSHOT,14,0
zerofest-synthetic-2026,3,B01,B01-M04,A,2026-05-22T20:00:00,20,1200,0,119,0,4,food,6000,164,94,0,16,13,6,0,0,0,0,18.8,0.0,0.35,after_stage,0,6,6,0,470,74,0,62,Kaggle French Bakery Daily Sales,SYNTHETIC_FEATURE_SNAPSHOT,14,0
zerofest-synthetic-2026,3,B01,B01-M04,A,2026-05-22T20:30:00,20,1230,0,89,0,4,food,6000,164,88,0,6,16,3,0,0,0,0,17.4,0.0,0.402,after_stage,0,7,7,0,378,71,0,62,Kaggle French Bakery Daily Sales,SYNTHETIC_FEATURE_SNAPSHOT,11,1
zerofest-synthetic-2026,3,B01,B01-M04,A,2026-05-22T21:00:00,21,1260,0,59,0,4,food,6000,164,81,4,7,6,5,0,0,0,0,17.6,0.0,0.268,normal,0,10,10,0,243,65,0,62,Kaggle French Bakery Daily Sales,SYNTHETIC_FEATURE_SNAPSHOT,19,1
zerofest-synthetic-2026,3,B01,B01-M04,A,2026-05-22T21:30:00,21,1290,0,29,0,4,food,6000,164,71,1,10,7,5,0,0,0,0,17.3,0.05,0.198,normal,0,9,9,0,237,64,0,62,Kaggle French Bakery Daily Sales,SYNTHETIC_FEATURE_SNAPSHOT,12,0
zerofest-synthetic-2026,1,B02,B02-M01,B,2026-05-20T16:00:00,16,960,0,359,0,2,drink,4000,243,243,0,0,0,0,0,0,0,0,23.2,0.02,0.266,normal,0,19,19,0,384,56,0,31,Kaggle French Bakery Daily Sales,SYNTHETIC_FEATURE_SNAPSHOT,2,2
zerofest-synthetic-2026,1,B02,B02-M01,B,2026-05-20T16:30:00,16,990,0,329,0,2,drink,4000,243,224,0,19,0,8,0,0,0,0,24.1,0.0,0.218,normal,0,7,7,0,960,161,0,31,Kaggle French Bakery Daily Sales,SYNTHETIC_FEATURE_SNAPSHOT,21,0
zerofest-synthetic-2026,1,B02,B02-M01,B,2026-05-20T17:00:00,17,1020,0,299,0,2,drink,4000,243,217,0,7,19,3,0,0,0,0,21.6,0.01,0.466,pre_stage,0,23,23,0,284,28,0,31,Kaggle French Bakery Daily Sales,SYNTHETIC_FEATURE_SNAPSHOT,16,0
zerofest-synthetic-2026,1,B02,B02-M01,B,2026-05-20T17:30:00,17,1050,0,269,0,2,drink,4000,243,194,1,23,7,9,0,0,0,0,23.4,0.0,0.448,pre_stage,0,22,22,0,265,32,0,31,Kaggle French Bakery Daily Sales,SYNTHETIC_FEATURE_SNAPSHOT,26,1
zerofest-synthetic-2026,1,B02,B02-M01,B,2026-05-20T18:00:00,18,1080,0,239,0,2,drink,4000,243,172,0,22,23,11,0,0,0,0,22.2,0.0,0.584,main_stage,0,13,13,0,397,87,0,31,Kaggle French Bakery Daily Sales,SYNTHETIC_FEATURE_SNAPSHOT,24,0
zerofest-synthetic-2026,1,B02,B02-M01,B,2026-05-20T18:30:00,18,1110,0,209,0,2,drink,4000,243,159,1,13,22,5,0,0,0,0,22.9,0.0,0.585,main_stage,0,43,43,0,111,0,0,31,Kaggle French Bakery Daily Sales,SYNTHETIC_FEATURE_SNAPSHOT,28,0
zerofest-synthetic-2026,1,B02,B02-M01,B,2026-05-20T19:00:00,19,1140,0,179,0,2,drink,4000,243,116,5,43,13,14,0,0,0,0,22.1,0.03,0.576,main_stage,1,17,17,0,205,32,0,31,Kaggle French Bakery Daily Sales,SYNTHETIC_FEATURE_SNAPSHOT,50,0
zerofest-synthetic-2026,1,B02,B02-M01,B,2026-05-20T19:30:00,19,1170,0,149,0,2,drink,4000,243,99,5,17,43,7,0,0,0,0,22.4,0.0,0.563,main_stage,1,29,29,0,103,0,0,31,Kaggle French Bakery Daily Sales,SYNTHETIC_FEATURE_SNAPSHOT,28,0
zerofest-synthetic-2026,1,B02,B02-M01,B,2026-05-20T20:00:00,20,1200,0,119,0,2,drink,4000,243,70,6,29,17,12,0,0,0,0,20.9,0.0,0.357,after_stage,0,13,13,0,162,27,0,31,Kaggle French Bakery Daily Sales,SYNTHETIC_FEATURE_SNAPSHOT,33,1
zerofest-synthetic-2026,1,B02,B02-M01,B,2026-05-20T20:30:00,20,1230,0,89,0,2,drink,4000,243,57,4,13,29,7,0,0,0,0,22.4,0.0,0.355,after_stage,0,7,7,0,245,40,0,31,Kaggle French Bakery Daily Sales,SYNTHETIC_FEATURE_SNAPSHOT,20,1
zerofest-synthetic-2026,1,B02,B02-M01,B,2026-05-20T21:00:00,21,1260,0,59,0,2,drink,4000,243,50,1,7,13,4,0,0,0,0,20.9,0.01,0.238,normal,0,10,10,0,150,34,0,31,Kaggle French Bakery Daily Sales,SYNTHETIC_FEATURE_SNAPSHOT,20,0
zerofest-synthetic-2026,1,B02,B02-M01,B,2026-05-20T21:30:00,21,1290,0,29,0,2,drink,4000,243,40,2,10,7,6,0,0,0,0,19.7,0.02,0.223,normal,0,9,9,0,134,33,0,31,Kaggle French Bakery Daily Sales,SYNTHETIC_FEATURE_SNAPSHOT,11,1
zerofest-synthetic-2026,2,B02,B02-M01,B,2026-05-21T16:00:00,16,960,0,359,0,3,drink,4000,243,243,0,0,0,0,0,0,1,30,21.7,0.56,0.238,normal,0,12,12,0,608,125,0,0,Kaggle French Bakery Daily Sales,SYNTHETIC_FEATURE_SNAPSHOT,1,1
zerofest-synthetic-2026,2,B02,B02-M01,B,2026-05-21T16:30:00,16,990,0,329,0,3,drink,4000,243,231,3,12,0,5,0,0,1,30,21.1,0.66,0.205,normal,0,5,5,0,1386,186,0,0,Kaggle French Bakery Daily Sales,SYNTHETIC_FEATURE_SNAPSHOT,22,2
zerofest-synthetic-2026,2,B02,B02-M01,B,2026-05-21T17:00:00,17,1020,0,299,0,3,drink,4000,243,226,3,5,12,3,0,0,1,30,20.2,0.45,0.4,pre_stage,0,14,14,0,485,111,0,0,Kaggle French Bakery Daily Sales,SYNTHETIC_FEATURE_SNAPSHOT,18,1
zerofest-synthetic-2026,2,B02,B02-M01,B,2026-05-21T17:30:00,17,1050,0,269,0,3,drink,4000,243,212,2,14,5,8,0,0,1,30,21.4,0.47,0.442,pre_stage,0,32,32,0,199,0,0,0,Kaggle French Bakery Daily Sales,SYNTHETIC_FEATURE_SNAPSHOT,22,0
zerofest-synthetic-2026,2,B02,B02-M01,B,2026-05-21T18:00:00,18,1080,0,239,0,3,drink,4000,243,180,5,32,14,15,0,0,1,30,21.9,0.79,0.623,main_stage,0,32,32,0,169,0,0,0,Kaggle French Bakery Daily Sales,SYNTHETIC_FEATURE_SNAPSHOT,30,1
zerofest-synthetic-2026,2,B02,B02-M01,B,2026-05-21T18:30:00,18,1110,0,209,0,3,drink,4000,243,148,9,32,32,14,30,0,1,30,20.3,0.52,0.544,main_stage,0,41,41,0,109,0,0,0,Kaggle French Bakery Daily Sales,SYNTHETIC_FEATURE_SNAPSHOT,52,2
zerofest-synthetic-2026,2,B02,B02-M01,B,2026-05-21T19:00:00,19,1140,0,179,0,3,drink,4000,243,107,1,41,32,16,30,30,1,30,19.6,0.51,0.499,main_stage,1,42,42,0,77,0,0,0,Kaggle French Bakery Daily Sales,SYNTHETIC_FEATURE_SNAPSHOT,53,0
zerofest-synthetic-2026,2,B02,B02-M01,B,2026-05-21T19:30:00,19,1170,0,149,0,3,drink,4000,243,65,6,42,41,20,30,60,1,30,19.8,0.56,0.524,main_stage,1,33,33,0,60,0,0,0,Kaggle French Bakery Daily Sales,SYNTHETIC_FEATURE_SNAPSHOT,49,1
zerofest-synthetic-2026,2,B02,B02-M01,B,2026-05-21T20:00:00,20,1200,0,119,0,3,drink,4000,243,32,6,33,42,15,0,0,1,30,20.2,0.47,0.298,after_stage,0,6,6,0,160,12,0,0,Kaggle French Bakery Daily Sales,SYNTHETIC_FEATURE_SNAPSHOT,43,1
zerofest-synthetic-2026,2,B02,B02-M01,B,2026-05-21T20:30:00,20,1230,0,89,0,3,drink,4000,243,26,1,6,33,4,0,0,1,30,19.2,0.43,0.381,after_stage,0,11,11,0,71,0,0,0,Kaggle French Bakery Daily Sales,SYNTHETIC_FEATURE_SNAPSHOT,10,1
zerofest-synthetic-2026,2,B02,B02-M01,B,2026-05-21T21:00:00,21,1260,0,59,0,3,drink,4000,243,15,0,11,6,7,0,0,1,30,18.0,0.63,0.209,normal,0,15,15,0,30,0,0,0,Kaggle French Bakery Daily Sales,SYNTHETIC_FEATURE_SNAPSHOT,12,1
zerofest-synthetic-2026,2,B02,B02-M01,B,2026-05-21T21:30:00,21,1290,0,29,0,3,drink,4000,243,0,5,15,11,7,30,0,1,30,18.6,0.36,0.247,normal,0,0,29,1,0,0,1,0,Kaggle French Bakery Daily Sales,SYNTHETIC_FEATURE_SNAPSHOT,12,0
zerofest-synthetic-2026,3,B02,B02-M01,B,2026-05-22T16:00:00,16,960,0,359,0,4,drink,4000,243,243,0,0,0,0,0,0,1,20,19.7,0.01,0.208,normal,0,7,7,0,1042,174,0,52,Kaggle French Bakery Daily Sales,SYNTHETIC_FEATURE_SNAPSHOT,2,1
zerofest-synthetic-2026,3,B02,B02-M01,B,2026-05-22T16:30:00,16,990,0,329,0,4,drink,4000,243,236,0,7,0,6,0,0,1,20,20.0,0.01,0.279,normal,0,11,11,0,644,137,0,52,Kaggle French Bakery Daily Sales,SYNTHETIC_FEATURE_SNAPSHOT,25,0
zerofest-synthetic-2026,3,B02,B02-M01,B,2026-05-22T17:00:00,17,1020,0,299,0,4,drink,4000,243,225,2,11,7,6,0,0,1,20,20.0,0.09,0.42,pre_stage,0,5,5,0,1350,184,0,52,Kaggle French Bakery Daily Sales,SYNTHETIC_FEATURE_SNAPSHOT,16,0
zerofest-synthetic-2026,3,B02,B02-M01,B,2026-05-22T17:30:00,17,1050,0,269,0,4,drink,4000,243,220,2,5,11,4,0,0,1,20,19.8,0.0,0.401,pre_stage,0,15,15,0,440,109,0,52,Kaggle French Bakery Daily Sales,SYNTHETIC_FEATURE_SNAPSHOT,27,1
zerofest-synthetic-2026,3,B02,B02-M01,B,2026-05-22T18:00:00,18,1080,0,239,0,4,drink,4000,243,205,3,15,5,9,20,0,1,20,18.9,0.01,0.649,main_stage,0,25,25,0,246,41,0,52,Kaggle French Bakery Daily Sales,SYNTHETIC_FEATURE_SNAPSHOT,32,2
zerofest-synthetic-2026,3,B02,B02-M01,B,2026-05-22T18:30:00,18,1110,0,209,0,4,drink,4000,243,180,5,25,15,10,20,30,1,20,18.8,0.0,0.593,main_stage,0,20,20,0,270,65,0,52,Kaggle French Bakery Daily Sales,SYNTHETIC_FEATURE_SNAPSHOT,31,2
zerofest-synthetic-2026,3,B02,B02-M01,B,2026-05-22T19:00:00,19,1140,0,179,0,4,drink,4000,243,160,5,20,25,10,0,0,1,20,17.9,0.0,0.674,main_stage,1,23,23,0,209,47,0,52,Kaggle French Bakery Daily Sales,SYNTHETIC_FEATURE_SNAPSHOT,46,0
zerofest-synthetic-2026,3,B02,B02-M01,B,2026-05-22T19:30:00,19,1170,0,149,0,4,drink,4000,243,137,3,23,20,8,0,0,1,20,17.6,0.04,0.604,main_stage,1,19,19,0,217,59,0,52,Kaggle French Bakery Daily Sales,SYNTHETIC_FEATURE_SNAPSHOT,28,0
zerofest-synthetic-2026,3,B02,B02-M01,B,2026-05-22T20:00:00,20,1200,0,119,0,4,drink,4000,243,118,0,19,23,6,20,0,1,20,18.8,0.0,0.35,after_stage,0,19,19,0,187,56,0,52,Kaggle French Bakery Daily Sales,SYNTHETIC_FEATURE_SNAPSHOT,31,0
zerofest-synthetic-2026,3,B02,B02-M01,B,2026-05-22T20:30:00,20,1230,0,89,0,4,drink,4000,243,99,0,19,19,9,0,0,1,20,17.4,0.0,0.402,after_stage,0,13,13,0,229,67,0,52,Kaggle French Bakery Daily Sales,SYNTHETIC_FEATURE_SNAPSHOT,18,0
zerofest-synthetic-2026,3,B02,B02-M01,B,2026-05-22T21:00:00,21,1260,0,59,0,4,drink,4000,243,86,1,13,19,4,20,0,1,20,17.6,0.0,0.268,normal,0,18,18,0,144,56,0,52,Kaggle French Bakery Daily Sales,SYNTHETIC_FEATURE_SNAPSHOT,16,0
zerofest-synthetic-2026,3,B02,B02-M01,B,2026-05-22T21:30:00,21,1290,0,29,0,4,drink,4000,243,68,1,18,13,9,0,0,1,20,17.3,0.05,0.198,normal,0,16,16,0,128,55,0,52,Kaggle French Bakery Daily Sales,SYNTHETIC_FEATURE_SNAPSHOT,14,0
zerofest-synthetic-2026,1,B02,B02-M02,B,2026-05-20T16:00:00,16,960,0,359,0,2,dessert,4000,184,182,2,2,0,1,0,0,1,10,23.2,0.02,0.266,normal,0,5,5,0,1092,133,0,88,Kaggle French Bakery Daily Sales,SYNTHETIC_FEATURE_SNAPSHOT,2,2
zerofest-synthetic-2026,1,B02,B02-M02,B,2026-05-20T16:30:00,16,990,0,329,0,2,dessert,4000,184,177,0,5,2,2,0,0,1,10,24.1,0.0,0.218,normal,0,2,2,0,2655,159,0,88,Kaggle French Bakery Daily Sales,SYNTHETIC_FEATURE_SNAPSHOT,21,0
zerofest-synthetic-2026,1,B02,B02-M02,B,2026-05-20T17:00:00,17,1020,0,299,0,2,dessert,4000,184,175,0,2,5,2,0,0,1,10,21.6,0.01,0.466,pre_stage,0,3,3,0,1750,150,0,88,Kaggle French Bakery Daily Sales,SYNTHETIC_FEATURE_SNAPSHOT,16,0
zerofest-synthetic-2026,1,B02,B02-M02,B,2026-05-20T17:30:00,17,1050,0,269,0,2,dessert,4000,184,172,0,3,2,2,0,0,1,10,23.4,0.0,0.448,pre_stage,0,9,9,0,574,106,0,88,Kaggle French Bakery Daily Sales,SYNTHETIC_FEATURE_SNAPSHOT,26,1
zerofest-synthetic-2026,1,B02,B02-M02,B,2026-05-20T18:00:00,18,1080,0,239,0,2,dessert,4000,184,163,0,9,3,5,0,0,1,10,22.2,0.0,0.584,main_stage,0,12,12,0,408,84,0,88,Kaggle French Bakery Daily Sales,SYNTHETIC_FEATURE_SNAPSHOT,24,0
zerofest-synthetic-2026,1,B02,B02-M02,B,2026-05-20T18:30:00,18,1110,0,209,0,2,dessert,4000,184,151,0,12,9,6,0,0,1,10,22.9,0.0,0.585,main_stage,0,21,21,0,216,30,0,88,Kaggle French Bakery Daily Sales,SYNTHETIC_FEATURE_SNAPSHOT,28,0
zerofest-synthetic-2026,1,B02,B02-M02,B,2026-05-20T19:00:00,19,1140,0,179,0,2,dessert,4000,184,130,0,21,12,9,10,0,1,10,22.1,0.03,0.576,main_stage,1,12,12,0,325,71,0,88,Kaggle French Bakery Daily Sales,SYNTHETIC_FEATURE_SNAPSHOT,50,0
zerofest-synthetic-2026,1,B02,B02-M02,B,2026-05-20T19:30:00,19,1170,0,149,0,2,dessert,4000,184,118,0,12,21,5,0,0,1,10,22.4,0.0,0.563,main_stage,1,6,6,0,590,93,0,88,Kaggle French Bakery Daily Sales,SYNTHETIC_FEATURE_SNAPSHOT,28,0
zerofest-synthetic-2026,1,B02,B02-M02,B,2026-05-20T20:00:00,20,1200,0,119,0,2,dessert,4000,184,112,3,6,12,3,10,0,1,10,20.9,0.0,0.357,after_stage,0,13,13,0,259,69,0,88,Kaggle French Bakery Daily Sales,SYNTHETIC_FEATURE_SNAPSHOT,33,1
zerofest-synthetic-2026,1,B02,B02-M02,B,2026-05-20T20:30:00,20,1230,0,89,0,2,dessert,4000,184,99,0,13,6,4,10,30,1,10,22.4,0.0,0.355,after_stage,0,0,0,0,9900,99,0,88,Kaggle French Bakery Daily Sales,SYNTHETIC_FEATURE_SNAPSHOT,20,1
zerofest-synthetic-2026,1,B02,B02-M02,B,2026-05-20T21:00:00,21,1260,0,59,0,2,dessert,4000,184,99,0,0,13,0,10,60,1,10,20.9,0.01,0.238,normal,0,6,6,0,495,89,0,88,Kaggle French Bakery Daily Sales,SYNTHETIC_FEATURE_SNAPSHOT,20,0
zerofest-synthetic-2026,1,B02,B02-M02,B,2026-05-20T21:30:00,21,1290,0,29,0,2,dessert,4000,184,93,2,6,0,4,10,90,1,10,19.7,0.02,0.223,normal,0,5,5,0,558,89,0,88,Kaggle French Bakery Daily Sales,SYNTHETIC_FEATURE_SNAPSHOT,11,1
zerofest-synthetic-2026,2,B02,B02-M02,B,2026-05-21T16:00:00,16,960,0,359,0,3,dessert,4000,184,184,0,0,0,0,0,0,0,0,21.7,0.56,0.238,normal,0,1,1,0,5520,174,0,52,Kaggle French Bakery Daily Sales,SYNTHETIC_FEATURE_SNAPSHOT,1,1
zerofest-synthetic-2026,2,B02,B02-M02,B,2026-05-21T16:30:00,16,990,0,329,0,3,dessert,4000,184,183,0,1,0,1,0,0,0,0,21.1,0.66,0.205,normal,0,8,8,0,687,111,0,52,Kaggle French Bakery Daily Sales,SYNTHETIC_FEATURE_SNAPSHOT,22,2
zerofest-synthetic-2026,2,B02,B02-M02,B,2026-05-21T17:00:00,17,1020,0,299,0,3,dessert,4000,184,175,0,8,1,4,0,0,0,0,20.2,0.45,0.4,pre_stage,0,2,2,0,2625,159,0,52,Kaggle French Bakery Daily Sales,SYNTHETIC_FEATURE_SNAPSHOT,18,1
zerofest-synthetic-2026,2,B02,B02-M02,B,2026-05-21T17:30:00,17,1050,0,269,0,3,dessert,4000,184,173,1,2,8,2,0,0,0,0,21.4,0.47,0.442,pre_stage,0,10,10,0,519,99,0,52,Kaggle French Bakery Daily Sales,SYNTHETIC_FEATURE_SNAPSHOT,22,0
zerofest-synthetic-2026,2,B02,B02-M02,B,2026-05-21T18:00:00,18,1080,0,239,0,3,dessert,4000,184,163,0,10,2,5,0,0,0,0,21.9,0.79,0.623,main_stage,0,17,17,0,288,51,0,52,Kaggle French Bakery Daily Sales,SYNTHETIC_FEATURE_SNAPSHOT,30,1
zerofest-synthetic-2026,2,B02,B02-M02,B,2026-05-21T18:30:00,18,1110,0,209,0,3,dessert,4000,184,146,3,17,10,8,0,0,0,0,20.3,0.52,0.544,main_stage,0,15,15,0,292,60,0,52,Kaggle French Bakery Daily Sales,SYNTHETIC_FEATURE_SNAPSHOT,52,2
zerofest-synthetic-2026,2,B02,B02-M02,B,2026-05-21T19:00:00,19,1140,0,179,0,3,dessert,4000,184,131,4,15,17,8,0,0,0,0,19.6,0.51,0.499,main_stage,1,17,17,0,232,47,0,52,Kaggle French Bakery Daily Sales,SYNTHETIC_FEATURE_SNAPSHOT,53,0
zerofest-synthetic-2026,2,B02,B02-M02,B,2026-05-21T19:30:00,19,1170,0,149,0,3,dessert,4000,184,114,4,17,15,7,0,0,0,0,19.8,0.56,0.524,main_stage,1,25,25,0,137,12,0,52,Kaggle French Bakery Daily Sales,SYNTHETIC_FEATURE_SNAPSHOT,49,1
zerofest-synthetic-2026,2,B02,B02-M02,B,2026-05-21T20:00:00,20,1200,0,119,0,3,dessert,4000,184,89,5,25,17,9,0,0,0,0,20.2,0.47,0.298,after_stage,0,11,11,0,243,53,0,52,Kaggle French Bakery Daily Sales,SYNTHETIC_FEATURE_SNAPSHOT,43,1
zerofest-synthetic-2026,2,B02,B02-M02,B,2026-05-21T20:30:00,20,1230,0,89,0,3,dessert,4000,184,78,1,11,25,5,0,0,0,0,19.2,0.43,0.381,after_stage,0,10,10,0,234,53,0,52,Kaggle French Bakery Daily Sales,SYNTHETIC_FEATURE_SNAPSHOT,10,1
zerofest-synthetic-2026,2,B02,B02-M02,B,2026-05-21T21:00:00,21,1260,0,59,0,3,dessert,4000,184,68,4,10,11,5,0,0,0,0,18.0,0.63,0.209,normal,0,6,6,0,340,58,0,52,Kaggle French Bakery Daily Sales,SYNTHETIC_FEATURE_SNAPSHOT,12,1
zerofest-synthetic-2026,2,B02,B02-M02,B,2026-05-21T21:30:00,21,1290,0,29,0,3,dessert,4000,184,62,1,6,10,5,0,0,0,0,18.6,0.36,0.247,normal,0,10,10,0,186,54,0,52,Kaggle French Bakery Daily Sales,SYNTHETIC_FEATURE_SNAPSHOT,12,0
zerofest-synthetic-2026,3,B02,B02-M02,B,2026-05-22T16:00:00,16,960,0,359,0,4,dessert,4000,184,184,0,0,0,0,0,0,0,0,19.7,0.01,0.208,normal,0,13,13,0,425,56,0,42,Kaggle French Bakery Daily Sales,SYNTHETIC_FEATURE_SNAPSHOT,2,1
zerofest-synthetic-2026,3,B02,B02-M02,B,2026-05-22T16:30:00,16,990,0,329,0,4,dessert,4000,184,171,0,13,0,5,0,0,0,0,20.0,0.01,0.279,normal,0,4,4,0,1283,135,0,42,Kaggle French Bakery Daily Sales,SYNTHETIC_FEATURE_SNAPSHOT,25,0
zerofest-synthetic-2026,3,B02,B02-M02,B,2026-05-22T17:00:00,17,1020,0,299,0,4,dessert,4000,184,167,0,4,13,3,0,0,0,0,20.0,0.09,0.42,pre_stage,0,8,8,0,627,101,0,42,Kaggle French Bakery Daily Sales,SYNTHETIC_FEATURE_SNAPSHOT,16,0
zerofest-synthetic-2026,3,B02,B02-M02,B,2026-05-22T17:30:00,17,1050,0,269,0,4,dessert,4000,184,159,0,8,4,5,0,0,0,0,19.8,0.0,0.401,pre_stage,0,35,35,0,137,0,0,42,Kaggle French Bakery Daily Sales,SYNTHETIC_FEATURE_SNAPSHOT,27,1
zerofest-synthetic-2026,3,B02,B02-M02,B,2026-05-22T18:00:00,18,1080,0,239,0,4,dessert,4000,184,124,10,35,8,12,0,0,0,0,18.9,0.01,0.649,main_stage,0,12,12,0,310,45,0,42,Kaggle French Bakery Daily Sales,SYNTHETIC_FEATURE_SNAPSHOT,32,2
zerofest-synthetic-2026,3,B02,B02-M02,B,2026-05-22T18:30:00,18,1110,0,209,0,4,dessert,4000,184,112,0,12,35,5,0,0,0,0,18.8,0.0,0.593,main_stage,0,24,24,0,140,0,0,42,Kaggle French Bakery Daily Sales,SYNTHETIC_FEATURE_SNAPSHOT,31,2
zerofest-synthetic-2026,3,B02,B02-M02,B,2026-05-22T19:00:00,19,1140,0,179,0,4,dessert,4000,184,88,0,24,12,9,0,0,0,0,17.9,0.0,0.674,main_stage,1,13,13,0,204,24,0,42,Kaggle French Bakery Daily Sales,SYNTHETIC_FEATURE_SNAPSHOT,46,0
zerofest-synthetic-2026,3,B02,B02-M02,B,2026-05-22T19:30:00,19,1170,0,149,0,4,dessert,4000,184,75,4,13,24,5,0,0,0,0,17.6,0.04,0.604,main_stage,1,5,5,0,450,55,0,42,Kaggle French Bakery Daily Sales,SYNTHETIC_FEATURE_SNAPSHOT,28,0
zerofest-synthetic-2026,3,B02,B02-M02,B,2026-05-22T20:00:00,20,1200,0,119,0,4,dessert,4000,184,70,0,5,13,3,0,0,0,0,18.8,0.0,0.35,after_stage,0,4,4,0,525,57,0,42,Kaggle French Bakery Daily Sales,SYNTHETIC_FEATURE_SNAPSHOT,31,0
zerofest-synthetic-2026,3,B02,B02-M02,B,2026-05-22T20:30:00,20,1230,0,89,0,4,dessert,4000,184,66,0,4,5,2,0,0,0,0,17.4,0.0,0.402,after_stage,0,16,16,0,124,27,0,42,Kaggle French Bakery Daily Sales,SYNTHETIC_FEATURE_SNAPSHOT,18,0
zerofest-synthetic-2026,3,B02,B02-M02,B,2026-05-22T21:00:00,21,1260,0,59,0,4,dessert,4000,184,50,1,16,4,7,0,0,0,0,17.6,0.0,0.268,normal,0,4,4,0,375,43,0,42,Kaggle French Bakery Daily Sales,SYNTHETIC_FEATURE_SNAPSHOT,16,0
zerofest-synthetic-2026,3,B02,B02-M02,B,2026-05-22T21:30:00,21,1290,0,29,0,4,dessert,4000,184,46,0,4,16,2,0,0,0,0,17.3,0.05,0.198,normal,0,4,4,0,345,43,0,42,Kaggle French Bakery Daily Sales,SYNTHETIC_FEATURE_SNAPSHOT,14,0
zerofest-synthetic-2026,1,B02,B02-M03,B,2026-05-20T16:00:00,16,960,0,359,0,2,food,5000,156,156,0,0,0,0,0,0,0,0,23.2,0.02,0.266,normal,0,7,7,0,669,87,0,0,Kaggle French Bakery Daily Sales,SYNTHETIC_FEATURE_SNAPSHOT,2,2
zerofest-synthetic-2026,1,B02,B02-M03,B,2026-05-20T16:30:00,16,990,0,329,0,2,food,5000,156,149,0,7,0,5,0,0,0,0,24.1,0.0,0.218,normal,0,7,7,0,639,86,0,0,Kaggle French Bakery Daily Sales,SYNTHETIC_FEATURE_SNAPSHOT,21,0
zerofest-synthetic-2026,1,B02,B02-M03,B,2026-05-20T17:00:00,17,1020,0,299,0,2,food,5000,156,142,1,7,7,5,0,0,0,0,21.6,0.01,0.466,pre_stage,0,11,11,0,388,52,0,0,Kaggle French Bakery Daily Sales,SYNTHETIC_FEATURE_SNAPSHOT,16,0
zerofest-synthetic-2026,1,B02,B02-M03,B,2026-05-20T17:30:00,17,1050,0,269,0,2,food,5000,156,131,1,11,7,5,0,0,0,0,23.4,0.0,0.448,pre_stage,0,3,3,0,1310,109,0,0,Kaggle French Bakery Daily Sales,SYNTHETIC_FEATURE_SNAPSHOT,26,1
zerofest-synthetic-2026,1,B02,B02-M03,B,2026-05-20T18:00:00,18,1080,0,239,0,2,food,5000,156,128,0,3,11,3,0,0,0,0,22.2,0.0,0.584,main_stage,0,27,27,0,143,0,0,0,Kaggle French Bakery Daily Sales,SYNTHETIC_FEATURE_SNAPSHOT,24,0
zerofest-synthetic-2026,1,B02,B02-M03,B,2026-05-20T18:30:00,18,1110,0,209,0,2,food,5000,156,101,2,27,3,9,0,0,0,0,22.9,0.0,0.585,main_stage,0,28,28,0,109,0,0,0,Kaggle French Bakery Daily Sales,SYNTHETIC_FEATURE_SNAPSHOT,28,0
zerofest-synthetic-2026,1,B02,B02-M03,B,2026-05-20T19:00:00,19,1140,0,179,0,2,food,5000,156,73,6,28,27,12,0,0,0,0,22.1,0.03,0.576,main_stage,1,30,30,0,73,0,0,0,Kaggle French Bakery Daily Sales,SYNTHETIC_FEATURE_SNAPSHOT,50,0
zerofest-synthetic-2026,1,B02,B02-M03,B,2026-05-20T19:30:00,19,1170,0,149,0,2,food,5000,156,43,3,30,28,11,0,0,0,0,22.4,0.0,0.563,main_stage,1,15,15,0,86,0,0,0,Kaggle French Bakery Daily Sales,SYNTHETIC_FEATURE_SNAPSHOT,28,0
zerofest-synthetic-2026,1,B02,B02-M03,B,2026-05-20T20:00:00,20,1200,0,119,0,2,food,5000,156,28,0,15,30,6,0,0,0,0,20.9,0.0,0.357,after_stage,0,13,13,0,65,0,0,0,Kaggle French Bakery Daily Sales,SYNTHETIC_FEATURE_SNAPSHOT,33,1
zerofest-synthetic-2026,1,B02,B02-M03,B,2026-05-20T20:30:00,20,1230,0,89,0,2,food,5000,156,15,3,13,15,6,0,0,0,0,22.4,0.0,0.355,after_stage,0,15,24,1,30,0,0,0,Kaggle French Bakery Daily Sales,SYNTHETIC_FEATURE_SNAPSHOT,20,1
zerofest-synthetic-2026,1,B02,B02-M03,B,2026-05-20T21:00:00,21,1260,0,59,0,2,food,5000,156,0,4,15,13,6,0,0,0,0,20.9,0.01,0.238,normal,0,0,7,1,0,0,1,0,Kaggle French Bakery Daily Sales,SYNTHETIC_FEATURE_SNAPSHOT,20,0
zerofest-synthetic-2026,1,B02,B02-M03,B,2026-05-20T21:30:00,21,1290,0,29,0,2,food,5000,156,0,0,0,15,0,0,0,0,0,19.7,0.02,0.223,normal,0,0,10,1,0,0,1,0,Kaggle French Bakery Daily Sales,SYNTHETIC_FEATURE_SNAPSHOT,11,1
zerofest-synthetic-2026,2,B02,B02-M03,B,2026-05-21T16:00:00,16,960,0,359,0,3,food,5000,156,153,3,3,0,1,0,0,0,0,21.7,0.56,0.238,normal,0,9,9,0,510,64,0,0,Kaggle French Bakery Daily Sales,SYNTHETIC_FEATURE_SNAPSHOT,1,1
zerofest-synthetic-2026,2,B02,B02-M03,B,2026-05-21T16:30:00,16,990,0,329,0,3,food,5000,156,144,3,9,3,6,0,0,0,0,21.1,0.66,0.205,normal,0,5,5,0,864,99,0,0,Kaggle French Bakery Daily Sales,SYNTHETIC_FEATURE_SNAPSHOT,22,2
zerofest-synthetic-2026,2,B02,B02-M03,B,2026-05-21T17:00:00,17,1020,0,299,0,3,food,5000,156,139,1,5,9,3,0,0,0,0,20.2,0.45,0.4,pre_stage,0,14,14,0,298,24,0,0,Kaggle French Bakery Daily Sales,SYNTHETIC_FEATURE_SNAPSHOT,18,1
zerofest-synthetic-2026,2,B02,B02-M03,B,2026-05-21T17:30:00,17,1050,0,269,0,3,food,5000,156,125,0,14,5,5,0,0,0,0,21.4,0.47,0.442,pre_stage,0,10,10,0,375,51,0,0,Kaggle French Bakery Daily Sales,SYNTHETIC_FEATURE_SNAPSHOT,22,0
zerofest-synthetic-2026,2,B02,B02-M03,B,2026-05-21T18:00:00,18,1080,0,239,0,3,food,5000,156,115,0,10,14,5,0,0,0,0,21.9,0.79,0.623,main_stage,0,35,35,0,99,0,0,0,Kaggle French Bakery Daily Sales,SYNTHETIC_FEATURE_SNAPSHOT,30,1
zerofest-synthetic-2026,2,B02,B02-M03,B,2026-05-21T18:30:00,18,1110,0,209,0,3,food,5000,156,80,8,35,10,15,0,0,0,0,20.3,0.52,0.544,main_stage,0,19,19,0,127,0,0,0,Kaggle French Bakery Daily Sales,SYNTHETIC_FEATURE_SNAPSHOT,52,2
zerofest-synthetic-2026,2,B02,B02-M03,B,2026-05-21T19:00:00,19,1140,0,179,0,3,food,5000,156,61,0,19,35,8,0,0,0,0,19.6,0.51,0.499,main_stage,1,30,30,0,61,0,0,0,Kaggle French Bakery Daily Sales,SYNTHETIC_FEATURE_SNAPSHOT,53,0
zerofest-synthetic-2026,2,B02,B02-M03,B,2026-05-21T19:30:00,19,1170,0,149,0,3,food,5000,156,31,5,30,19,11,0,0,0,0,19.8,0.56,0.524,main_stage,1,28,28,0,34,0,0,0,Kaggle French Bakery Daily Sales,SYNTHETIC_FEATURE_SNAPSHOT,49,1
zerofest-synthetic-2026,2,B02,B02-M03,B,2026-05-21T20:00:00,20,1200,0,119,0,3,food,5000,156,3,4,28,30,9,0,0,0,0,20.2,0.47,0.298,after_stage,0,3,14,1,30,0,0,0,Kaggle French Bakery Daily Sales,SYNTHETIC_FEATURE_SNAPSHOT,43,1
zerofest-synthetic-2026,2,B02,B02-M03,B,2026-05-21T20:30:00,20,1230,0,89,0,3,food,5000,156,0,0,3,28,1,0,0,0,0,19.2,0.43,0.381,after_stage,0,0,8,1,0,0,1,0,Kaggle French Bakery Daily Sales,SYNTHETIC_FEATURE_SNAPSHOT,10,1
zerofest-synthetic-2026,2,B02,B02-M03,B,2026-05-21T21:00:00,21,1260,0,59,0,3,food,5000,156,0,0,0,3,0,0,0,0,0,18.0,0.63,0.209,normal,0,0,12,1,0,0,1,0,Kaggle French Bakery Daily Sales,SYNTHETIC_FEATURE_SNAPSHOT,12,1
zerofest-synthetic-2026,2,B02,B02-M03,B,2026-05-21T21:30:00,21,1290,0,29,0,3,food,5000,156,0,0,0,0,0,0,0,0,0,18.6,0.36,0.247,normal,0,0,10,1,0,0,1,0,Kaggle French Bakery Daily Sales,SYNTHETIC_FEATURE_SNAPSHOT,12,0
zerofest-synthetic-2026,3,B02,B02-M03,B,2026-05-22T16:00:00,16,960,0,359,0,4,food,5000,156,156,0,0,0,0,0,0,1,10,19.7,0.01,0.208,normal,0,9,9,0,520,67,0,9,Kaggle French Bakery Daily Sales,SYNTHETIC_FEATURE_SNAPSHOT,2,1
zerofest-synthetic-2026,3,B02,B02-M03,B,2026-05-22T16:30:00,16,990,0,329,0,4,food,5000,156,147,1,9,0,6,0,0,1,10,20.0,0.01,0.279,normal,0,11,11,0,401,48,0,9,Kaggle French Bakery Daily Sales,SYNTHETIC_FEATURE_SNAPSHOT,25,0
zerofest-synthetic-2026,3,B02,B02-M03,B,2026-05-22T17:00:00,17,1020,0,299,0,4,food,5000,156,136,0,11,9,4,0,0,1,10,20.0,0.09,0.42,pre_stage,0,25,25,0,164,0,0,9,Kaggle French Bakery Daily Sales,SYNTHETIC_FEATURE_SNAPSHOT,16,0
zerofest-synthetic-2026,3,B02,B02-M03,B,2026-05-22T17:30:00,17,1050,0,269,0,4,food,5000,156,111,9,25,11,10,0,0,1,10,19.8,0.0,0.401,pre_stage,0,6,6,0,555,67,0,9,Kaggle French Bakery Daily Sales,SYNTHETIC_FEATURE_SNAPSHOT,27,1
zerofest-synthetic-2026,3,B02,B02-M03,B,2026-05-22T18:00:00,18,1080,0,239,0,4,food,5000,156,105,2,6,25,3,10,0,1,10,18.9,0.01,0.649,main_stage,0,19,19,0,166,0,0,9,Kaggle French Bakery Daily Sales,SYNTHETIC_FEATURE_SNAPSHOT,32,2
zerofest-synthetic-2026,3,B02,B02-M03,B,2026-05-22T18:30:00,18,1110,0,209,0,4,food,5000,156,86,3,19,6,8,0,0,1,10,18.8,0.0,0.593,main_stage,0,19,19,0,136,0,0,9,Kaggle French Bakery Daily Sales,SYNTHETIC_FEATURE_SNAPSHOT,31,2
zerofest-synthetic-2026,3,B02,B02-M03,B,2026-05-22T19:00:00,19,1140,0,179,0,4,food,5000,156,67,1,19,19,8,0,0,1,10,17.9,0.0,0.674,main_stage,1,12,12,0,168,8,0,9,Kaggle French Bakery Daily Sales,SYNTHETIC_FEATURE_SNAPSHOT,46,0
zerofest-synthetic-2026,3,B02,B02-M03,B,2026-05-22T19:30:00,19,1170,0,149,0,4,food,5000,156,55,0,12,19,5,10,0,1,10,17.6,0.04,0.604,main_stage,1,13,13,0,127,2,0,9,Kaggle French Bakery Daily Sales,SYNTHETIC_FEATURE_SNAPSHOT,28,0
zerofest-synthetic-2026,3,B02,B02-M03,B,2026-05-22T20:00:00,20,1200,0,119,0,4,food,5000,156,42,2,13,12,6,0,0,1,10,18.8,0.0,0.35,after_stage,0,13,13,0,97,0,0,9,Kaggle French Bakery Daily Sales,SYNTHETIC_FEATURE_SNAPSHOT,31,0
zerofest-synthetic-2026,3,B02,B02-M03,B,2026-05-22T20:30:00,20,1230,0,89,0,4,food,5000,156,29,3,13,13,7,10,0,1,10,17.4,0.0,0.402,after_stage,0,12,12,0,73,0,0,9,Kaggle French Bakery Daily Sales,SYNTHETIC_FEATURE_SNAPSHOT,18,0
zerofest-synthetic-2026,3,B02,B02-M03,B,2026-05-22T21:00:00,21,1260,0,59,0,4,food,5000,156,17,3,12,13,5,0,0,1,10,17.6,0.0,0.268,normal,0,4,4,0,128,10,0,9,Kaggle French Bakery Daily Sales,SYNTHETIC_FEATURE_SNAPSHOT,16,0
zerofest-synthetic-2026,3,B02,B02-M03,B,2026-05-22T21:30:00,21,1290,0,29,0,4,food,5000,156,13,0,4,12,3,10,0,1,10,17.3,0.05,0.198,normal,0,4,4,0,98,10,0,9,Kaggle French Bakery Daily Sales,SYNTHETIC_FEATURE_SNAPSHOT,14,0
zerofest-synthetic-2026,1,B02,B02-M04,B,2026-05-20T16:00:00,16,960,0,359,0,2,drink,4000,189,187,2,2,0,1,0,0,0,0,23.2,0.02,0.266,normal,0,12,12,0,468,69,0,0,Kaggle French Bakery Daily Sales,SYNTHETIC_FEATURE_SNAPSHOT,2,2
zerofest-synthetic-2026,1,B02,B02-M04,B,2026-05-20T16:30:00,16,990,0,329,0,2,drink,4000,189,175,0,12,2,6,0,0,0,0,24.1,0.0,0.218,normal,0,16,16,0,329,31,0,0,Kaggle French Bakery Daily Sales,SYNTHETIC_FEATURE_SNAPSHOT,21,0
zerofest-synthetic-2026,1,B02,B02-M04,B,2026-05-20T17:00:00,17,1020,0,299,0,2,drink,4000,189,159,4,16,12,6,0,0,0,0,21.6,0.01,0.466,pre_stage,0,23,23,0,208,0,0,0,Kaggle French Bakery Daily Sales,SYNTHETIC_FEATURE_SNAPSHOT,16,0
zerofest-synthetic-2026,1,B02,B02-M04,B,2026-05-20T17:30:00,17,1050,0,269,0,2,drink,4000,189,136,4,23,16,10,0,0,0,0,23.4,0.0,0.448,pre_stage,0,9,9,0,454,70,0,0,Kaggle French Bakery Daily Sales,SYNTHETIC_FEATURE_SNAPSHOT,26,1
zerofest-synthetic-2026,1,B02,B02-M04,B,2026-05-20T18:00:00,18,1080,0,239,0,2,drink,4000,189,127,1,9,23,5,0,0,0,0,22.2,0.0,0.584,main_stage,0,16,16,0,239,22,0,0,Kaggle French Bakery Daily Sales,SYNTHETIC_FEATURE_SNAPSHOT,24,0
zerofest-synthetic-2026,1,B02,B02-M04,B,2026-05-20T18:30:00,18,1110,0,209,0,2,drink,4000,189,111,1,16,9,8,0,0,0,0,22.9,0.0,0.585,main_stage,0,35,35,0,96,0,0,0,Kaggle French Bakery Daily Sales,SYNTHETIC_FEATURE_SNAPSHOT,28,0
zerofest-synthetic-2026,1,B02,B02-M04,B,2026-05-20T19:00:00,19,1140,0,179,0,2,drink,4000,189,76,6,35,16,15,0,0,0,0,22.1,0.03,0.576,main_stage,1,17,17,0,135,0,0,0,Kaggle French Bakery Daily Sales,SYNTHETIC_FEATURE_SNAPSHOT,50,0
zerofest-synthetic-2026,1,B02,B02-M04,B,2026-05-20T19:30:00,19,1170,0,149,0,2,drink,4000,189,59,0,17,35,5,0,0,0,0,22.4,0.0,0.563,main_stage,1,30,30,0,59,0,0,0,Kaggle French Bakery Daily Sales,SYNTHETIC_FEATURE_SNAPSHOT,28,0
zerofest-synthetic-2026,1,B02,B02-M04,B,2026-05-20T20:00:00,20,1200,0,119,0,2,drink,4000,189,29,2,30,17,12,0,0,0,0,20.9,0.0,0.357,after_stage,0,7,7,0,125,6,0,0,Kaggle French Bakery Daily Sales,SYNTHETIC_FEATURE_SNAPSHOT,33,1
zerofest-synthetic-2026,1,B02,B02-M04,B,2026-05-20T20:30:00,20,1230,0,89,0,2,drink,4000,189,22,0,7,30,3,0,0,0,0,22.4,0.0,0.355,after_stage,0,21,21,0,32,0,0,0,Kaggle French Bakery Daily Sales,SYNTHETIC_FEATURE_SNAPSHOT,20,1
zerofest-synthetic-2026,1,B02,B02-M04,B,2026-05-20T21:00:00,21,1260,0,59,0,2,drink,4000,189,1,2,21,7,10,0,0,0,0,20.9,0.01,0.238,normal,0,1,10,1,30,0,0,0,Kaggle French Bakery Daily Sales,SYNTHETIC_FEATURE_SNAPSHOT,20,0
zerofest-synthetic-2026,1,B02,B02-M04,B,2026-05-20T21:30:00,21,1290,0,29,0,2,drink,4000,189,0,0,1,21,1,0,0,0,0,19.7,0.02,0.223,normal,0,0,6,1,0,0,1,0,Kaggle French Bakery Daily Sales,SYNTHETIC_FEATURE_SNAPSHOT,11,1
zerofest-synthetic-2026,2,B02,B02-M04,B,2026-05-21T16:00:00,16,960,0,359,0,3,drink,4000,189,189,0,0,0,0,0,0,0,0,21.7,0.56,0.238,normal,0,18,18,0,315,12,0,0,Kaggle French Bakery Daily Sales,SYNTHETIC_FEATURE_SNAPSHOT,1,1
zerofest-synthetic-2026,2,B02,B02-M04,B,2026-05-21T16:30:00,16,990,0,329,0,3,drink,4000,189,171,2,18,0,10,0,0,0,0,21.1,0.66,0.205,normal,0,10,10,0,513,81,0,0,Kaggle French Bakery Daily Sales,SYNTHETIC_FEATURE_SNAPSHOT,22,2
zerofest-synthetic-2026,2,B02,B02-M04,B,2026-05-21T17:00:00,17,1020,0,299,0,3,drink,4000,189,161,0,10,18,8,0,0,0,0,20.2,0.45,0.4,pre_stage,0,11,11,0,440,71,0,0,Kaggle French Bakery Daily Sales,SYNTHETIC_FEATURE_SNAPSHOT,18,1
zerofest-synthetic-2026,2,B02,B02-M04,B,2026-05-21T17:30:00,17,1050,0,269,0,3,drink,4000,189,150,0,11,10,7,0,0,0,0,21.4,0.47,0.442,pre_stage,0,8,8,0,563,91,0,0,Kaggle French Bakery Daily Sales,SYNTHETIC_FEATURE_SNAPSHOT,22,0
zerofest-synthetic-2026,2,B02,B02-M04,B,2026-05-21T18:00:00,18,1080,0,239,0,3,drink,4000,189,142,0,8,11,5,0,0,0,0,21.9,0.79,0.623,main_stage,0,37,37,0,116,0,0,0,Kaggle French Bakery Daily Sales,SYNTHETIC_FEATURE_SNAPSHOT,30,1
zerofest-synthetic-2026,2,B02,B02-M04,B,2026-05-21T18:30:00,18,1110,0,209,0,3,drink,4000,189,105,12,37,8,15,0,0,0,0,20.3,0.52,0.544,main_stage,0,49,49,0,65,0,0,0,Kaggle French Bakery Daily Sales,SYNTHETIC_FEATURE_SNAPSHOT,52,2
zerofest-synthetic-2026,2,B02,B02-M04,B,2026-05-21T19:00:00,19,1140,0,179,0,3,drink,4000,189,56,2,49,37,21,0,0,0,0,19.6,0.51,0.499,main_stage,1,30,30,0,56,0,0,0,Kaggle French Bakery Daily Sales,SYNTHETIC_FEATURE_SNAPSHOT,53,0
zerofest-synthetic-2026,2,B02,B02-M04,B,2026-05-21T19:30:00,19,1170,0,149,0,3,drink,4000,189,26,12,30,49,11,0,0,0,0,19.8,0.56,0.524,main_stage,1,25,25,0,32,0,0,0,Kaggle French Bakery Daily Sales,SYNTHETIC_FEATURE_SNAPSHOT,49,1
zerofest-synthetic-2026,2,B02,B02-M04,B,2026-05-21T20:00:00,20,1200,0,119,0,3,drink,4000,189,1,5,25,30,10,0,0,0,0,20.2,0.47,0.298,after_stage,0,1,15,1,30,0,0,0,Kaggle French Bakery Daily Sales,SYNTHETIC_FEATURE_SNAPSHOT,43,1
zerofest-synthetic-2026,2,B02,B02-M04,B,2026-05-21T20:30:00,20,1230,0,89,0,3,drink,4000,189,0,0,1,25,0,0,0,0,0,19.2,0.43,0.381,after_stage,0,0,9,1,0,0,1,0,Kaggle French Bakery Daily Sales,SYNTHETIC_FEATURE_SNAPSHOT,10,1
zerofest-synthetic-2026,2,B02,B02-M04,B,2026-05-21T21:00:00,21,1260,0,59,0,3,drink,4000,189,0,0,0,1,0,0,0,0,0,18.0,0.63,0.209,normal,0,0,30,1,0,0,1,0,Kaggle French Bakery Daily Sales,SYNTHETIC_FEATURE_SNAPSHOT,12,1
zerofest-synthetic-2026,2,B02,B02-M04,B,2026-05-21T21:30:00,21,1290,0,29,0,3,drink,4000,189,0,0,0,0,0,0,0,0,0,18.6,0.36,0.247,normal,0,0,23,1,0,0,1,0,Kaggle French Bakery Daily Sales,SYNTHETIC_FEATURE_SNAPSHOT,12,0
zerofest-synthetic-2026,3,B02,B02-M04,B,2026-05-22T16:00:00,16,960,0,359,0,4,drink,4000,189,185,4,4,0,2,0,0,1,30,19.7,0.01,0.208,normal,0,17,17,0,327,18,0,0,Kaggle French Bakery Daily Sales,SYNTHETIC_FEATURE_SNAPSHOT,2,1
zerofest-synthetic-2026,3,B02,B02-M04,B,2026-05-22T16:30:00,16,990,0,329,0,4,drink,4000,189,168,6,17,4,8,0,0,1,30,20.0,0.01,0.279,normal,0,6,6,0,840,114,0,0,Kaggle French Bakery Daily Sales,SYNTHETIC_FEATURE_SNAPSHOT,25,0
zerofest-synthetic-2026,3,B02,B02-M04,B,2026-05-22T17:00:00,17,1020,0,299,0,4,drink,4000,189,162,0,6,17,3,0,0,1,30,20.0,0.09,0.42,pre_stage,0,19,19,0,256,6,0,0,Kaggle French Bakery Daily Sales,SYNTHETIC_FEATURE_SNAPSHOT,16,0
zerofest-synthetic-2026,3,B02,B02-M04,B,2026-05-22T17:30:00,17,1050,0,269,0,4,drink,4000,189,143,4,19,6,8,0,0,1,30,19.8,0.0,0.401,pre_stage,0,20,20,0,215,0,0,0,Kaggle French Bakery Daily Sales,SYNTHETIC_FEATURE_SNAPSHOT,27,1
zerofest-synthetic-2026,3,B02,B02-M04,B,2026-05-22T18:00:00,18,1080,0,239,0,4,drink,4000,189,123,7,20,19,8,0,0,1,30,18.9,0.01,0.649,main_stage,0,15,15,0,246,25,0,0,Kaggle French Bakery Daily Sales,SYNTHETIC_FEATURE_SNAPSHOT,32,2
zerofest-synthetic-2026,3,B02,B02-M04,B,2026-05-22T18:30:00,18,1110,0,209,0,4,drink,4000,189,108,5,15,20,8,30,0,1,30,18.8,0.0,0.593,main_stage,0,45,45,0,72,0,0,0,Kaggle French Bakery Daily Sales,SYNTHETIC_FEATURE_SNAPSHOT,31,2
zerofest-synthetic-2026,3,B02,B02-M04,B,2026-05-22T19:00:00,19,1140,0,179,0,4,drink,4000,189,63,10,45,15,19,0,0,1,30,17.9,0.0,0.674,main_stage,1,23,23,0,83,0,0,0,Kaggle French Bakery Daily Sales,SYNTHETIC_FEATURE_SNAPSHOT,46,0
zerofest-synthetic-2026,3,B02,B02-M04,B,2026-05-22T19:30:00,19,1170,0,149,0,4,drink,4000,189,40,0,23,45,10,30,0,1,30,17.6,0.04,0.604,main_stage,1,40,42,1,30,0,0,0,Kaggle French Bakery Daily Sales,SYNTHETIC_FEATURE_SNAPSHOT,28,0
zerofest-synthetic-2026,3,B02,B02-M04,B,2026-05-22T20:00:00,20,1200,0,119,0,4,drink,4000,189,0,0,40,23,16,0,0,1,30,18.8,0.0,0.35,after_stage,0,0,11,1,0,0,1,0,Kaggle French Bakery Daily Sales,SYNTHETIC_FEATURE_SNAPSHOT,31,0
zerofest-synthetic-2026,3,B02,B02-M04,B,2026-05-22T20:30:00,20,1230,0,89,0,4,drink,4000,189,0,0,0,40,0,30,0,1,30,17.4,0.0,0.402,after_stage,0,0,13,1,0,0,1,0,Kaggle French Bakery Daily Sales,SYNTHETIC_FEATURE_SNAPSHOT,18,0
zerofest-synthetic-2026,3,B02,B02-M04,B,2026-05-22T21:00:00,21,1260,0,59,0,4,drink,4000,189,0,0,0,0,0,30,30,1,30,17.6,0.0,0.268,normal,0,0,11,1,0,0,1,0,Kaggle French Bakery Daily Sales,SYNTHETIC_FEATURE_SNAPSHOT,16,0
zerofest-synthetic-2026,3,B02,B02-M04,B,2026-05-22T21:30:00,21,1290,0,29,0,4,drink,4000,189,0,0,0,0,0,30,60,1,30,17.3,0.05,0.198,normal,0,0,11,1,0,0,1,0,Kaggle French Bakery Daily Sales,SYNTHETIC_FEATURE_SNAPSHOT,14,0
zerofest-synthetic-2026,1,B03,B03-M01,C,2026-05-20T16:00:00,16,960,0,359,0,2,dessert,3000,130,130,0,0,0,0,0,0,1,10,23.2,0.02,0.266,normal,0,8,8,0,488,51,0,22,Kaggle French Bakery Daily Sales,SYNTHETIC_FEATURE_SNAPSHOT,0,0
zerofest-synthetic-2026,1,B03,B03-M01,C,2026-05-20T16:30:00,16,990,0,329,0,2,dessert,3000,130,122,4,8,0,4,0,0,1,10,24.1,0.0,0.218,normal,0,8,8,0,458,50,0,22,Kaggle French Bakery Daily Sales,SYNTHETIC_FEATURE_SNAPSHOT,15,0
zerofest-synthetic-2026,1,B03,B03-M01,C,2026-05-20T17:00:00,17,1020,0,299,0,2,dessert,3000,130,114,0,8,8,4,0,0,1,10,21.6,0.01,0.466,pre_stage,0,16,16,0,214,0,0,22,Kaggle French Bakery Daily Sales,SYNTHETIC_FEATURE_SNAPSHOT,15,1
zerofest-synthetic-2026,1,B03,B03-M01,C,2026-05-20T17:30:00,17,1050,0,269,0,2,dessert,3000,130,98,6,16,8,8,0,0,1,10,23.4,0.0,0.448,pre_stage,0,16,16,0,184,0,0,22,Kaggle French Bakery Daily Sales,SYNTHETIC_FEATURE_SNAPSHOT,34,1
zerofest-synthetic-2026,1,B03,B03-M01,C,2026-05-20T18:00:00,18,1080,0,239,0,2,dessert,3000,130,82,2,16,16,7,0,0,1,10,22.2,0.0,0.584,main_stage,0,9,9,0,274,23,0,22,Kaggle French Bakery Daily Sales,SYNTHETIC_FEATURE_SNAPSHOT,20,1
zerofest-synthetic-2026,1,B03,B03-M01,C,2026-05-20T18:30:00,18,1110,0,209,0,2,dessert,3000,130,73,0,9,16,2,0,0,1,10,22.9,0.0,0.585,main_stage,0,20,20,0,110,0,0,22,Kaggle French Bakery Daily Sales,SYNTHETIC_FEATURE_SNAPSHOT,24,1
zerofest-synthetic-2026,1,B03,B03-M01,C,2026-05-20T19:00:00,19,1140,0,179,0,2,dessert,3000,130,53,3,20,9,8,0,0,1,10,22.1,0.03,0.576,main_stage,1,6,6,0,265,23,0,22,Kaggle French Bakery Daily Sales,SYNTHETIC_FEATURE_SNAPSHOT,29,0
zerofest-synthetic-2026,1,B03,B03-M01,C,2026-05-20T19:30:00,19,1170,0,149,0,2,dessert,3000,130,47,2,6,20,3,0,0,1,10,22.4,0.0,0.563,main_stage,1,9,9,0,157,10,0,22,Kaggle French Bakery Daily Sales,SYNTHETIC_FEATURE_SNAPSHOT,16,2
zerofest-synthetic-2026,1,B03,B03-M01,C,2026-05-20T20:00:00,20,1200,0,119,0,2,dessert,3000,130,38,1,9,6,6,0,0,1,10,20.9,0.0,0.357,after_stage,0,8,8,0,143,12,0,22,Kaggle French Bakery Daily Sales,SYNTHETIC_FEATURE_SNAPSHOT,24,0
zerofest-synthetic-2026,1,B03,B03-M01,C,2026-05-20T20:30:00,20,1230,0,89,0,2,dessert,3000,130,30,7,8,9,3,0,0,1,10,22.4,0.0,0.355,after_stage,0,1,1,0,900,28,0,22,Kaggle French Bakery Daily Sales,SYNTHETIC_FEATURE_SNAPSHOT,11,2
zerofest-synthetic-2026,1,B03,B03-M01,C,2026-05-20T21:00:00,21,1260,0,59,0,2,dessert,3000,130,29,0,1,8,1,10,0,1,10,20.9,0.01,0.238,normal,0,3,3,0,290,24,0,22,Kaggle French Bakery Daily Sales,SYNTHETIC_FEATURE_SNAPSHOT,12,0
zerofest-synthetic-2026,1,B03,B03-M01,C,2026-05-20T21:30:00,21,1290,0,29,0,2,dessert,3000,130,26,0,3,1,2,0,0,1,10,19.7,0.02,0.223,normal,0,4,4,0,195,23,0,22,Kaggle French Bakery Daily Sales,SYNTHETIC_FEATURE_SNAPSHOT,14,0
zerofest-synthetic-2026,2,B03,B03-M01,C,2026-05-21T16:00:00,16,960,0,359,0,3,dessert,3000,130,130,0,0,0,0,0,0,1,20,21.7,0.56,0.238,normal,0,7,7,0,558,61,0,0,Kaggle French Bakery Daily Sales,SYNTHETIC_FEATURE_SNAPSHOT,1,1
zerofest-synthetic-2026,2,B03,B03-M01,C,2026-05-21T16:30:00,16,990,0,329,0,3,dessert,3000,130,123,0,7,0,3,0,0,1,20,21.1,0.66,0.205,normal,0,4,4,0,923,87,0,0,Kaggle French Bakery Daily Sales,SYNTHETIC_FEATURE_SNAPSHOT,14,0
zerofest-synthetic-2026,2,B03,B03-M01,C,2026-05-21T17:00:00,17,1020,0,299,0,3,dessert,3000,130,119,0,4,7,2,0,0,1,20,20.2,0.45,0.4,pre_stage,0,19,19,0,188,0,0,0,Kaggle French Bakery Daily Sales,SYNTHETIC_FEATURE_SNAPSHOT,14,0
zerofest-synthetic-2026,2,B03,B03-M01,C,2026-05-21T17:30:00,17,1050,0,269,0,3,dessert,3000,130,100,3,19,4,9,0,0,1,20,21.4,0.47,0.442,pre_stage,0,16,16,0,188,0,0,0,Kaggle French Bakery Daily Sales,SYNTHETIC_FEATURE_SNAPSHOT,31,0
zerofest-synthetic-2026,2,B03,B03-M01,C,2026-05-21T18:00:00,18,1080,0,239,0,3,dessert,3000,130,84,2,16,19,7,0,0,1,20,21.9,0.79,0.623,main_stage,0,5,5,0,504,51,0,0,Kaggle French Bakery Daily Sales,SYNTHETIC_FEATURE_SNAPSHOT,21,0
zerofest-synthetic-2026,2,B03,B03-M01,C,2026-05-21T18:30:00,18,1110,0,209,0,3,dessert,3000,130,79,2,5,16,3,20,0,1,20,20.3,0.52,0.544,main_stage,0,31,31,0,77,0,0,0,Kaggle French Bakery Daily Sales,SYNTHETIC_FEATURE_SNAPSHOT,26,1
zerofest-synthetic-2026,2,B03,B03-M01,C,2026-05-21T19:00:00,19,1140,0,179,0,3,dessert,3000,130,48,0,31,5,11,0,0,1,20,19.6,0.51,0.499,main_stage,1,18,18,0,80,0,0,0,Kaggle French Bakery Daily Sales,SYNTHETIC_FEATURE_SNAPSHOT,28,0
zerofest-synthetic-2026,2,B03,B03-M01,C,2026-05-21T19:30:00,19,1170,0,149,0,3,dessert,3000,130,30,6,18,31,7,0,0,1,20,19.8,0.56,0.524,main_stage,1,9,9,0,100,0,0,0,Kaggle French Bakery Daily Sales,SYNTHETIC_FEATURE_SNAPSHOT,21,1
zerofest-synthetic-2026,2,B03,B03-M01,C,2026-05-21T20:00:00,20,1200,0,119,0,3,dessert,3000,130,21,0,9,18,3,0,0,1,20,20.2,0.47,0.298,after_stage,0,6,6,0,105,1,0,0,Kaggle French Bakery Daily Sales,SYNTHETIC_FEATURE_SNAPSHOT,19,1
zerofest-synthetic-2026,2,B03,B03-M01,C,2026-05-21T20:30:00,20,1230,0,89,0,3,dessert,3000,130,15,0,6,9,3,0,0,1,20,19.2,0.43,0.381,after_stage,0,4,4,0,113,5,0,0,Kaggle French Bakery Daily Sales,SYNTHETIC_FEATURE_SNAPSHOT,15,1
zerofest-synthetic-2026,2,B03,B03-M01,C,2026-05-21T21:00:00,21,1260,0,59,0,3,dessert,3000,130,11,0,4,6,4,0,0,1,20,18.0,0.63,0.209,normal,0,10,10,0,33,0,0,0,Kaggle French Bakery Daily Sales,SYNTHETIC_FEATURE_SNAPSHOT,18,0
zerofest-synthetic-2026,2,B03,B03-M01,C,2026-05-21T21:30:00,21,1290,0,29,0,3,dessert,3000,130,1,3,10,4,5,0,0,1,20,18.6,0.36,0.247,normal,0,1,4,1,30,0,0,0,Kaggle French Bakery Daily Sales,SYNTHETIC_FEATURE_SNAPSHOT,11,2
zerofest-synthetic-2026,3,B03,B03-M01,C,2026-05-22T16:00:00,16,960,0,359,0,4,dessert,3000,130,130,0,0,0,0,0,0,0,0,19.7,0.01,0.208,normal,0,10,10,0,390,32,0,39,Kaggle French Bakery Daily Sales,SYNTHETIC_FEATURE_SNAPSHOT,1,1
zerofest-synthetic-2026,3,B03,B03-M01,C,2026-05-22T16:30:00,16,990,0,329,0,4,dessert,3000,130,120,0,10,0,5,0,0,0,0,20.0,0.01,0.279,normal,0,2,2,0,1800,102,0,39,Kaggle French Bakery Daily Sales,SYNTHETIC_FEATURE_SNAPSHOT,14,0
zerofest-synthetic-2026,3,B03,B03-M01,C,2026-05-22T17:00:00,17,1020,0,299,0,4,dessert,3000,130,118,1,2,10,2,0,0,0,0,20.0,0.09,0.42,pre_stage,0,6,6,0,590,69,0,39,Kaggle French Bakery Daily Sales,SYNTHETIC_FEATURE_SNAPSHOT,12,1
zerofest-synthetic-2026,3,B03,B03-M01,C,2026-05-22T17:30:00,17,1050,0,269,0,4,dessert,3000,130,112,0,6,2,2,0,0,0,0,19.8,0.0,0.401,pre_stage,0,1,1,0,3360,105,0,39,Kaggle French Bakery Daily Sales,SYNTHETIC_FEATURE_SNAPSHOT,24,2
zerofest-synthetic-2026,3,B03,B03-M01,C,2026-05-22T18:00:00,18,1080,0,239,0,4,dessert,3000,130,111,0,1,6,1,0,0,0,0,18.9,0.01,0.649,main_stage,0,19,19,0,176,0,0,39,Kaggle French Bakery Daily Sales,SYNTHETIC_FEATURE_SNAPSHOT,17,1
zerofest-synthetic-2026,3,B03,B03-M01,C,2026-05-22T18:30:00,18,1110,0,209,0,4,dessert,3000,130,92,0,19,1,9,0,0,0,0,18.8,0.0,0.593,main_stage,0,16,16,0,173,0,0,39,Kaggle French Bakery Daily Sales,SYNTHETIC_FEATURE_SNAPSHOT,25,1
zerofest-synthetic-2026,3,B03,B03-M01,C,2026-05-22T19:00:00,19,1140,0,179,0,4,dessert,3000,130,76,5,16,19,4,0,0,0,0,17.9,0.0,0.674,main_stage,1,2,2,0,1140,66,0,39,Kaggle French Bakery Daily Sales,SYNTHETIC_FEATURE_SNAPSHOT,13,0
zerofest-synthetic-2026,3,B03,B03-M01,C,2026-05-22T19:30:00,19,1170,0,149,0,4,dessert,3000,130,74,0,2,16,1,0,0,0,0,17.6,0.04,0.604,main_stage,1,11,11,0,202,29,0,39,Kaggle French Bakery Daily Sales,SYNTHETIC_FEATURE_SNAPSHOT,12,0
zerofest-synthetic-2026,3,B03,B03-M01,C,2026-05-22T20:00:00,20,1200,0,119,0,4,dessert,3000,130,63,0,11,2,6,0,0,0,0,18.8,0.0,0.35,after_stage,0,5,5,0,378,47,0,39,Kaggle French Bakery Daily Sales,SYNTHETIC_FEATURE_SNAPSHOT,19,0
zerofest-synthetic-2026,3,B03,B03-M01,C,2026-05-22T20:30:00,20,1230,0,89,0,4,dessert,3000,130,58,4,5,11,2,0,0,0,0,17.4,0.0,0.402,after_stage,0,9,9,0,194,36,0,39,Kaggle French Bakery Daily Sales,SYNTHETIC_FEATURE_SNAPSHOT,17,1
zerofest-synthetic-2026,3,B03,B03-M01,C,2026-05-22T21:00:00,21,1260,0,59,0,4,dessert,3000,130,49,4,9,5,4,0,0,0,0,17.6,0.0,0.268,normal,0,5,5,0,294,41,0,39,Kaggle French Bakery Daily Sales,SYNTHETIC_FEATURE_SNAPSHOT,15,0
zerofest-synthetic-2026,3,B03,B03-M01,C,2026-05-22T21:30:00,21,1290,0,29,0,4,dessert,3000,130,44,0,5,9,2,0,0,0,0,17.3,0.05,0.198,normal,0,5,5,0,264,40,0,39,Kaggle French Bakery Daily Sales,SYNTHETIC_FEATURE_SNAPSHOT,7,0
zerofest-synthetic-2026,1,B03,B03-M02,C,2026-05-20T16:00:00,16,960,0,359,0,2,food,4500,180,180,0,0,0,0,0,0,1,20,23.2,0.02,0.266,normal,0,13,13,0,416,52,0,0,Kaggle French Bakery Daily Sales,SYNTHETIC_FEATURE_SNAPSHOT,0,0
zerofest-synthetic-2026,1,B03,B03-M02,C,2026-05-20T16:30:00,16,990,0,329,0,2,food,4500,180,167,0,13,0,5,0,0,1,20,24.1,0.0,0.218,normal,0,4,4,0,1253,131,0,0,Kaggle French Bakery Daily Sales,SYNTHETIC_FEATURE_SNAPSHOT,15,0
zerofest-synthetic-2026,1,B03,B03-M02,C,2026-05-20T17:00:00,17,1020,0,299,0,2,food,4500,180,163,2,4,13,3,0,0,1,20,21.6,0.01,0.466,pre_stage,0,18,18,0,272,15,0,0,Kaggle French Bakery Daily Sales,SYNTHETIC_FEATURE_SNAPSHOT,15,1
zerofest-synthetic-2026,1,B03,B03-M02,C,2026-05-20T17:30:00,17,1050,0,269,0,2,food,4500,180,145,1,18,4,10,0,0,1,20,23.4,0.0,0.448,pre_stage,0,8,8,0,544,86,0,0,Kaggle French Bakery Daily Sales,SYNTHETIC_FEATURE_SNAPSHOT,34,1
zerofest-synthetic-2026,1,B03,B03-M02,C,2026-05-20T18:00:00,18,1080,0,239,0,2,food,4500,180,137,4,8,18,5,20,0,1,20,22.2,0.0,0.584,main_stage,0,20,20,0,206,6,0,0,Kaggle French Bakery Daily Sales,SYNTHETIC_FEATURE_SNAPSHOT,20,1
zerofest-synthetic-2026,1,B03,B03-M02,C,2026-05-20T18:30:00,18,1110,0,209,0,2,food,4500,180,117,4,20,8,10,20,30,1,20,22.9,0.0,0.585,main_stage,0,20,20,0,176,2,0,0,Kaggle French Bakery Daily Sales,SYNTHETIC_FEATURE_SNAPSHOT,24,1
zerofest-synthetic-2026,1,B03,B03-M02,C,2026-05-20T19:00:00,19,1140,0,179,0,2,food,4500,180,97,11,20,20,5,0,0,1,20,22.1,0.03,0.576,main_stage,1,21,21,0,139,0,0,0,Kaggle French Bakery Daily Sales,SYNTHETIC_FEATURE_SNAPSHOT,29,0
zerofest-synthetic-2026,1,B03,B03-M02,C,2026-05-20T19:30:00,19,1170,0,149,0,2,food,4500,180,76,9,21,20,9,20,0,1,20,22.4,0.0,0.563,main_stage,1,22,22,0,104,0,0,0,Kaggle French Bakery Daily Sales,SYNTHETIC_FEATURE_SNAPSHOT,16,2
zerofest-synthetic-2026,1,B03,B03-M02,C,2026-05-20T20:00:00,20,1200,0,119,0,2,food,4500,180,54,6,22,21,8,0,0,1,20,20.9,0.0,0.357,after_stage,0,5,5,0,324,38,0,0,Kaggle French Bakery Daily Sales,SYNTHETIC_FEATURE_SNAPSHOT,24,0
zerofest-synthetic-2026,1,B03,B03-M02,C,2026-05-20T20:30:00,20,1230,0,89,0,2,food,4500,180,49,3,5,22,2,20,0,1,20,22.4,0.0,0.355,after_stage,0,20,20,0,74,0,0,0,Kaggle French Bakery Daily Sales,SYNTHETIC_FEATURE_SNAPSHOT,11,2
zerofest-synthetic-2026,1,B03,B03-M02,C,2026-05-20T21:00:00,21,1260,0,59,0,2,food,4500,180,29,6,20,5,8,20,30,1,20,20.9,0.01,0.238,normal,0,16,16,0,55,3,0,0,Kaggle French Bakery Daily Sales,SYNTHETIC_FEATURE_SNAPSHOT,12,0
zerofest-synthetic-2026,1,B03,B03-M02,C,2026-05-20T21:30:00,21,1290,0,29,0,2,food,4500,180,13,5,16,20,5,0,0,1,20,19.7,0.02,0.223,normal,0,13,14,1,30,2,0,0,Kaggle French Bakery Daily Sales,SYNTHETIC_FEATURE_SNAPSHOT,14,0
zerofest-synthetic-2026,2,B03,B03-M02,C,2026-05-21T16:00:00,16,960,0,359,0,3,food,4500,180,180,0,0,0,0,0,0,1,30,21.7,0.56,0.238,normal,0,5,5,0,1080,131,0,59,Kaggle French Bakery Daily Sales,SYNTHETIC_FEATURE_SNAPSHOT,1,1
zerofest-synthetic-2026,2,B03,B03-M02,C,2026-05-21T16:30:00,16,990,0,329,0,3,food,4500,180,175,1,5,0,2,0,0,1,30,21.1,0.66,0.205,normal,0,9,9,0,584,94,0,59,Kaggle French Bakery Daily Sales,SYNTHETIC_FEATURE_SNAPSHOT,14,0
zerofest-synthetic-2026,2,B03,B03-M02,C,2026-05-21T17:00:00,17,1020,0,299,0,3,food,4500,180,166,1,9,5,5,0,0,1,30,20.2,0.45,0.4,pre_stage,0,30,30,0,166,0,0,59,Kaggle French Bakery Daily Sales,SYNTHETIC_FEATURE_SNAPSHOT,14,0
zerofest-synthetic-2026,2,B03,B03-M02,C,2026-05-21T17:30:00,17,1050,0,269,0,3,food,4500,180,136,1,30,9,13,0,0,1,30,21.4,0.47,0.442,pre_stage,0,7,7,0,583,84,0,59,Kaggle French Bakery Daily Sales,SYNTHETIC_FEATURE_SNAPSHOT,31,0
zerofest-synthetic-2026,2,B03,B03-M02,C,2026-05-21T18:00:00,18,1080,0,239,0,3,food,4500,180,129,4,7,30,3,0,0,1,30,21.9,0.79,0.623,main_stage,0,15,15,0,258,31,0,59,Kaggle French Bakery Daily Sales,SYNTHETIC_FEATURE_SNAPSHOT,21,0
zerofest-synthetic-2026,2,B03,B03-M02,C,2026-05-21T18:30:00,18,1110,0,209,0,3,food,4500,180,114,7,15,7,4,0,0,1,30,20.3,0.52,0.544,main_stage,0,13,13,0,264,39,0,59,Kaggle French Bakery Daily Sales,SYNTHETIC_FEATURE_SNAPSHOT,26,1
zerofest-synthetic-2026,2,B03,B03-M02,C,2026-05-21T19:00:00,19,1140,0,179,0,3,food,4500,180,101,0,13,15,5,0,0,1,30,19.6,0.51,0.499,main_stage,1,3,3,0,1010,86,0,59,Kaggle French Bakery Daily Sales,SYNTHETIC_FEATURE_SNAPSHOT,28,0
zerofest-synthetic-2026,2,B03,B03-M02,C,2026-05-21T19:30:00,19,1170,0,149,0,3,food,4500,180,98,2,3,13,2,30,0,1,30,19.8,0.56,0.524,main_stage,1,16,16,0,184,32,0,59,Kaggle French Bakery Daily Sales,SYNTHETIC_FEATURE_SNAPSHOT,21,1
zerofest-synthetic-2026,2,B03,B03-M02,C,2026-05-21T20:00:00,20,1200,0,119,0,3,food,4500,180,82,5,16,3,6,0,0,1,30,20.2,0.47,0.298,after_stage,0,9,9,0,274,52,0,59,Kaggle French Bakery Daily Sales,SYNTHETIC_FEATURE_SNAPSHOT,19,1
zerofest-synthetic-2026,2,B03,B03-M02,C,2026-05-21T20:30:00,20,1230,0,89,0,3,food,4500,180,73,3,9,16,4,0,0,1,30,19.2,0.43,0.381,after_stage,0,5,5,0,438,61,0,59,Kaggle French Bakery Daily Sales,SYNTHETIC_FEATURE_SNAPSHOT,15,1
zerofest-synthetic-2026,2,B03,B03-M02,C,2026-05-21T21:00:00,21,1260,0,59,0,3,food,4500,180,68,1,5,9,3,0,0,1,30,18.0,0.63,0.209,normal,0,1,1,0,2040,66,0,59,Kaggle French Bakery Daily Sales,SYNTHETIC_FEATURE_SNAPSHOT,18,0
zerofest-synthetic-2026,2,B03,B03-M02,C,2026-05-21T21:30:00,21,1290,0,29,0,3,food,4500,180,67,0,1,5,1,30,0,1,30,18.6,0.36,0.247,normal,0,8,8,0,252,60,0,59,Kaggle French Bakery Daily Sales,SYNTHETIC_FEATURE_SNAPSHOT,11,2
zerofest-synthetic-2026,3,B03,B03-M02,C,2026-05-22T16:00:00,16,960,0,359,0,4,food,4500,180,180,0,0,0,0,0,0,0,0,19.7,0.01,0.208,normal,0,2,2,0,2700,160,0,63,Kaggle French Bakery Daily Sales,SYNTHETIC_FEATURE_SNAPSHOT,1,1
zerofest-synthetic-2026,3,B03,B03-M02,C,2026-05-22T16:30:00,16,990,0,329,0,4,food,4500,180,178,0,2,0,1,0,0,0,0,20.0,0.01,0.279,normal,0,0,0,0,17800,178,0,63,Kaggle French Bakery Daily Sales,SYNTHETIC_FEATURE_SNAPSHOT,14,0
zerofest-synthetic-2026,3,B03,B03-M02,C,2026-05-22T17:00:00,17,1020,0,299,0,4,food,4500,180,178,0,0,2,0,0,0,0,0,20.0,0.09,0.42,pre_stage,0,27,27,0,198,0,0,63,Kaggle French Bakery Daily Sales,SYNTHETIC_FEATURE_SNAPSHOT,12,1
zerofest-synthetic-2026,3,B03,B03-M02,C,2026-05-22T17:30:00,17,1050,0,269,0,4,food,4500,180,151,2,27,0,11,0,0,0,0,19.8,0.0,0.401,pre_stage,0,12,12,0,378,62,0,63,Kaggle French Bakery Daily Sales,SYNTHETIC_FEATURE_SNAPSHOT,24,2
zerofest-synthetic-2026,3,B03,B03-M02,C,2026-05-22T18:00:00,18,1080,0,239,0,4,food,4500,180,139,3,12,27,5,0,0,0,0,18.9,0.01,0.649,main_stage,0,6,6,0,695,100,0,63,Kaggle French Bakery Daily Sales,SYNTHETIC_FEATURE_SNAPSHOT,17,1
zerofest-synthetic-2026,3,B03,B03-M02,C,2026-05-22T18:30:00,18,1110,0,209,0,4,food,4500,180,133,1,6,12,3,0,0,0,0,18.8,0.0,0.593,main_stage,0,8,8,0,499,87,0,63,Kaggle French Bakery Daily Sales,SYNTHETIC_FEATURE_SNAPSHOT,25,1
zerofest-synthetic-2026,3,B03,B03-M02,C,2026-05-22T19:00:00,19,1140,0,179,0,4,food,4500,180,125,3,8,6,3,0,0,0,0,17.9,0.0,0.674,main_stage,1,11,11,0,341,71,0,63,Kaggle French Bakery Daily Sales,SYNTHETIC_FEATURE_SNAPSHOT,13,0
zerofest-synthetic-2026,3,B03,B03-M02,C,2026-05-22T19:30:00,19,1170,0,149,0,4,food,4500,180,114,0,11,8,4,0,0,0,0,17.6,0.04,0.604,main_stage,1,12,12,0,285,65,0,63,Kaggle French Bakery Daily Sales,SYNTHETIC_FEATURE_SNAPSHOT,12,0
zerofest-synthetic-2026,3,B03,B03-M02,C,2026-05-22T20:00:00,20,1200,0,119,0,4,food,4500,180,102,2,12,11,6,0,0,0,0,18.8,0.0,0.35,after_stage,0,20,20,0,153,36,0,63,Kaggle French Bakery Daily Sales,SYNTHETIC_FEATURE_SNAPSHOT,19,0
zerofest-synthetic-2026,3,B03,B03-M02,C,2026-05-22T20:30:00,20,1230,0,89,0,4,food,4500,180,82,8,20,12,10,0,0,0,0,17.4,0.0,0.402,after_stage,0,12,12,0,205,52,0,63,Kaggle French Bakery Daily Sales,SYNTHETIC_FEATURE_SNAPSHOT,17,1
zerofest-synthetic-2026,3,B03,B03-M02,C,2026-05-22T21:00:00,21,1260,0,59,0,4,food,4500,180,70,2,12,20,5,0,0,0,0,17.6,0.0,0.268,normal,0,1,1,0,2100,68,0,63,Kaggle French Bakery Daily Sales,SYNTHETIC_FEATURE_SNAPSHOT,15,0
zerofest-synthetic-2026,3,B03,B03-M02,C,2026-05-22T21:30:00,21,1290,0,29,0,4,food,4500,180,69,0,1,12,1,0,0,0,0,17.3,0.05,0.198,normal,0,6,6,0,345,64,0,63,Kaggle French Bakery Daily Sales,SYNTHETIC_FEATURE_SNAPSHOT,7,0
zerofest-synthetic-2026,1,B03,B03-M03,C,2026-05-20T16:00:00,16,960,0,359,0,2,drink,3000,141,141,0,0,0,0,0,0,1,10,23.2,0.02,0.266,normal,0,7,7,0,605,72,0,18,Kaggle French Bakery Daily Sales,SYNTHETIC_FEATURE_SNAPSHOT,0,0
zerofest-synthetic-2026,1,B03,B03-M03,C,2026-05-20T16:30:00,16,990,0,329,0,2,drink,3000,141,134,6,7,0,2,0,0,1,10,24.1,0.0,0.218,normal,0,12,12,0,335,26,0,18,Kaggle French Bakery Daily Sales,SYNTHETIC_FEATURE_SNAPSHOT,15,0
zerofest-synthetic-2026,1,B03,B03-M03,C,2026-05-20T17:00:00,17,1020,0,299,0,2,drink,3000,141,122,4,12,7,6,0,0,1,10,21.6,0.01,0.466,pre_stage,0,18,18,0,204,0,0,18,Kaggle French Bakery Daily Sales,SYNTHETIC_FEATURE_SNAPSHOT,15,1
zerofest-synthetic-2026,1,B03,B03-M03,C,2026-05-20T17:30:00,17,1050,0,269,0,2,drink,3000,141,104,1,18,12,9,0,0,1,10,23.4,0.0,0.448,pre_stage,0,12,12,0,260,15,0,18,Kaggle French Bakery Daily Sales,SYNTHETIC_FEATURE_SNAPSHOT,34,1
zerofest-synthetic-2026,1,B03,B03-M03,C,2026-05-20T18:00:00,18,1080,0,239,0,2,drink,3000,141,92,0,12,18,5,10,0,1,10,22.2,0.0,0.584,main_stage,0,18,18,0,154,0,0,18,Kaggle French Bakery Daily Sales,SYNTHETIC_FEATURE_SNAPSHOT,20,1
zerofest-synthetic-2026,1,B03,B03-M03,C,2026-05-20T18:30:00,18,1110,0,209,0,2,drink,3000,141,74,5,18,12,8,10,30,1,10,22.9,0.0,0.585,main_stage,0,20,20,0,111,0,0,18,Kaggle French Bakery Daily Sales,SYNTHETIC_FEATURE_SNAPSHOT,24,1
zerofest-synthetic-2026,1,B03,B03-M03,C,2026-05-20T19:00:00,19,1140,0,179,0,2,drink,3000,141,54,1,20,18,8,10,60,1,10,22.1,0.03,0.576,main_stage,1,2,2,0,810,44,0,18,Kaggle French Bakery Daily Sales,SYNTHETIC_FEATURE_SNAPSHOT,29,0
zerofest-synthetic-2026,1,B03,B03-M03,C,2026-05-20T19:30:00,19,1170,0,149,0,2,drink,3000,141,52,0,2,20,1,10,90,1,10,22.4,0.0,0.563,main_stage,1,8,8,0,195,19,0,18,Kaggle French Bakery Daily Sales,SYNTHETIC_FEATURE_SNAPSHOT,16,2
zerofest-synthetic-2026,1,B03,B03-M03,C,2026-05-20T20:00:00,20,1200,0,119,0,2,drink,3000,141,44,6,8,2,3,10,120,1,10,20.9,0.0,0.357,after_stage,0,4,4,0,330,31,0,18,Kaggle French Bakery Daily Sales,SYNTHETIC_FEATURE_SNAPSHOT,24,0
zerofest-synthetic-2026,1,B03,B03-M03,C,2026-05-20T20:30:00,20,1230,0,89,0,2,drink,3000,141,40,0,4,8,1,0,0,1,10,22.4,0.0,0.355,after_stage,0,2,2,0,600,35,0,18,Kaggle French Bakery Daily Sales,SYNTHETIC_FEATURE_SNAPSHOT,11,2
zerofest-synthetic-2026,1,B03,B03-M03,C,2026-05-20T21:00:00,21,1260,0,59,0,2,drink,3000,141,38,0,2,4,2,10,0,1,10,20.9,0.01,0.238,normal,0,13,13,0,88,17,0,18,Kaggle French Bakery Daily Sales,SYNTHETIC_FEATURE_SNAPSHOT,12,0
zerofest-synthetic-2026,1,B03,B03-M03,C,2026-05-20T21:30:00,21,1290,0,29,0,2,drink,3000,141,25,2,13,2,5,10,30,1,10,19.7,0.02,0.223,normal,0,7,7,0,108,19,0,18,Kaggle French Bakery Daily Sales,SYNTHETIC_FEATURE_SNAPSHOT,14,0
zerofest-synthetic-2026,2,B03,B03-M03,C,2026-05-21T16:00:00,16,960,0,359,0,3,drink,3000,141,141,0,0,0,0,0,0,1,10,21.7,0.56,0.238,normal,0,17,17,0,249,0,0,0,Kaggle French Bakery Daily Sales,SYNTHETIC_FEATURE_SNAPSHOT,1,1
zerofest-synthetic-2026,2,B03,B03-M03,C,2026-05-21T16:30:00,16,990,0,329,0,3,drink,3000,141,124,1,17,0,7,0,0,1,10,21.1,0.66,0.205,normal,0,6,6,0,620,70,0,0,Kaggle French Bakery Daily Sales,SYNTHETIC_FEATURE_SNAPSHOT,14,0
zerofest-synthetic-2026,2,B03,B03-M03,C,2026-05-21T17:00:00,17,1020,0,299,0,3,drink,3000,141,118,3,6,17,4,0,0,1,10,20.2,0.45,0.4,pre_stage,0,14,14,0,253,3,0,0,Kaggle French Bakery Daily Sales,SYNTHETIC_FEATURE_SNAPSHOT,14,0
zerofest-synthetic-2026,2,B03,B03-M03,C,2026-05-21T17:30:00,17,1050,0,269,0,3,drink,3000,141,104,6,14,6,6,0,0,1,10,21.4,0.47,0.442,pre_stage,0,8,8,0,390,45,0,0,Kaggle French Bakery Daily Sales,SYNTHETIC_FEATURE_SNAPSHOT,31,0
zerofest-synthetic-2026,2,B03,B03-M03,C,2026-05-21T18:00:00,18,1080,0,239,0,3,drink,3000,141,96,1,8,14,6,10,0,1,10,21.9,0.79,0.623,main_stage,0,19,19,0,152,0,0,0,Kaggle French Bakery Daily Sales,SYNTHETIC_FEATURE_SNAPSHOT,21,0
zerofest-synthetic-2026,2,B03,B03-M03,C,2026-05-21T18:30:00,18,1110,0,209,0,3,drink,3000,141,77,3,19,8,8,10,30,1,10,20.3,0.52,0.544,main_stage,0,16,16,0,145,0,0,0,Kaggle French Bakery Daily Sales,SYNTHETIC_FEATURE_SNAPSHOT,26,1
zerofest-synthetic-2026,2,B03,B03-M03,C,2026-05-21T19:00:00,19,1140,0,179,0,3,drink,3000,141,61,5,16,19,6,0,0,1,10,19.6,0.51,0.499,main_stage,1,19,19,0,97,0,0,0,Kaggle French Bakery Daily Sales,SYNTHETIC_FEATURE_SNAPSHOT,28,0
zerofest-synthetic-2026,2,B03,B03-M03,C,2026-05-21T19:30:00,19,1170,0,149,0,3,drink,3000,141,42,0,19,16,6,10,0,1,10,19.8,0.56,0.524,main_stage,1,14,14,0,90,0,0,0,Kaggle French Bakery Daily Sales,SYNTHETIC_FEATURE_SNAPSHOT,21,1
zerofest-synthetic-2026,2,B03,B03-M03,C,2026-05-21T20:00:00,20,1200,0,119,0,3,drink,3000,141,28,1,14,19,7,10,30,1,10,20.2,0.47,0.298,after_stage,0,13,13,0,65,0,0,0,Kaggle French Bakery Daily Sales,SYNTHETIC_FEATURE_SNAPSHOT,19,1
zerofest-synthetic-2026,2,B03,B03-M03,C,2026-05-21T20:30:00,20,1230,0,89,0,3,drink,3000,141,15,4,13,14,4,10,60,1,10,19.2,0.43,0.381,after_stage,0,11,11,0,41,0,0,0,Kaggle French Bakery Daily Sales,SYNTHETIC_FEATURE_SNAPSHOT,15,1
zerofest-synthetic-2026,2,B03,B03-M03,C,2026-05-21T21:00:00,21,1260,0,59,0,3,drink,3000,141,4,0,11,13,5,10,90,1,10,18.0,0.63,0.209,normal,0,4,9,1,30,0,0,0,Kaggle French Bakery Daily Sales,SYNTHETIC_FEATURE_SNAPSHOT,18,0
zerofest-synthetic-2026,2,B03,B03-M03,C,2026-05-21T21:30:00,21,1290,0,29,0,3,drink,3000,141,0,0,4,11,3,0,0,1,10,18.6,0.36,0.247,normal,0,0,8,1,0,0,1,0,Kaggle French Bakery Daily Sales,SYNTHETIC_FEATURE_SNAPSHOT,11,2
zerofest-synthetic-2026,3,B03,B03-M03,C,2026-05-22T16:00:00,16,960,0,359,0,4,drink,3000,141,139,2,2,0,1,0,0,0,0,19.7,0.01,0.208,normal,0,5,5,0,834,90,0,32,Kaggle French Bakery Daily Sales,SYNTHETIC_FEATURE_SNAPSHOT,1,1
zerofest-synthetic-2026,3,B03,B03-M03,C,2026-05-22T16:30:00,16,990,0,329,0,4,drink,3000,141,134,0,5,2,4,0,0,0,0,20.0,0.01,0.279,normal,0,6,6,0,670,80,0,32,Kaggle French Bakery Daily Sales,SYNTHETIC_FEATURE_SNAPSHOT,14,0
zerofest-synthetic-2026,3,B03,B03-M03,C,2026-05-22T17:00:00,17,1020,0,299,0,4,drink,3000,141,128,0,6,5,4,0,0,0,0,20.0,0.09,0.42,pre_stage,0,17,17,0,226,0,0,32,Kaggle French Bakery Daily Sales,SYNTHETIC_FEATURE_SNAPSHOT,12,1
zerofest-synthetic-2026,3,B03,B03-M03,C,2026-05-22T17:30:00,17,1050,0,269,0,4,drink,3000,141,111,5,17,6,8,0,0,0,0,19.8,0.0,0.401,pre_stage,0,8,8,0,417,52,0,32,Kaggle French Bakery Daily Sales,SYNTHETIC_FEATURE_SNAPSHOT,24,2
zerofest-synthetic-2026,3,B03,B03-M03,C,2026-05-22T18:00:00,18,1080,0,239,0,4,drink,3000,141,103,3,8,17,6,0,0,0,0,18.9,0.01,0.649,main_stage,0,18,18,0,172,0,0,32,Kaggle French Bakery Daily Sales,SYNTHETIC_FEATURE_SNAPSHOT,17,1
zerofest-synthetic-2026,3,B03,B03-M03,C,2026-05-22T18:30:00,18,1110,0,209,0,4,drink,3000,141,85,2,18,8,8,0,0,0,0,18.8,0.0,0.593,main_stage,0,6,6,0,425,51,0,32,Kaggle French Bakery Daily Sales,SYNTHETIC_FEATURE_SNAPSHOT,25,1
zerofest-synthetic-2026,3,B03,B03-M03,C,2026-05-22T19:00:00,19,1140,0,179,0,4,drink,3000,141,79,0,6,18,4,0,0,0,0,17.9,0.0,0.674,main_stage,1,1,1,0,2370,74,0,32,Kaggle French Bakery Daily Sales,SYNTHETIC_FEATURE_SNAPSHOT,13,0
zerofest-synthetic-2026,3,B03,B03-M03,C,2026-05-22T19:30:00,19,1170,0,149,0,4,drink,3000,141,78,0,1,6,1,0,0,0,0,17.6,0.04,0.604,main_stage,1,18,18,0,130,4,0,32,Kaggle French Bakery Daily Sales,SYNTHETIC_FEATURE_SNAPSHOT,12,0
zerofest-synthetic-2026,3,B03,B03-M03,C,2026-05-22T20:00:00,20,1200,0,119,0,4,drink,3000,141,60,3,18,1,6,0,0,0,0,18.8,0.0,0.35,after_stage,0,5,5,0,360,44,0,32,Kaggle French Bakery Daily Sales,SYNTHETIC_FEATURE_SNAPSHOT,19,0
zerofest-synthetic-2026,3,B03,B03-M03,C,2026-05-22T20:30:00,20,1230,0,89,0,4,drink,3000,141,55,3,5,18,2,0,0,0,0,17.4,0.0,0.402,after_stage,0,9,9,0,184,33,0,32,Kaggle French Bakery Daily Sales,SYNTHETIC_FEATURE_SNAPSHOT,17,1
zerofest-synthetic-2026,3,B03,B03-M03,C,2026-05-22T21:00:00,21,1260,0,59,0,4,drink,3000,141,46,0,9,5,4,0,0,0,0,17.6,0.0,0.268,normal,0,8,8,0,173,33,0,32,Kaggle French Bakery Daily Sales,SYNTHETIC_FEATURE_SNAPSHOT,15,0
zerofest-synthetic-2026,3,B03,B03-M03,C,2026-05-22T21:30:00,21,1290,0,29,0,4,drink,3000,141,38,0,8,9,4,0,0,0,0,17.3,0.05,0.198,normal,0,6,6,0,190,33,0,32,Kaggle French Bakery Daily Sales,SYNTHETIC_FEATURE_SNAPSHOT,7,0
zerofest-synthetic-2026,1,B03,B03-M04,C,2026-05-20T16:00:00,16,960,0,359,0,2,dessert,3000,133,133,0,0,0,0,0,0,1,20,23.2,0.02,0.266,normal,0,6,6,0,665,74,0,20,Kaggle French Bakery Daily Sales,SYNTHETIC_FEATURE_SNAPSHOT,0,0
zerofest-synthetic-2026,1,B03,B03-M04,C,2026-05-20T16:30:00,16,990,0,329,0,2,dessert,3000,133,127,0,6,0,4,0,0,1,20,24.1,0.0,0.218,normal,0,7,7,0,545,64,0,20,Kaggle French Bakery Daily Sales,SYNTHETIC_FEATURE_SNAPSHOT,15,0
zerofest-synthetic-2026,1,B03,B03-M04,C,2026-05-20T17:00:00,17,1020,0,299,0,2,dessert,3000,133,120,4,7,6,2,0,0,1,20,21.6,0.01,0.466,pre_stage,0,13,13,0,277,13,0,20,Kaggle French Bakery Daily Sales,SYNTHETIC_FEATURE_SNAPSHOT,15,1
zerofest-synthetic-2026,1,B03,B03-M04,C,2026-05-20T17:30:00,17,1050,0,269,0,2,dessert,3000,133,107,5,13,7,7,0,0,1,20,23.4,0.0,0.448,pre_stage,0,5,5,0,642,70,0,20,Kaggle French Bakery Daily Sales,SYNTHETIC_FEATURE_SNAPSHOT,34,1
zerofest-synthetic-2026,1,B03,B03-M04,C,2026-05-20T18:00:00,18,1080,0,239,0,2,dessert,3000,133,102,4,5,13,3,0,0,1,20,22.2,0.0,0.584,main_stage,0,10,10,0,306,36,0,20,Kaggle French Bakery Daily Sales,SYNTHETIC_FEATURE_SNAPSHOT,20,1
zerofest-synthetic-2026,1,B03,B03-M04,C,2026-05-20T18:30:00,18,1110,0,209,0,2,dessert,3000,133,92,2,10,5,4,20,0,1,20,22.9,0.0,0.585,main_stage,0,22,22,0,126,0,0,20,Kaggle French Bakery Daily Sales,SYNTHETIC_FEATURE_SNAPSHOT,24,1
zerofest-synthetic-2026,1,B03,B03-M04,C,2026-05-20T19:00:00,19,1140,0,179,0,2,dessert,3000,133,70,3,22,10,8,0,0,1,20,22.1,0.03,0.576,main_stage,1,6,6,0,350,40,0,20,Kaggle French Bakery Daily Sales,SYNTHETIC_FEATURE_SNAPSHOT,29,0
zerofest-synthetic-2026,1,B03,B03-M04,C,2026-05-20T19:30:00,19,1170,0,149,0,2,dessert,3000,133,64,0,6,22,3,20,0,1,20,22.4,0.0,0.563,main_stage,1,18,18,0,107,0,0,20,Kaggle French Bakery Daily Sales,SYNTHETIC_FEATURE_SNAPSHOT,16,2
zerofest-synthetic-2026,1,B03,B03-M04,C,2026-05-20T20:00:00,20,1200,0,119,0,2,dessert,3000,133,46,4,18,6,7,20,30,1,20,20.9,0.0,0.357,after_stage,0,15,15,0,92,0,0,20,Kaggle French Bakery Daily Sales,SYNTHETIC_FEATURE_SNAPSHOT,24,0
zerofest-synthetic-2026,1,B03,B03-M04,C,2026-05-20T20:30:00,20,1230,0,89,0,2,dessert,3000,133,31,3,15,18,5,20,60,1,20,22.4,0.0,0.355,after_stage,0,3,3,0,310,24,0,20,Kaggle French Bakery Daily Sales,SYNTHETIC_FEATURE_SNAPSHOT,11,2
zerofest-synthetic-2026,1,B03,B03-M04,C,2026-05-20T21:00:00,21,1260,0,59,0,2,dessert,3000,133,28,0,3,15,1,0,0,1,20,20.9,0.01,0.238,normal,0,2,2,0,420,25,0,20,Kaggle French Bakery Daily Sales,SYNTHETIC_FEATURE_SNAPSHOT,12,0
zerofest-synthetic-2026,1,B03,B03-M04,C,2026-05-20T21:30:00,21,1290,0,29,0,2,dessert,3000,133,26,1,2,3,2,20,0,1,20,19.7,0.02,0.223,normal,0,6,6,0,130,21,0,20,Kaggle French Bakery Daily Sales,SYNTHETIC_FEATURE_SNAPSHOT,14,0
zerofest-synthetic-2026,2,B03,B03-M04,C,2026-05-21T16:00:00,16,960,0,359,0,3,dessert,3000,133,132,1,1,0,1,0,0,1,20,21.7,0.56,0.238,normal,0,6,6,0,660,73,0,0,Kaggle French Bakery Daily Sales,SYNTHETIC_FEATURE_SNAPSHOT,1,1
zerofest-synthetic-2026,2,B03,B03-M04,C,2026-05-21T16:30:00,16,990,0,329,0,3,dessert,3000,133,126,0,6,1,2,0,0,1,20,21.1,0.66,0.205,normal,0,6,6,0,630,72,0,0,Kaggle French Bakery Daily Sales,SYNTHETIC_FEATURE_SNAPSHOT,14,0
zerofest-synthetic-2026,2,B03,B03-M04,C,2026-05-21T17:00:00,17,1020,0,299,0,3,dessert,3000,133,120,3,6,6,3,0,0,1,20,20.2,0.45,0.4,pre_stage,0,10,10,0,360,38,0,0,Kaggle French Bakery Daily Sales,SYNTHETIC_FEATURE_SNAPSHOT,14,0
zerofest-synthetic-2026,2,B03,B03-M04,C,2026-05-21T17:30:00,17,1050,0,269,0,3,dessert,3000,133,110,5,10,6,3,0,0,1,20,21.4,0.47,0.442,pre_stage,0,12,12,0,275,21,0,0,Kaggle French Bakery Daily Sales,SYNTHETIC_FEATURE_SNAPSHOT,31,0
zerofest-synthetic-2026,2,B03,B03-M04,C,2026-05-21T18:00:00,18,1080,0,239,0,3,dessert,3000,133,98,3,12,10,5,20,0,1,20,21.9,0.79,0.623,main_stage,0,32,32,0,92,0,0,0,Kaggle French Bakery Daily Sales,SYNTHETIC_FEATURE_SNAPSHOT,21,0
zerofest-synthetic-2026,2,B03,B03-M04,C,2026-05-21T18:30:00,18,1110,0,209,0,3,dessert,3000,133,66,5,32,12,11,0,0,1,20,20.3,0.52,0.544,main_stage,0,11,11,0,180,3,0,0,Kaggle French Bakery Daily Sales,SYNTHETIC_FEATURE_SNAPSHOT,26,1
zerofest-synthetic-2026,2,B03,B03-M04,C,2026-05-21T19:00:00,19,1140,0,179,0,3,dessert,3000,133,55,4,11,32,6,20,0,1,20,19.6,0.51,0.499,main_stage,1,20,20,0,83,0,0,0,Kaggle French Bakery Daily Sales,SYNTHETIC_FEATURE_SNAPSHOT,28,0
zerofest-synthetic-2026,2,B03,B03-M04,C,2026-05-21T19:30:00,19,1170,0,149,0,3,dessert,3000,133,35,8,20,11,6,20,30,1,20,19.8,0.56,0.524,main_stage,1,7,7,0,150,6,0,0,Kaggle French Bakery Daily Sales,SYNTHETIC_FEATURE_SNAPSHOT,21,1
zerofest-synthetic-2026,2,B03,B03-M04,C,2026-05-21T20:00:00,20,1200,0,119,0,3,dessert,3000,133,28,0,7,20,3,20,60,1,20,20.2,0.47,0.298,after_stage,0,10,10,0,84,0,0,0,Kaggle French Bakery Daily Sales,SYNTHETIC_FEATURE_SNAPSHOT,19,1
zerofest-synthetic-2026,2,B03,B03-M04,C,2026-05-21T20:30:00,20,1230,0,89,0,3,dessert,3000,133,18,3,10,7,4,0,0,1,20,19.2,0.43,0.381,after_stage,0,9,9,0,60,0,0,0,Kaggle French Bakery Daily Sales,SYNTHETIC_FEATURE_SNAPSHOT,15,1
zerofest-synthetic-2026,2,B03,B03-M04,C,2026-05-21T21:00:00,21,1260,0,59,0,3,dessert,3000,133,9,3,9,10,6,0,0,1,20,18.0,0.63,0.209,normal,0,9,12,1,30,0,0,0,Kaggle French Bakery Daily Sales,SYNTHETIC_FEATURE_SNAPSHOT,18,0
zerofest-synthetic-2026,2,B03,B03-M04,C,2026-05-21T21:30:00,21,1290,0,29,0,3,dessert,3000,133,0,1,9,9,2,0,0,1,20,18.6,0.36,0.247,normal,0,0,8,1,0,0,1,0,Kaggle French Bakery Daily Sales,SYNTHETIC_FEATURE_SNAPSHOT,11,2
zerofest-synthetic-2026,3,B03,B03-M04,C,2026-05-22T16:00:00,16,960,0,359,0,4,dessert,3000,133,133,0,0,0,0,0,0,0,0,19.7,0.01,0.208,normal,0,6,6,0,665,74,0,58,Kaggle French Bakery Daily Sales,SYNTHETIC_FEATURE_SNAPSHOT,1,1
zerofest-synthetic-2026,3,B03,B03-M04,C,2026-05-22T16:30:00,16,990,0,329,0,4,dessert,3000,133,127,5,6,0,4,0,0,0,0,20.0,0.01,0.279,normal,0,10,10,0,381,37,0,58,Kaggle French Bakery Daily Sales,SYNTHETIC_FEATURE_SNAPSHOT,14,0
zerofest-synthetic-2026,3,B03,B03-M04,C,2026-05-22T17:00:00,17,1020,0,299,0,4,dessert,3000,133,117,2,10,6,6,0,0,0,0,20.0,0.09,0.42,pre_stage,0,7,7,0,502,60,0,58,Kaggle French Bakery Daily Sales,SYNTHETIC_FEATURE_SNAPSHOT,12,1
zerofest-synthetic-2026,3,B03,B03-M04,C,2026-05-22T17:30:00,17,1050,0,269,0,4,dessert,3000,133,110,2,7,10,3,0,0,0,0,19.8,0.0,0.401,pre_stage,0,9,9,0,367,44,0,58,Kaggle French Bakery Daily Sales,SYNTHETIC_FEATURE_SNAPSHOT,24,2
zerofest-synthetic-2026,3,B03,B03-M04,C,2026-05-22T18:00:00,18,1080,0,239,0,4,dessert,3000,133,101,3,9,7,5,0,0,0,0,18.9,0.01,0.649,main_stage,0,9,9,0,337,42,0,58,Kaggle French Bakery Daily Sales,SYNTHETIC_FEATURE_SNAPSHOT,17,1
zerofest-synthetic-2026,3,B03,B03-M04,C,2026-05-22T18:30:00,18,1110,0,209,0,4,dessert,3000,133,92,0,9,9,5,0,0,0,0,18.8,0.0,0.593,main_stage,0,6,6,0,460,58,0,58,Kaggle French Bakery Daily Sales,SYNTHETIC_FEATURE_SNAPSHOT,25,1
zerofest-synthetic-2026,3,B03,B03-M04,C,2026-05-22T19:00:00,19,1140,0,179,0,4,dessert,3000,133,86,0,6,9,2,0,0,0,0,17.9,0.0,0.674,main_stage,1,12,12,0,215,27,0,58,Kaggle French Bakery Daily Sales,SYNTHETIC_FEATURE_SNAPSHOT,13,0
zerofest-synthetic-2026,3,B03,B03-M04,C,2026-05-22T19:30:00,19,1170,0,149,0,4,dessert,3000,133,74,5,12,6,6,0,0,0,0,17.6,0.04,0.604,main_stage,1,1,1,0,2220,70,0,58,Kaggle French Bakery Daily Sales,SYNTHETIC_FEATURE_SNAPSHOT,12,0
zerofest-synthetic-2026,3,B03,B03-M04,C,2026-05-22T20:00:00,20,1200,0,119,0,4,dessert,3000,133,73,0,1,12,1,0,0,0,0,18.8,0.0,0.35,after_stage,0,6,6,0,365,53,0,58,Kaggle French Bakery Daily Sales,SYNTHETIC_FEATURE_SNAPSHOT,19,0
zerofest-synthetic-2026,3,B03,B03-M04,C,2026-05-22T20:30:00,20,1230,0,89,0,4,dessert,3000,133,67,0,6,1,3,0,0,0,0,17.4,0.0,0.402,after_stage,0,7,7,0,288,50,0,58,Kaggle French Bakery Daily Sales,SYNTHETIC_FEATURE_SNAPSHOT,17,1
zerofest-synthetic-2026,3,B03,B03-M04,C,2026-05-22T21:00:00,21,1260,0,59,0,4,dessert,3000,133,60,0,7,6,2,0,0,0,0,17.6,0.0,0.268,normal,0,0,0,0,6000,60,0,58,Kaggle French Bakery Daily Sales,SYNTHETIC_FEATURE_SNAPSHOT,15,0
zerofest-synthetic-2026,3,B03,B03-M04,C,2026-05-22T21:30:00,21,1290,0,29,0,4,dessert,3000,133,60,0,0,7,0,0,0,0,0,17.3,0.05,0.198,normal,0,2,2,0,900,58,0,58,Kaggle French Bakery Daily Sales,SYNTHETIC_FEATURE_SNAPSHOT,7,0
zerofest-synthetic-2026,1,B04,B04-M01,D,2026-05-20T16:00:00,16,960,0,359,0,2,food,6000,227,227,0,0,0,0,0,0,1,10,23.2,0.02,0.266,normal,0,6,6,0,1135,168,0,35,Kaggle French Bakery Daily Sales,SYNTHETIC_FEATURE_SNAPSHOT,1,1
zerofest-synthetic-2026,1,B04,B04-M01,D,2026-05-20T16:30:00,16,990,0,329,0,2,food,6000,227,221,0,6,0,3,0,0,1,10,24.1,0.0,0.218,normal,0,7,7,0,948,158,0,35,Kaggle French Bakery Daily Sales,SYNTHETIC_FEATURE_SNAPSHOT,11,0
zerofest-synthetic-2026,1,B04,B04-M01,D,2026-05-20T17:00:00,17,1020,0,299,0,2,food,6000,227,214,3,7,6,3,0,0,1,10,21.6,0.01,0.466,pre_stage,0,31,31,0,208,0,0,35,Kaggle French Bakery Daily Sales,SYNTHETIC_FEATURE_SNAPSHOT,17,0
zerofest-synthetic-2026,1,B04,B04-M01,D,2026-05-20T17:30:00,17,1050,0,269,0,2,food,6000,227,183,3,31,7,10,0,0,1,10,23.4,0.0,0.448,pre_stage,0,12,12,0,458,94,0,35,Kaggle French Bakery Daily Sales,SYNTHETIC_FEATURE_SNAPSHOT,31,3
zerofest-synthetic-2026,1,B04,B04-M01,D,2026-05-20T18:00:00,18,1080,0,239,0,2,food,6000,227,171,0,12,31,5,0,0,1,10,22.2,0.0,0.584,main_stage,0,26,26,0,198,0,0,35,Kaggle French Bakery Daily Sales,SYNTHETIC_FEATURE_SNAPSHOT,29,2
zerofest-synthetic-2026,1,B04,B04-M01,D,2026-05-20T18:30:00,18,1110,0,209,0,2,food,6000,227,145,2,26,12,9,0,0,1,10,22.9,0.0,0.585,main_stage,0,23,23,0,190,13,0,35,Kaggle French Bakery Daily Sales,SYNTHETIC_FEATURE_SNAPSHOT,34,0
zerofest-synthetic-2026,1,B04,B04-M01,D,2026-05-20T19:00:00,19,1140,0,179,0,2,food,6000,227,122,3,23,26,8,10,0,1,10,22.1,0.03,0.576,main_stage,1,19,19,0,193,29,0,35,Kaggle French Bakery Daily Sales,SYNTHETIC_FEATURE_SNAPSHOT,35,0
zerofest-synthetic-2026,1,B04,B04-M01,D,2026-05-20T19:30:00,19,1170,0,149,0,2,food,6000,227,103,3,19,23,7,0,0,1,10,22.4,0.0,0.563,main_stage,1,10,10,0,309,62,0,35,Kaggle French Bakery Daily Sales,SYNTHETIC_FEATURE_SNAPSHOT,26,0
zerofest-synthetic-2026,1,B04,B04-M01,D,2026-05-20T20:00:00,20,1200,0,119,0,2,food,6000,227,93,1,10,19,5,0,0,1,10,20.9,0.0,0.357,after_stage,0,22,22,0,127,21,0,35,Kaggle French Bakery Daily Sales,SYNTHETIC_FEATURE_SNAPSHOT,25,1
zerofest-synthetic-2026,1,B04,B04-M01,D,2026-05-20T20:30:00,20,1230,0,89,0,2,food,6000,227,71,5,22,10,9,0,0,1,10,22.4,0.0,0.355,after_stage,0,15,15,0,142,34,0,35,Kaggle French Bakery Daily Sales,SYNTHETIC_FEATURE_SNAPSHOT,22,1
zerofest-synthetic-2026,1,B04,B04-M01,D,2026-05-20T21:00:00,21,1260,0,59,0,2,food,6000,227,56,5,15,22,6,0,0,1,10,20.9,0.01,0.238,normal,0,5,5,0,336,48,0,35,Kaggle French Bakery Daily Sales,SYNTHETIC_FEATURE_SNAPSHOT,21,2
zerofest-synthetic-2026,1,B04,B04-M01,D,2026-05-20T21:30:00,21,1290,0,29,0,2,food,6000,227,51,3,5,15,3,10,0,1,10,19.7,0.02,0.223,normal,0,16,16,0,96,38,0,35,Kaggle French Bakery Daily Sales,SYNTHETIC_FEATURE_SNAPSHOT,17,1
zerofest-synthetic-2026,2,B04,B04-M01,D,2026-05-21T16:00:00,16,960,0,359,0,3,food,6000,227,227,0,0,0,0,0,0,0,0,21.7,0.56,0.238,normal,0,2,2,0,3405,207,0,55,Kaggle French Bakery Daily Sales,SYNTHETIC_FEATURE_SNAPSHOT,0,0
zerofest-synthetic-2026,2,B04,B04-M01,D,2026-05-21T16:30:00,16,990,0,329,0,3,food,6000,227,225,0,2,0,2,0,0,0,0,21.1,0.66,0.205,normal,0,12,12,0,563,117,0,55,Kaggle French Bakery Daily Sales,SYNTHETIC_FEATURE_SNAPSHOT,14,1
zerofest-synthetic-2026,2,B04,B04-M01,D,2026-05-21T17:00:00,17,1020,0,299,0,3,food,6000,227,213,2,12,2,5,0,0,0,0,20.2,0.45,0.4,pre_stage,0,9,9,0,710,139,0,55,Kaggle French Bakery Daily Sales,SYNTHETIC_FEATURE_SNAPSHOT,17,1
zerofest-synthetic-2026,2,B04,B04-M01,D,2026-05-21T17:30:00,17,1050,0,269,0,3,food,6000,227,204,0,9,12,4,0,0,0,0,21.4,0.47,0.442,pre_stage,0,17,17,0,360,79,0,55,Kaggle French Bakery Daily Sales,SYNTHETIC_FEATURE_SNAPSHOT,35,1
zerofest-synthetic-2026,2,B04,B04-M01,D,2026-05-21T18:00:00,18,1080,0,239,0,3,food,6000,227,187,0,17,9,5,0,0,0,0,21.9,0.79,0.623,main_stage,0,14,14,0,401,95,0,55,Kaggle French Bakery Daily Sales,SYNTHETIC_FEATURE_SNAPSHOT,33,0
zerofest-synthetic-2026,2,B04,B04-M01,D,2026-05-21T18:30:00,18,1110,0,209,0,3,food,6000,227,173,3,14,17,7,0,0,0,0,20.3,0.52,0.544,main_stage,0,25,25,0,208,29,0,55,Kaggle French Bakery Daily Sales,SYNTHETIC_FEATURE_SNAPSHOT,23,0
zerofest-synthetic-2026,2,B04,B04-M01,D,2026-05-21T19:00:00,19,1140,0,179,0,3,food,6000,227,148,4,25,14,9,0,0,0,0,19.6,0.51,0.499,main_stage,1,20,20,0,222,50,0,55,Kaggle French Bakery Daily Sales,SYNTHETIC_FEATURE_SNAPSHOT,45,1
zerofest-synthetic-2026,2,B04,B04-M01,D,2026-05-21T19:30:00,19,1170,0,149,0,3,food,6000,227,128,0,20,25,7,0,0,0,0,19.8,0.56,0.524,main_stage,1,13,13,0,296,75,0,55,Kaggle French Bakery Daily Sales,SYNTHETIC_FEATURE_SNAPSHOT,37,0
zerofest-synthetic-2026,2,B04,B04-M01,D,2026-05-21T20:00:00,20,1200,0,119,0,3,food,6000,227,115,8,13,20,5,0,0,0,0,20.2,0.47,0.298,after_stage,0,16,16,0,216,63,0,55,Kaggle French Bakery Daily Sales,SYNTHETIC_FEATURE_SNAPSHOT,30,1
zerofest-synthetic-2026,2,B04,B04-M01,D,2026-05-21T20:30:00,20,1230,0,89,0,3,food,6000,227,99,1,16,13,8,0,0,0,0,19.2,0.43,0.381,after_stage,0,17,17,0,175,57,0,55,Kaggle French Bakery Daily Sales,SYNTHETIC_FEATURE_SNAPSHOT,21,1
zerofest-synthetic-2026,2,B04,B04-M01,D,2026-05-21T21:00:00,21,1260,0,59,0,3,food,6000,227,82,3,17,16,9,0,0,0,0,18.0,0.63,0.209,normal,0,5,5,0,492,74,0,55,Kaggle French Bakery Daily Sales,SYNTHETIC_FEATURE_SNAPSHOT,26,2
zerofest-synthetic-2026,2,B04,B04-M01,D,2026-05-21T21:30:00,21,1290,0,29,0,3,food,6000,227,77,0,5,17,2,0,0,0,0,18.6,0.36,0.247,normal,0,22,22,0,106,59,0,55,Kaggle French Bakery Daily Sales,SYNTHETIC_FEATURE_SNAPSHOT,21,0
zerofest-synthetic-2026,3,B04,B04-M01,D,2026-05-22T16:00:00,16,960,0,359,0,4,food,6000,227,227,0,0,0,0,0,0,0,0,19.7,0.01,0.208,normal,0,7,7,0,973,158,0,44,Kaggle French Bakery Daily Sales,SYNTHETIC_FEATURE_SNAPSHOT,0,0
zerofest-synthetic-2026,3,B04,B04-M01,D,2026-05-22T16:30:00,16,990,0,329,0,4,food,6000,227,220,0,7,0,4,0,0,0,0,20.0,0.01,0.279,normal,0,8,8,0,825,148,0,44,Kaggle French Bakery Daily Sales,SYNTHETIC_FEATURE_SNAPSHOT,17,2
zerofest-synthetic-2026,3,B04,B04-M01,D,2026-05-22T17:00:00,17,1020,0,299,0,4,food,6000,227,212,1,8,7,5,0,0,0,0,20.0,0.09,0.42,pre_stage,0,16,16,0,398,81,0,44,Kaggle French Bakery Daily Sales,SYNTHETIC_FEATURE_SNAPSHOT,12,1
zerofest-synthetic-2026,3,B04,B04-M01,D,2026-05-22T17:30:00,17,1050,0,269,0,4,food,6000,227,196,0,16,8,6,0,0,0,0,19.8,0.0,0.401,pre_stage,0,12,12,0,490,107,0,44,Kaggle French Bakery Daily Sales,SYNTHETIC_FEATURE_SNAPSHOT,30,0
zerofest-synthetic-2026,3,B04,B04-M01,D,2026-05-22T18:00:00,18,1080,0,239,0,4,food,6000,227,184,0,12,16,7,0,0,0,0,18.9,0.01,0.649,main_stage,0,33,33,0,168,0,0,44,Kaggle French Bakery Daily Sales,SYNTHETIC_FEATURE_SNAPSHOT,26,0
zerofest-synthetic-2026,3,B04,B04-M01,D,2026-05-22T18:30:00,18,1110,0,209,0,4,food,6000,227,151,8,33,12,13,0,0,0,0,18.8,0.0,0.593,main_stage,0,20,20,0,227,36,0,44,Kaggle French Bakery Daily Sales,SYNTHETIC_FEATURE_SNAPSHOT,34,2
zerofest-synthetic-2026,3,B04,B04-M01,D,2026-05-22T19:00:00,19,1140,0,179,0,4,food,6000,227,131,0,20,33,11,0,0,0,0,17.9,0.0,0.674,main_stage,1,27,27,0,146,0,0,44,Kaggle French Bakery Daily Sales,SYNTHETIC_FEATURE_SNAPSHOT,42,1
zerofest-synthetic-2026,3,B04,B04-M01,D,2026-05-22T19:30:00,19,1170,0,149,0,4,food,6000,227,104,0,27,20,11,0,0,0,0,17.6,0.04,0.604,main_stage,1,13,13,0,240,51,0,44,Kaggle French Bakery Daily Sales,SYNTHETIC_FEATURE_SNAPSHOT,37,1
zerofest-synthetic-2026,3,B04,B04-M01,D,2026-05-22T20:00:00,20,1200,0,119,0,4,food,6000,227,91,6,13,27,5,0,0,0,0,18.8,0.0,0.35,after_stage,0,10,10,0,273,58,0,44,Kaggle French Bakery Daily Sales,SYNTHETIC_FEATURE_SNAPSHOT,20,0
zerofest-synthetic-2026,3,B04,B04-M01,D,2026-05-22T20:30:00,20,1230,0,89,0,4,food,6000,227,81,5,10,13,4,0,0,0,0,17.4,0.0,0.402,after_stage,0,24,24,0,102,22,0,44,Kaggle French Bakery Daily Sales,SYNTHETIC_FEATURE_SNAPSHOT,16,0
zerofest-synthetic-2026,3,B04,B04-M01,D,2026-05-22T21:00:00,21,1260,0,59,0,4,food,6000,227,57,5,24,10,10,0,0,0,0,17.6,0.0,0.268,normal,0,5,5,0,342,49,0,44,Kaggle French Bakery Daily Sales,SYNTHETIC_FEATURE_SNAPSHOT,23,0
zerofest-synthetic-2026,3,B04,B04-M01,D,2026-05-22T21:30:00,21,1290,0,29,0,4,food,6000,227,52,0,5,24,3,0,0,0,0,17.3,0.05,0.198,normal,0,8,8,0,195,45,0,44,Kaggle French Bakery Daily Sales,SYNTHETIC_FEATURE_SNAPSHOT,14,1
zerofest-synthetic-2026,1,B04,B04-M02,D,2026-05-20T16:00:00,16,960,0,359,0,2,drink,3500,205,204,1,1,0,1,0,0,1,10,23.2,0.02,0.266,normal,0,10,10,0,612,106,0,14,Kaggle French Bakery Daily Sales,SYNTHETIC_FEATURE_SNAPSHOT,1,1
zerofest-synthetic-2026,1,B04,B04-M02,D,2026-05-20T16:30:00,16,990,0,329,0,2,drink,3500,205,194,0,10,1,5,0,0,1,10,24.1,0.0,0.218,normal,0,11,11,0,530,95,0,14,Kaggle French Bakery Daily Sales,SYNTHETIC_FEATURE_SNAPSHOT,11,0
zerofest-synthetic-2026,1,B04,B04-M02,D,2026-05-20T17:00:00,17,1020,0,299,0,2,drink,3500,205,183,0,11,10,5,0,0,1,10,21.6,0.01,0.466,pre_stage,0,10,10,0,549,101,0,14,Kaggle French Bakery Daily Sales,SYNTHETIC_FEATURE_SNAPSHOT,17,0
zerofest-synthetic-2026,1,B04,B04-M02,D,2026-05-20T17:30:00,17,1050,0,269,0,2,drink,3500,205,173,1,10,11,6,0,0,1,10,23.4,0.0,0.448,pre_stage,0,20,20,0,260,25,0,14,Kaggle French Bakery Daily Sales,SYNTHETIC_FEATURE_SNAPSHOT,31,3
zerofest-synthetic-2026,1,B04,B04-M02,D,2026-05-20T18:00:00,18,1080,0,239,0,2,drink,3500,205,153,3,20,10,11,10,0,1,10,22.2,0.0,0.584,main_stage,0,29,29,0,159,0,0,14,Kaggle French Bakery Daily Sales,SYNTHETIC_FEATURE_SNAPSHOT,29,2
zerofest-synthetic-2026,1,B04,B04-M02,D,2026-05-20T18:30:00,18,1110,0,209,0,2,drink,3500,205,124,0,29,20,13,0,0,1,10,22.9,0.0,0.585,main_stage,0,26,26,0,144,0,0,14,Kaggle French Bakery Daily Sales,SYNTHETIC_FEATURE_SNAPSHOT,34,0
zerofest-synthetic-2026,1,B04,B04-M02,D,2026-05-20T19:00:00,19,1140,0,179,0,2,drink,3500,205,98,1,26,29,8,10,0,1,10,22.1,0.03,0.576,main_stage,1,27,27,0,109,0,0,14,Kaggle French Bakery Daily Sales,SYNTHETIC_FEATURE_SNAPSHOT,35,0
zerofest-synthetic-2026,1,B04,B04-M02,D,2026-05-20T19:30:00,19,1170,0,149,0,2,drink,3500,205,71,1,27,26,11,0,0,1,10,22.4,0.0,0.563,main_stage,1,13,13,0,164,18,0,14,Kaggle French Bakery Daily Sales,SYNTHETIC_FEATURE_SNAPSHOT,26,0
zerofest-synthetic-2026,1,B04,B04-M02,D,2026-05-20T20:00:00,20,1200,0,119,0,2,drink,3500,205,58,3,13,27,5,0,0,1,10,20.9,0.0,0.357,after_stage,0,9,9,0,194,28,0,14,Kaggle French Bakery Daily Sales,SYNTHETIC_FEATURE_SNAPSHOT,25,1
zerofest-synthetic-2026,1,B04,B04-M02,D,2026-05-20T20:30:00,20,1230,0,89,0,2,drink,3500,205,49,4,9,13,4,0,0,1,10,22.4,0.0,0.355,after_stage,0,6,6,0,245,34,0,14,Kaggle French Bakery Daily Sales,SYNTHETIC_FEATURE_SNAPSHOT,22,1
zerofest-synthetic-2026,1,B04,B04-M02,D,2026-05-20T21:00:00,21,1260,0,59,0,2,drink,3500,205,43,0,6,9,4,0,0,1,10,20.9,0.01,0.238,normal,0,13,13,0,100,22,0,14,Kaggle French Bakery Daily Sales,SYNTHETIC_FEATURE_SNAPSHOT,21,2
zerofest-synthetic-2026,1,B04,B04-M02,D,2026-05-20T21:30:00,21,1290,0,29,0,2,drink,3500,205,30,0,13,6,6,10,0,1,10,19.7,0.02,0.223,normal,0,16,16,0,57,17,0,14,Kaggle French Bakery Daily Sales,SYNTHETIC_FEATURE_SNAPSHOT,17,1
zerofest-synthetic-2026,2,B04,B04-M02,D,2026-05-21T16:00:00,16,960,0,359,0,3,drink,3500,205,205,0,0,0,0,0,0,1,30,21.7,0.56,0.238,normal,0,3,3,0,2050,175,0,0,Kaggle French Bakery Daily Sales,SYNTHETIC_FEATURE_SNAPSHOT,0,0
zerofest-synthetic-2026,2,B04,B04-M02,D,2026-05-21T16:30:00,16,990,0,329,0,3,drink,3500,205,202,0,3,0,2,0,0,1,30,21.1,0.66,0.205,normal,0,12,12,0,505,94,0,0,Kaggle French Bakery Daily Sales,SYNTHETIC_FEATURE_SNAPSHOT,14,1
zerofest-synthetic-2026,2,B04,B04-M02,D,2026-05-21T17:00:00,17,1020,0,299,0,3,drink,3500,205,190,0,12,3,6,0,0,1,30,20.2,0.45,0.4,pre_stage,0,14,14,0,408,75,0,0,Kaggle French Bakery Daily Sales,SYNTHETIC_FEATURE_SNAPSHOT,17,1
zerofest-synthetic-2026,2,B04,B04-M02,D,2026-05-21T17:30:00,17,1050,0,269,0,3,drink,3500,205,176,1,14,12,11,0,0,1,30,21.4,0.47,0.442,pre_stage,0,24,24,0,220,0,0,0,Kaggle French Bakery Daily Sales,SYNTHETIC_FEATURE_SNAPSHOT,35,1
zerofest-synthetic-2026,2,B04,B04-M02,D,2026-05-21T18:00:00,18,1080,0,239,0,3,drink,3500,205,152,3,24,14,10,0,0,1,30,21.9,0.79,0.623,main_stage,0,26,26,0,176,0,0,0,Kaggle French Bakery Daily Sales,SYNTHETIC_FEATURE_SNAPSHOT,33,0
zerofest-synthetic-2026,2,B04,B04-M02,D,2026-05-21T18:30:00,18,1110,0,209,0,3,drink,3500,205,126,3,26,24,9,0,0,1,30,20.3,0.52,0.544,main_stage,0,43,43,0,88,0,0,0,Kaggle French Bakery Daily Sales,SYNTHETIC_FEATURE_SNAPSHOT,23,0
zerofest-synthetic-2026,2,B04,B04-M02,D,2026-05-21T19:00:00,19,1140,0,179,0,3,drink,3500,205,83,8,43,26,16,30,0,1,30,19.6,0.51,0.499,main_stage,1,25,25,0,100,0,0,0,Kaggle French Bakery Daily Sales,SYNTHETIC_FEATURE_SNAPSHOT,45,1
zerofest-synthetic-2026,2,B04,B04-M02,D,2026-05-21T19:30:00,19,1170,0,149,0,3,drink,3500,205,58,1,25,43,14,0,0,1,30,19.8,0.56,0.524,main_stage,1,13,13,0,134,5,0,0,Kaggle French Bakery Daily Sales,SYNTHETIC_FEATURE_SNAPSHOT,37,0
zerofest-synthetic-2026,2,B04,B04-M02,D,2026-05-21T20:00:00,20,1200,0,119,0,3,drink,3500,205,45,2,13,25,7,0,0,1,30,20.2,0.47,0.298,after_stage,0,8,8,0,169,19,0,0,Kaggle French Bakery Daily Sales,SYNTHETIC_FEATURE_SNAPSHOT,30,1
zerofest-synthetic-2026,2,B04,B04-M02,D,2026-05-21T20:30:00,20,1230,0,89,0,3,drink,3500,205,37,3,8,13,5,30,0,1,30,19.2,0.43,0.381,after_stage,0,14,14,0,80,3,0,0,Kaggle French Bakery Daily Sales,SYNTHETIC_FEATURE_SNAPSHOT,21,1
zerofest-synthetic-2026,2,B04,B04-M02,D,2026-05-21T21:00:00,21,1260,0,59,0,3,drink,3500,205,23,4,14,8,9,30,30,1,30,18.0,0.63,0.209,normal,0,18,18,0,39,0,0,0,Kaggle French Bakery Daily Sales,SYNTHETIC_FEATURE_SNAPSHOT,26,2
zerofest-synthetic-2026,2,B04,B04-M02,D,2026-05-21T21:30:00,21,1290,0,29,0,3,drink,3500,205,5,1,18,14,12,0,0,1,30,18.6,0.36,0.247,normal,0,5,7,1,30,1,0,0,Kaggle French Bakery Daily Sales,SYNTHETIC_FEATURE_SNAPSHOT,21,0
zerofest-synthetic-2026,3,B04,B04-M02,D,2026-05-22T16:00:00,16,960,0,359,0,4,drink,3500,205,205,0,0,0,0,0,0,0,0,19.7,0.01,0.208,normal,0,12,12,0,513,87,0,24,Kaggle French Bakery Daily Sales,SYNTHETIC_FEATURE_SNAPSHOT,0,0
zerofest-synthetic-2026,3,B04,B04-M02,D,2026-05-22T16:30:00,16,990,0,329,0,4,drink,3500,205,193,3,12,0,5,0,0,0,0,20.0,0.01,0.279,normal,0,7,7,0,828,130,0,24,Kaggle French Bakery Daily Sales,SYNTHETIC_FEATURE_SNAPSHOT,17,2
zerofest-synthetic-2026,3,B04,B04-M02,D,2026-05-22T17:00:00,17,1020,0,299,0,4,drink,3500,205,186,3,7,12,3,0,0,0,0,20.0,0.09,0.42,pre_stage,0,20,20,0,279,22,0,24,Kaggle French Bakery Daily Sales,SYNTHETIC_FEATURE_SNAPSHOT,12,1
zerofest-synthetic-2026,3,B04,B04-M02,D,2026-05-22T17:30:00,17,1050,0,269,0,4,drink,3500,205,166,0,20,7,8,0,0,0,0,19.8,0.0,0.401,pre_stage,0,15,15,0,332,55,0,24,Kaggle French Bakery Daily Sales,SYNTHETIC_FEATURE_SNAPSHOT,30,0
zerofest-synthetic-2026,3,B04,B04-M02,D,2026-05-22T18:00:00,18,1080,0,239,0,4,drink,3500,205,151,2,15,20,6,0,0,0,0,18.9,0.01,0.649,main_stage,0,19,19,0,239,26,0,24,Kaggle French Bakery Daily Sales,SYNTHETIC_FEATURE_SNAPSHOT,26,0
zerofest-synthetic-2026,3,B04,B04-M02,D,2026-05-22T18:30:00,18,1110,0,209,0,4,drink,3500,205,132,3,19,15,9,0,0,0,0,18.8,0.0,0.593,main_stage,0,25,25,0,159,0,0,24,Kaggle French Bakery Daily Sales,SYNTHETIC_FEATURE_SNAPSHOT,34,2
zerofest-synthetic-2026,3,B04,B04-M02,D,2026-05-22T19:00:00,19,1140,0,179,0,4,drink,3500,205,107,3,25,19,10,0,0,0,0,17.9,0.0,0.674,main_stage,1,27,27,0,119,0,0,24,Kaggle French Bakery Daily Sales,SYNTHETIC_FEATURE_SNAPSHOT,42,1
zerofest-synthetic-2026,3,B04,B04-M02,D,2026-05-22T19:30:00,19,1170,0,149,0,4,drink,3500,205,80,2,27,25,14,0,0,0,0,17.6,0.04,0.604,main_stage,1,12,12,0,200,31,0,24,Kaggle French Bakery Daily Sales,SYNTHETIC_FEATURE_SNAPSHOT,37,1
zerofest-synthetic-2026,3,B04,B04-M02,D,2026-05-22T20:00:00,20,1200,0,119,0,4,drink,3500,205,68,0,12,27,6,0,0,0,0,18.8,0.0,0.35,after_stage,0,2,2,0,1020,61,0,24,Kaggle French Bakery Daily Sales,SYNTHETIC_FEATURE_SNAPSHOT,20,0
zerofest-synthetic-2026,3,B04,B04-M02,D,2026-05-22T20:30:00,20,1230,0,89,0,4,drink,3500,205,66,0,2,12,1,0,0,0,0,17.4,0.0,0.402,after_stage,0,15,15,0,132,29,0,24,Kaggle French Bakery Daily Sales,SYNTHETIC_FEATURE_SNAPSHOT,16,0
zerofest-synthetic-2026,3,B04,B04-M02,D,2026-05-22T21:00:00,21,1260,0,59,0,4,drink,3500,205,51,1,15,2,8,0,0,0,0,17.6,0.0,0.268,normal,0,16,16,0,96,25,0,24,Kaggle French Bakery Daily Sales,SYNTHETIC_FEATURE_SNAPSHOT,23,0
zerofest-synthetic-2026,3,B04,B04-M02,D,2026-05-22T21:30:00,21,1290,0,29,0,4,drink,3500,205,35,6,16,15,8,0,0,0,0,17.3,0.05,0.198,normal,0,11,11,0,96,26,0,24,Kaggle French Bakery Daily Sales,SYNTHETIC_FEATURE_SNAPSHOT,14,1
zerofest-synthetic-2026,1,B04,B04-M03,D,2026-05-20T16:00:00,16,960,0,359,0,2,dessert,4500,122,122,0,0,0,0,0,0,1,30,23.2,0.02,0.266,normal,0,6,6,0,610,63,0,0,Kaggle French Bakery Daily Sales,SYNTHETIC_FEATURE_SNAPSHOT,1,1
zerofest-synthetic-2026,1,B04,B04-M03,D,2026-05-20T16:30:00,16,990,0,329,0,2,dessert,4500,122,116,0,6,0,2,0,0,1,30,24.1,0.0,0.218,normal,0,2,2,0,1740,98,0,0,Kaggle French Bakery Daily Sales,SYNTHETIC_FEATURE_SNAPSHOT,11,0
zerofest-synthetic-2026,1,B04,B04-M03,D,2026-05-20T17:00:00,17,1020,0,299,0,2,dessert,4500,122,114,0,2,6,1,0,0,1,30,21.6,0.01,0.466,pre_stage,0,16,16,0,214,0,0,0,Kaggle French Bakery Daily Sales,SYNTHETIC_FEATURE_SNAPSHOT,17,0
zerofest-synthetic-2026,1,B04,B04-M03,D,2026-05-20T17:30:00,17,1050,0,269,0,2,dessert,4500,122,98,3,16,2,8,0,0,1,30,23.4,0.0,0.448,pre_stage,0,12,12,0,245,9,0,0,Kaggle French Bakery Daily Sales,SYNTHETIC_FEATURE_SNAPSHOT,31,3
zerofest-synthetic-2026,1,B04,B04-M03,D,2026-05-20T18:00:00,18,1080,0,239,0,2,dessert,4500,122,86,3,12,16,5,0,0,1,30,22.2,0.0,0.584,main_stage,0,8,8,0,323,34,0,0,Kaggle French Bakery Daily Sales,SYNTHETIC_FEATURE_SNAPSHOT,29,2
zerofest-synthetic-2026,1,B04,B04-M03,D,2026-05-20T18:30:00,18,1110,0,209,0,2,dessert,4500,122,78,0,8,12,3,30,0,1,30,22.9,0.0,0.585,main_stage,0,22,22,0,107,0,0,0,Kaggle French Bakery Daily Sales,SYNTHETIC_FEATURE_SNAPSHOT,34,0
zerofest-synthetic-2026,1,B04,B04-M03,D,2026-05-20T19:00:00,19,1140,0,179,0,2,dessert,4500,122,56,7,22,8,7,0,0,1,30,22.1,0.03,0.576,main_stage,1,5,5,0,336,31,0,0,Kaggle French Bakery Daily Sales,SYNTHETIC_FEATURE_SNAPSHOT,35,0
zerofest-synthetic-2026,1,B04,B04-M03,D,2026-05-20T19:30:00,19,1170,0,149,0,2,dessert,4500,122,51,3,5,22,2,30,0,1,30,22.4,0.0,0.563,main_stage,1,24,24,0,64,0,0,0,Kaggle French Bakery Daily Sales,SYNTHETIC_FEATURE_SNAPSHOT,26,0
zerofest-synthetic-2026,1,B04,B04-M03,D,2026-05-20T20:00:00,20,1200,0,119,0,2,dessert,4500,122,27,0,24,5,9,0,0,1,30,20.9,0.0,0.357,after_stage,0,7,7,0,116,4,0,0,Kaggle French Bakery Daily Sales,SYNTHETIC_FEATURE_SNAPSHOT,25,1
zerofest-synthetic-2026,1,B04,B04-M03,D,2026-05-20T20:30:00,20,1230,0,89,0,2,dessert,4500,122,20,0,7,24,4,30,0,1,30,22.4,0.0,0.355,after_stage,0,8,8,0,75,0,0,0,Kaggle French Bakery Daily Sales,SYNTHETIC_FEATURE_SNAPSHOT,22,1
zerofest-synthetic-2026,1,B04,B04-M03,D,2026-05-20T21:00:00,21,1260,0,59,0,2,dessert,4500,122,12,2,8,7,5,0,0,1,30,20.9,0.01,0.238,normal,0,3,3,0,120,7,0,0,Kaggle French Bakery Daily Sales,SYNTHETIC_FEATURE_SNAPSHOT,21,2
zerofest-synthetic-2026,1,B04,B04-M03,D,2026-05-20T21:30:00,21,1290,0,29,0,2,dessert,4500,122,9,0,3,8,3,30,0,1,30,19.7,0.02,0.223,normal,0,9,16,1,30,2,0,0,Kaggle French Bakery Daily Sales,SYNTHETIC_FEATURE_SNAPSHOT,17,1
zerofest-synthetic-2026,2,B04,B04-M03,D,2026-05-21T16:00:00,16,960,0,359,0,3,dessert,4500,122,122,0,0,0,0,0,0,1,10,21.7,0.56,0.238,normal,0,12,12,0,305,4,0,0,Kaggle French Bakery Daily Sales,SYNTHETIC_FEATURE_SNAPSHOT,0,0
zerofest-synthetic-2026,2,B04,B04-M03,D,2026-05-21T16:30:00,16,990,0,329,0,3,dessert,4500,122,110,4,12,0,6,0,0,1,10,21.1,0.66,0.205,normal,0,0,0,0,11000,110,0,0,Kaggle French Bakery Daily Sales,SYNTHETIC_FEATURE_SNAPSHOT,14,1
zerofest-synthetic-2026,2,B04,B04-M03,D,2026-05-21T17:00:00,17,1020,0,299,0,3,dessert,4500,122,110,0,0,12,0,0,0,1,10,20.2,0.45,0.4,pre_stage,0,21,21,0,158,0,0,0,Kaggle French Bakery Daily Sales,SYNTHETIC_FEATURE_SNAPSHOT,17,1
zerofest-synthetic-2026,2,B04,B04-M03,D,2026-05-21T17:30:00,17,1050,0,269,0,3,dessert,4500,122,89,5,21,0,10,0,0,1,10,21.4,0.47,0.442,pre_stage,0,14,14,0,191,0,0,0,Kaggle French Bakery Daily Sales,SYNTHETIC_FEATURE_SNAPSHOT,35,1
zerofest-synthetic-2026,2,B04,B04-M03,D,2026-05-21T18:00:00,18,1080,0,239,0,3,dessert,4500,122,75,2,14,21,6,10,0,1,10,21.9,0.79,0.623,main_stage,0,9,9,0,250,16,0,0,Kaggle French Bakery Daily Sales,SYNTHETIC_FEATURE_SNAPSHOT,33,0
zerofest-synthetic-2026,2,B04,B04-M03,D,2026-05-21T18:30:00,18,1110,0,209,0,3,dessert,4500,122,66,0,9,14,3,0,0,1,10,20.3,0.52,0.544,main_stage,0,23,23,0,87,0,0,0,Kaggle French Bakery Daily Sales,SYNTHETIC_FEATURE_SNAPSHOT,23,0
zerofest-synthetic-2026,2,B04,B04-M03,D,2026-05-21T19:00:00,19,1140,0,179,0,3,dessert,4500,122,43,3,23,9,10,0,0,1,10,19.6,0.51,0.499,main_stage,1,14,14,0,93,0,0,0,Kaggle French Bakery Daily Sales,SYNTHETIC_FEATURE_SNAPSHOT,45,1
zerofest-synthetic-2026,2,B04,B04-M03,D,2026-05-21T19:30:00,19,1170,0,149,0,3,dessert,4500,122,29,0,14,23,7,0,0,1,10,19.8,0.56,0.524,main_stage,1,23,23,0,38,0,0,0,Kaggle French Bakery Daily Sales,SYNTHETIC_FEATURE_SNAPSHOT,37,0
zerofest-synthetic-2026,2,B04,B04-M03,D,2026-05-21T20:00:00,20,1200,0,119,0,3,dessert,4500,122,6,4,23,14,9,0,0,1,10,20.2,0.47,0.298,after_stage,0,6,12,1,30,0,0,0,Kaggle French Bakery Daily Sales,SYNTHETIC_FEATURE_SNAPSHOT,30,1
zerofest-synthetic-2026,2,B04,B04-M03,D,2026-05-21T20:30:00,20,1230,0,89,0,3,dessert,4500,122,0,0,6,23,2,10,0,1,10,19.2,0.43,0.381,after_stage,0,0,7,1,0,0,1,0,Kaggle French Bakery Daily Sales,SYNTHETIC_FEATURE_SNAPSHOT,21,1
zerofest-synthetic-2026,2,B04,B04-M03,D,2026-05-21T21:00:00,21,1260,0,59,0,3,dessert,4500,122,0,0,0,6,0,10,30,1,10,18.0,0.63,0.209,normal,0,0,0,0,0,0,1,0,Kaggle French Bakery Daily Sales,SYNTHETIC_FEATURE_SNAPSHOT,26,2
zerofest-synthetic-2026,2,B04,B04-M03,D,2026-05-21T21:30:00,21,1290,0,29,0,3,dessert,4500,122,0,0,0,0,0,0,0,1,10,18.6,0.36,0.247,normal,0,0,16,1,0,0,1,0,Kaggle French Bakery Daily Sales,SYNTHETIC_FEATURE_SNAPSHOT,21,0
zerofest-synthetic-2026,3,B04,B04-M03,D,2026-05-22T16:00:00,16,960,0,359,0,4,dessert,4500,122,122,0,0,0,0,0,0,0,0,19.7,0.01,0.208,normal,0,12,12,0,305,4,0,16,Kaggle French Bakery Daily Sales,SYNTHETIC_FEATURE_SNAPSHOT,0,0
zerofest-synthetic-2026,3,B04,B04-M03,D,2026-05-22T16:30:00,16,990,0,329,0,4,dessert,4500,122,110,3,12,0,5,0,0,0,0,20.0,0.01,0.279,normal,0,3,3,0,1100,83,0,16,Kaggle French Bakery Daily Sales,SYNTHETIC_FEATURE_SNAPSHOT,17,2
zerofest-synthetic-2026,3,B04,B04-M03,D,2026-05-22T17:00:00,17,1020,0,299,0,4,dessert,4500,122,107,0,3,12,2,0,0,0,0,20.0,0.09,0.42,pre_stage,0,14,14,0,230,0,0,16,Kaggle French Bakery Daily Sales,SYNTHETIC_FEATURE_SNAPSHOT,12,1
zerofest-synthetic-2026,3,B04,B04-M03,D,2026-05-22T17:30:00,17,1050,0,269,0,4,dessert,4500,122,93,0,14,3,6,0,0,0,0,19.8,0.0,0.401,pre_stage,0,12,12,0,233,4,0,16,Kaggle French Bakery Daily Sales,SYNTHETIC_FEATURE_SNAPSHOT,30,0
zerofest-synthetic-2026,3,B04,B04-M03,D,2026-05-22T18:00:00,18,1080,0,239,0,4,dessert,4500,122,81,2,12,14,7,0,0,0,0,18.9,0.01,0.649,main_stage,0,14,14,0,174,0,0,16,Kaggle French Bakery Daily Sales,SYNTHETIC_FEATURE_SNAPSHOT,26,0
zerofest-synthetic-2026,3,B04,B04-M03,D,2026-05-22T18:30:00,18,1110,0,209,0,4,dessert,4500,122,67,3,14,12,5,0,0,0,0,18.8,0.0,0.593,main_stage,0,21,21,0,96,0,0,16,Kaggle French Bakery Daily Sales,SYNTHETIC_FEATURE_SNAPSHOT,34,2
zerofest-synthetic-2026,3,B04,B04-M03,D,2026-05-22T19:00:00,19,1140,0,179,0,4,dessert,4500,122,46,8,21,14,10,0,0,0,0,17.9,0.0,0.674,main_stage,1,10,10,0,138,0,0,16,Kaggle French Bakery Daily Sales,SYNTHETIC_FEATURE_SNAPSHOT,42,1
zerofest-synthetic-2026,3,B04,B04-M03,D,2026-05-22T19:30:00,19,1170,0,149,0,4,dessert,4500,122,36,6,10,21,4,0,0,0,0,17.6,0.04,0.604,main_stage,1,4,4,0,270,20,0,16,Kaggle French Bakery Daily Sales,SYNTHETIC_FEATURE_SNAPSHOT,37,1
zerofest-synthetic-2026,3,B04,B04-M03,D,2026-05-22T20:00:00,20,1200,0,119,0,4,dessert,4500,122,32,0,4,10,1,0,0,0,0,18.8,0.0,0.35,after_stage,0,6,6,0,160,12,0,16,Kaggle French Bakery Daily Sales,SYNTHETIC_FEATURE_SNAPSHOT,20,0
zerofest-synthetic-2026,3,B04,B04-M03,D,2026-05-22T20:30:00,20,1230,0,89,0,4,dessert,4500,122,26,0,6,4,3,0,0,0,0,17.4,0.0,0.402,after_stage,0,3,3,0,260,19,0,16,Kaggle French Bakery Daily Sales,SYNTHETIC_FEATURE_SNAPSHOT,16,0
zerofest-synthetic-2026,3,B04,B04-M03,D,2026-05-22T21:00:00,21,1260,0,59,0,4,dessert,4500,122,23,1,3,6,2,0,0,0,0,17.6,0.0,0.268,normal,0,5,5,0,138,15,0,16,Kaggle French Bakery Daily Sales,SYNTHETIC_FEATURE_SNAPSHOT,23,0
zerofest-synthetic-2026,3,B04,B04-M03,D,2026-05-22T21:30:00,21,1290,0,29,0,4,dessert,4500,122,18,0,5,3,2,0,0,0,0,17.3,0.05,0.198,normal,0,2,2,0,270,16,0,16,Kaggle French Bakery Daily Sales,SYNTHETIC_FEATURE_SNAPSHOT,14,1
zerofest-synthetic-2026,1,B04,B04-M04,D,2026-05-20T16:00:00,16,960,0,359,0,2,food,6000,207,207,0,0,0,0,0,0,0,0,23.2,0.02,0.266,normal,0,2,2,0,3105,187,0,23,Kaggle French Bakery Daily Sales,SYNTHETIC_FEATURE_SNAPSHOT,1,1
zerofest-synthetic-2026,1,B04,B04-M04,D,2026-05-20T16:30:00,16,990,0,329,0,2,food,6000,207,205,0,2,0,1,0,0,0,0,24.1,0.0,0.218,normal,0,19,19,0,324,34,0,23,Kaggle French Bakery Daily Sales,SYNTHETIC_FEATURE_SNAPSHOT,11,0
zerofest-synthetic-2026,1,B04,B04-M04,D,2026-05-20T17:00:00,17,1020,0,299,0,2,food,6000,207,186,3,19,2,8,0,0,0,0,21.6,0.01,0.466,pre_stage,0,20,20,0,279,22,0,23,Kaggle French Bakery Daily Sales,SYNTHETIC_FEATURE_SNAPSHOT,17,0
zerofest-synthetic-2026,1,B04,B04-M04,D,2026-05-20T17:30:00,17,1050,0,269,0,2,food,6000,207,166,0,20,19,7,0,0,0,0,23.4,0.0,0.448,pre_stage,0,19,19,0,263,26,0,23,Kaggle French Bakery Daily Sales,SYNTHETIC_FEATURE_SNAPSHOT,31,3
zerofest-synthetic-2026,1,B04,B04-M04,D,2026-05-20T18:00:00,18,1080,0,239,0,2,food,6000,207,147,6,19,20,8,0,0,0,0,22.2,0.0,0.584,main_stage,0,23,23,0,192,0,0,23,Kaggle French Bakery Daily Sales,SYNTHETIC_FEATURE_SNAPSHOT,29,2
zerofest-synthetic-2026,1,B04,B04-M04,D,2026-05-20T18:30:00,18,1110,0,209,0,2,food,6000,207,124,3,23,19,9,0,0,0,0,22.9,0.0,0.585,main_stage,0,30,30,0,124,0,0,23,Kaggle French Bakery Daily Sales,SYNTHETIC_FEATURE_SNAPSHOT,34,0
zerofest-synthetic-2026,1,B04,B04-M04,D,2026-05-20T19:00:00,19,1140,0,179,0,2,food,6000,207,94,0,30,23,12,0,0,0,0,22.1,0.03,0.576,main_stage,1,17,17,0,166,10,0,23,Kaggle French Bakery Daily Sales,SYNTHETIC_FEATURE_SNAPSHOT,35,0
zerofest-synthetic-2026,1,B04,B04-M04,D,2026-05-20T19:30:00,19,1170,0,149,0,2,food,6000,207,77,0,17,30,6,0,0,0,0,22.4,0.0,0.563,main_stage,1,10,10,0,231,36,0,23,Kaggle French Bakery Daily Sales,SYNTHETIC_FEATURE_SNAPSHOT,26,0
zerofest-synthetic-2026,1,B04,B04-M04,D,2026-05-20T20:00:00,20,1200,0,119,0,2,food,6000,207,67,0,10,17,6,0,0,0,0,20.9,0.0,0.357,after_stage,0,14,14,0,144,21,0,23,Kaggle French Bakery Daily Sales,SYNTHETIC_FEATURE_SNAPSHOT,25,1
zerofest-synthetic-2026,1,B04,B04-M04,D,2026-05-20T20:30:00,20,1230,0,89,0,2,food,6000,207,53,2,14,10,5,0,0,0,0,22.4,0.0,0.355,after_stage,0,13,13,0,123,21,0,23,Kaggle French Bakery Daily Sales,SYNTHETIC_FEATURE_SNAPSHOT,22,1
zerofest-synthetic-2026,1,B04,B04-M04,D,2026-05-20T21:00:00,21,1260,0,59,0,2,food,6000,207,40,0,13,14,6,0,0,0,0,20.9,0.01,0.238,normal,0,7,7,0,172,29,0,23,Kaggle French Bakery Daily Sales,SYNTHETIC_FEATURE_SNAPSHOT,21,2
zerofest-synthetic-2026,1,B04,B04-M04,D,2026-05-20T21:30:00,21,1290,0,29,0,2,food,6000,207,33,3,7,13,5,0,0,0,0,19.7,0.02,0.223,normal,0,10,10,0,99,25,0,23,Kaggle French Bakery Daily Sales,SYNTHETIC_FEATURE_SNAPSHOT,17,1
zerofest-synthetic-2026,2,B04,B04-M04,D,2026-05-21T16:00:00,16,960,0,359,0,3,food,6000,207,207,0,0,0,0,0,0,1,10,21.7,0.56,0.238,normal,0,7,7,0,888,138,0,0,Kaggle French Bakery Daily Sales,SYNTHETIC_FEATURE_SNAPSHOT,0,0
zerofest-synthetic-2026,2,B04,B04-M04,D,2026-05-21T16:30:00,16,990,0,329,0,3,food,6000,207,200,1,7,0,4,0,0,1,10,21.1,0.66,0.205,normal,0,16,16,0,375,56,0,0,Kaggle French Bakery Daily Sales,SYNTHETIC_FEATURE_SNAPSHOT,14,1
zerofest-synthetic-2026,2,B04,B04-M04,D,2026-05-21T17:00:00,17,1020,0,299,0,3,food,6000,207,184,7,16,7,6,0,0,1,10,20.2,0.45,0.4,pre_stage,0,26,26,0,213,0,0,0,Kaggle French Bakery Daily Sales,SYNTHETIC_FEATURE_SNAPSHOT,17,1
zerofest-synthetic-2026,2,B04,B04-M04,D,2026-05-21T17:30:00,17,1050,0,269,0,3,food,6000,207,158,1,26,16,10,0,0,1,10,21.4,0.47,0.442,pre_stage,0,24,24,0,198,0,0,0,Kaggle French Bakery Daily Sales,SYNTHETIC_FEATURE_SNAPSHOT,35,1
zerofest-synthetic-2026,2,B04,B04-M04,D,2026-05-21T18:00:00,18,1080,0,239,0,3,food,6000,207,134,4,24,26,12,10,0,1,10,21.9,0.79,0.623,main_stage,0,14,14,0,288,42,0,0,Kaggle French Bakery Daily Sales,SYNTHETIC_FEATURE_SNAPSHOT,33,0
zerofest-synthetic-2026,2,B04,B04-M04,D,2026-05-21T18:30:00,18,1110,0,209,0,3,food,6000,207,120,0,14,24,4,10,30,1,10,20.3,0.52,0.544,main_stage,0,24,24,0,150,0,0,0,Kaggle French Bakery Daily Sales,SYNTHETIC_FEATURE_SNAPSHOT,23,0
zerofest-synthetic-2026,2,B04,B04-M04,D,2026-05-21T19:00:00,19,1140,0,179,0,3,food,6000,207,96,6,24,14,10,10,60,1,10,19.6,0.51,0.499,main_stage,1,28,28,0,103,0,0,0,Kaggle French Bakery Daily Sales,SYNTHETIC_FEATURE_SNAPSHOT,45,1
zerofest-synthetic-2026,2,B04,B04-M04,D,2026-05-21T19:30:00,19,1170,0,149,0,3,food,6000,207,68,0,28,24,9,0,0,1,10,19.8,0.56,0.524,main_stage,1,27,27,0,76,0,0,0,Kaggle French Bakery Daily Sales,SYNTHETIC_FEATURE_SNAPSHOT,37,0
zerofest-synthetic-2026,2,B04,B04-M04,D,2026-05-21T20:00:00,20,1200,0,119,0,3,food,6000,207,41,8,27,28,9,0,0,1,10,20.2,0.47,0.298,after_stage,0,13,13,0,95,0,0,0,Kaggle French Bakery Daily Sales,SYNTHETIC_FEATURE_SNAPSHOT,30,1
zerofest-synthetic-2026,2,B04,B04-M04,D,2026-05-21T20:30:00,20,1230,0,89,0,3,food,6000,207,28,2,13,27,6,10,0,1,10,19.2,0.43,0.381,after_stage,0,12,12,0,70,0,0,0,Kaggle French Bakery Daily Sales,SYNTHETIC_FEATURE_SNAPSHOT,21,1
zerofest-synthetic-2026,2,B04,B04-M04,D,2026-05-21T21:00:00,21,1260,0,59,0,3,food,6000,207,16,1,12,13,8,0,0,1,10,18.0,0.63,0.209,normal,0,14,14,0,35,0,0,0,Kaggle French Bakery Daily Sales,SYNTHETIC_FEATURE_SNAPSHOT,26,2
zerofest-synthetic-2026,2,B04,B04-M04,D,2026-05-21T21:30:00,21,1290,0,29,0,3,food,6000,207,2,2,14,12,7,0,0,1,10,18.6,0.36,0.247,normal,0,2,3,1,30,0,0,0,Kaggle French Bakery Daily Sales,SYNTHETIC_FEATURE_SNAPSHOT,21,0
zerofest-synthetic-2026,3,B04,B04-M04,D,2026-05-22T16:00:00,16,960,0,359,0,4,food,6000,207,207,0,0,0,0,0,0,0,0,19.7,0.01,0.208,normal,0,6,6,0,1035,148,0,39,Kaggle French Bakery Daily Sales,SYNTHETIC_FEATURE_SNAPSHOT,0,0
zerofest-synthetic-2026,3,B04,B04-M04,D,2026-05-22T16:30:00,16,990,0,329,0,4,food,6000,207,201,1,6,0,3,0,0,0,0,20.0,0.01,0.279,normal,0,2,2,0,3015,183,0,39,Kaggle French Bakery Daily Sales,SYNTHETIC_FEATURE_SNAPSHOT,17,2
zerofest-synthetic-2026,3,B04,B04-M04,D,2026-05-22T17:00:00,17,1020,0,299,0,4,food,6000,207,199,0,2,6,2,0,0,0,0,20.0,0.09,0.42,pre_stage,0,17,17,0,352,60,0,39,Kaggle French Bakery Daily Sales,SYNTHETIC_FEATURE_SNAPSHOT,12,1
zerofest-synthetic-2026,3,B04,B04-M04,D,2026-05-22T17:30:00,17,1050,0,269,0,4,food,6000,207,182,2,17,2,10,0,0,0,0,19.8,0.0,0.401,pre_stage,0,13,13,0,420,86,0,39,Kaggle French Bakery Daily Sales,SYNTHETIC_FEATURE_SNAPSHOT,30,0
zerofest-synthetic-2026,3,B04,B04-M04,D,2026-05-22T18:00:00,18,1080,0,239,0,4,food,6000,207,169,1,13,17,6,0,0,0,0,18.9,0.01,0.649,main_stage,0,16,16,0,317,64,0,39,Kaggle French Bakery Daily Sales,SYNTHETIC_FEATURE_SNAPSHOT,26,0
zerofest-synthetic-2026,3,B04,B04-M04,D,2026-05-22T18:30:00,18,1110,0,209,0,4,food,6000,207,153,3,16,13,7,0,0,0,0,18.8,0.0,0.593,main_stage,0,32,32,0,144,0,0,39,Kaggle French Bakery Daily Sales,SYNTHETIC_FEATURE_SNAPSHOT,34,2
zerofest-synthetic-2026,3,B04,B04-M04,D,2026-05-22T19:00:00,19,1140,0,179,0,4,food,6000,207,121,4,32,16,11,0,0,0,0,17.9,0.0,0.674,main_stage,1,22,22,0,165,13,0,39,Kaggle French Bakery Daily Sales,SYNTHETIC_FEATURE_SNAPSHOT,42,1
zerofest-synthetic-2026,3,B04,B04-M04,D,2026-05-22T19:30:00,19,1170,0,149,0,4,food,6000,207,99,6,22,32,8,0,0,0,0,17.6,0.04,0.604,main_stage,1,19,19,0,157,21,0,39,Kaggle French Bakery Daily Sales,SYNTHETIC_FEATURE_SNAPSHOT,37,1
zerofest-synthetic-2026,3,B04,B04-M04,D,2026-05-22T20:00:00,20,1200,0,119,0,4,food,6000,207,80,6,19,22,8,0,0,0,0,18.8,0.0,0.35,after_stage,0,22,22,0,110,8,0,39,Kaggle French Bakery Daily Sales,SYNTHETIC_FEATURE_SNAPSHOT,20,0
zerofest-synthetic-2026,3,B04,B04-M04,D,2026-05-22T20:30:00,20,1230,0,89,0,4,food,6000,207,58,4,22,19,8,0,0,0,0,17.4,0.0,0.402,after_stage,0,4,4,0,435,48,0,39,Kaggle French Bakery Daily Sales,SYNTHETIC_FEATURE_SNAPSHOT,16,0
zerofest-synthetic-2026,3,B04,B04-M04,D,2026-05-22T21:00:00,21,1260,0,59,0,4,food,6000,207,54,0,4,22,3,0,0,0,0,17.6,0.0,0.268,normal,0,2,2,0,810,51,0,39,Kaggle French Bakery Daily Sales,SYNTHETIC_FEATURE_SNAPSHOT,23,0
zerofest-synthetic-2026,3,B04,B04-M04,D,2026-05-22T21:30:00,21,1290,0,29,0,4,food,6000,207,52,0,2,4,1,0,0,0,0,17.3,0.05,0.198,normal,0,13,13,0,120,41,0,39,Kaggle French Bakery Daily Sales,SYNTHETIC_FEATURE_SNAPSHOT,14,1
zerofest-synthetic-2026,1,B05,B05-M01,A,2026-05-20T16:00:00,16,960,0,359,0,2,drink,4000,197,197,0,0,0,0,0,0,1,10,23.2,0.02,0.266,normal,0,15,15,0,394,49,0,6,Kaggle French Bakery Daily Sales,SYNTHETIC_FEATURE_SNAPSHOT,0,0
zerofest-synthetic-2026,1,B05,B05-M01,A,2026-05-20T16:30:00,16,990,0,329,0,2,drink,4000,197,182,1,15,0,10,0,0,1,10,24.1,0.0,0.218,normal,0,11,11,0,497,83,0,6,Kaggle French Bakery Daily Sales,SYNTHETIC_FEATURE_SNAPSHOT,17,0
zerofest-synthetic-2026,1,B05,B05-M01,A,2026-05-20T17:00:00,17,1020,0,299,0,2,drink,4000,197,171,0,11,15,6,0,0,1,10,21.6,0.01,0.466,pre_stage,0,23,23,0,224,0,0,6,Kaggle French Bakery Daily Sales,SYNTHETIC_FEATURE_SNAPSHOT,19,0
zerofest-synthetic-2026,1,B05,B05-M01,A,2026-05-20T17:30:00,17,1050,0,269,0,2,drink,4000,197,148,2,23,11,10,0,0,1,10,23.4,0.0,0.448,pre_stage,0,14,14,0,318,45,0,6,Kaggle French Bakery Daily Sales,SYNTHETIC_FEATURE_SNAPSHOT,19,0
zerofest-synthetic-2026,1,B05,B05-M01,A,2026-05-20T18:00:00,18,1080,0,239,0,2,drink,4000,197,134,0,14,23,5,0,0,1,10,22.2,0.0,0.584,main_stage,0,26,26,0,155,0,0,6,Kaggle French Bakery Daily Sales,SYNTHETIC_FEATURE_SNAPSHOT,27,0
zerofest-synthetic-2026,1,B05,B05-M01,A,2026-05-20T18:30:00,18,1110,0,209,0,2,drink,4000,197,108,4,26,14,9,10,0,1,10,22.9,0.0,0.585,main_stage,0,24,24,0,135,0,0,6,Kaggle French Bakery Daily Sales,SYNTHETIC_FEATURE_SNAPSHOT,22,2
zerofest-synthetic-2026,1,B05,B05-M01,A,2026-05-20T19:00:00,19,1140,0,179,0,2,drink,4000,197,84,2,24,26,11,10,30,1,10,22.1,0.03,0.576,main_stage,1,14,14,0,180,15,0,6,Kaggle French Bakery Daily Sales,SYNTHETIC_FEATURE_SNAPSHOT,44,1
zerofest-synthetic-2026,1,B05,B05-M01,A,2026-05-20T19:30:00,19,1170,0,149,0,2,drink,4000,197,70,4,14,24,6,0,0,1,10,22.4,0.0,0.563,main_stage,1,25,25,0,84,0,0,6,Kaggle French Bakery Daily Sales,SYNTHETIC_FEATURE_SNAPSHOT,26,1
zerofest-synthetic-2026,1,B05,B05-M01,A,2026-05-20T20:00:00,20,1200,0,119,0,2,drink,4000,197,45,7,25,14,8,0,0,1,10,20.9,0.0,0.357,after_stage,0,15,15,0,90,0,0,6,Kaggle French Bakery Daily Sales,SYNTHETIC_FEATURE_SNAPSHOT,32,0
zerofest-synthetic-2026,1,B05,B05-M01,A,2026-05-20T20:30:00,20,1230,0,89,0,2,drink,4000,197,30,0,15,25,6,0,0,1,10,22.4,0.0,0.355,after_stage,0,4,4,0,225,20,0,6,Kaggle French Bakery Daily Sales,SYNTHETIC_FEATURE_SNAPSHOT,17,0
zerofest-synthetic-2026,1,B05,B05-M01,A,2026-05-20T21:00:00,21,1260,0,59,0,2,drink,4000,197,26,2,4,15,3,0,0,1,10,20.9,0.01,0.238,normal,0,15,15,0,52,1,0,6,Kaggle French Bakery Daily Sales,SYNTHETIC_FEATURE_SNAPSHOT,20,1
zerofest-synthetic-2026,1,B05,B05-M01,A,2026-05-20T21:30:00,21,1290,0,29,0,2,drink,4000,197,11,3,15,4,7,0,0,1,10,19.7,0.02,0.223,normal,0,5,5,0,66,7,0,6,Kaggle French Bakery Daily Sales,SYNTHETIC_FEATURE_SNAPSHOT,15,0
zerofest-synthetic-2026,2,B05,B05-M01,A,2026-05-21T16:00:00,16,960,0,359,0,3,drink,4000,197,196,1,1,0,1,0,0,1,30,21.7,0.56,0.238,normal,0,5,5,0,1176,147,0,0,Kaggle French Bakery Daily Sales,SYNTHETIC_FEATURE_SNAPSHOT,2,2
zerofest-synthetic-2026,2,B05,B05-M01,A,2026-05-21T16:30:00,16,990,0,329,0,3,drink,4000,197,191,2,5,1,3,0,0,1,30,21.1,0.66,0.205,normal,0,9,9,0,637,110,0,0,Kaggle French Bakery Daily Sales,SYNTHETIC_FEATURE_SNAPSHOT,22,1
zerofest-synthetic-2026,2,B05,B05-M01,A,2026-05-21T17:00:00,17,1020,0,299,0,3,drink,4000,197,182,1,9,5,5,0,0,1,30,20.2,0.45,0.4,pre_stage,0,16,16,0,342,51,0,0,Kaggle French Bakery Daily Sales,SYNTHETIC_FEATURE_SNAPSHOT,14,1
zerofest-synthetic-2026,2,B05,B05-M01,A,2026-05-21T17:30:00,17,1050,0,269,0,3,drink,4000,197,166,5,16,9,7,0,0,1,30,21.4,0.47,0.442,pre_stage,0,24,24,0,208,0,0,0,Kaggle French Bakery Daily Sales,SYNTHETIC_FEATURE_SNAPSHOT,32,1
zerofest-synthetic-2026,2,B05,B05-M01,A,2026-05-21T18:00:00,18,1080,0,239,0,3,drink,4000,197,142,1,24,16,12,30,0,1,30,21.9,0.79,0.623,main_stage,0,47,47,0,91,0,0,0,Kaggle French Bakery Daily Sales,SYNTHETIC_FEATURE_SNAPSHOT,35,1
zerofest-synthetic-2026,2,B05,B05-M01,A,2026-05-21T18:30:00,18,1110,0,209,0,3,drink,4000,197,95,5,47,24,20,0,0,1,30,20.3,0.52,0.544,main_stage,0,20,20,0,143,0,0,0,Kaggle French Bakery Daily Sales,SYNTHETIC_FEATURE_SNAPSHOT,46,1
zerofest-synthetic-2026,2,B05,B05-M01,A,2026-05-21T19:00:00,19,1140,0,179,0,3,drink,4000,197,75,1,20,47,8,0,0,1,30,19.6,0.51,0.499,main_stage,1,38,38,0,60,0,0,0,Kaggle French Bakery Daily Sales,SYNTHETIC_FEATURE_SNAPSHOT,39,0
zerofest-synthetic-2026,2,B05,B05-M01,A,2026-05-21T19:30:00,19,1170,0,149,0,3,drink,4000,197,37,6,38,20,12,30,0,1,30,19.8,0.56,0.524,main_stage,1,27,27,0,42,0,0,0,Kaggle French Bakery Daily Sales,SYNTHETIC_FEATURE_SNAPSHOT,46,1
zerofest-synthetic-2026,2,B05,B05-M01,A,2026-05-21T20:00:00,20,1200,0,119,0,3,drink,4000,197,10,0,27,38,9,0,0,1,30,20.2,0.47,0.298,after_stage,0,10,25,1,30,0,0,0,Kaggle French Bakery Daily Sales,SYNTHETIC_FEATURE_SNAPSHOT,30,2
zerofest-synthetic-2026,2,B05,B05-M01,A,2026-05-21T20:30:00,20,1230,0,89,0,3,drink,4000,197,0,0,10,27,4,30,0,1,30,19.2,0.43,0.381,after_stage,0,0,34,1,0,0,1,0,Kaggle French Bakery Daily Sales,SYNTHETIC_FEATURE_SNAPSHOT,19,0
zerofest-synthetic-2026,2,B05,B05-M01,A,2026-05-21T21:00:00,21,1260,0,59,0,3,drink,4000,197,0,0,0,10,0,0,0,1,30,18.0,0.63,0.209,normal,0,0,9,1,0,0,1,0,Kaggle French Bakery Daily Sales,SYNTHETIC_FEATURE_SNAPSHOT,14,1
zerofest-synthetic-2026,2,B05,B05-M01,A,2026-05-21T21:30:00,21,1290,0,29,0,3,drink,4000,197,0,0,0,0,0,0,0,1,30,18.6,0.36,0.247,normal,0,0,10,1,0,0,1,0,Kaggle French Bakery Daily Sales,SYNTHETIC_FEATURE_SNAPSHOT,7,0
zerofest-synthetic-2026,3,B05,B05-M01,A,2026-05-22T16:00:00,16,960,0,359,0,4,drink,4000,197,197,0,0,0,0,0,0,0,0,19.7,0.01,0.208,normal,0,12,12,0,493,79,0,37,Kaggle French Bakery Daily Sales,SYNTHETIC_FEATURE_SNAPSHOT,0,0
zerofest-synthetic-2026,3,B05,B05-M01,A,2026-05-22T16:30:00,16,990,0,329,0,4,drink,4000,197,185,0,12,0,4,0,0,0,0,20.0,0.01,0.279,normal,0,15,15,0,370,50,0,37,Kaggle French Bakery Daily Sales,SYNTHETIC_FEATURE_SNAPSHOT,9,0
zerofest-synthetic-2026,3,B05,B05-M01,A,2026-05-22T17:00:00,17,1020,0,299,0,4,drink,4000,197,170,0,15,12,6,0,0,0,0,20.0,0.09,0.42,pre_stage,0,8,8,0,638,104,0,37,Kaggle French Bakery Daily Sales,SYNTHETIC_FEATURE_SNAPSHOT,12,1
zerofest-synthetic-2026,3,B05,B05-M01,A,2026-05-22T17:30:00,17,1050,0,269,0,4,drink,4000,197,162,0,8,15,5,0,0,0,0,19.8,0.0,0.401,pre_stage,0,12,12,0,405,73,0,37,Kaggle French Bakery Daily Sales,SYNTHETIC_FEATURE_SNAPSHOT,28,0
zerofest-synthetic-2026,3,B05,B05-M01,A,2026-05-22T18:00:00,18,1080,0,239,0,4,drink,4000,197,150,4,12,8,5,0,0,0,0,18.9,0.01,0.649,main_stage,0,17,17,0,265,38,0,37,Kaggle French Bakery Daily Sales,SYNTHETIC_FEATURE_SNAPSHOT,28,0
zerofest-synthetic-2026,3,B05,B05-M01,A,2026-05-22T18:30:00,18,1110,0,209,0,4,drink,4000,197,133,2,17,12,7,0,0,0,0,18.8,0.0,0.593,main_stage,0,20,20,0,200,18,0,37,Kaggle French Bakery Daily Sales,SYNTHETIC_FEATURE_SNAPSHOT,35,2
zerofest-synthetic-2026,3,B05,B05-M01,A,2026-05-22T19:00:00,19,1140,0,179,0,4,drink,4000,197,113,2,20,17,9,0,0,0,0,17.9,0.0,0.674,main_stage,1,17,17,0,200,29,0,37,Kaggle French Bakery Daily Sales,SYNTHETIC_FEATURE_SNAPSHOT,26,1
zerofest-synthetic-2026,3,B05,B05-M01,A,2026-05-22T19:30:00,19,1170,0,149,0,4,drink,4000,197,96,5,17,20,7,0,0,0,0,17.6,0.04,0.604,main_stage,1,7,7,0,412,67,0,37,Kaggle French Bakery Daily Sales,SYNTHETIC_FEATURE_SNAPSHOT,26,1
zerofest-synthetic-2026,3,B05,B05-M01,A,2026-05-22T20:00:00,20,1200,0,119,0,4,drink,4000,197,89,0,7,17,3,0,0,0,0,18.8,0.0,0.35,after_stage,0,19,19,0,141,27,0,37,Kaggle French Bakery Daily Sales,SYNTHETIC_FEATURE_SNAPSHOT,28,0
zerofest-synthetic-2026,3,B05,B05-M01,A,2026-05-22T20:30:00,20,1230,0,89,0,4,drink,4000,197,70,0,19,7,8,0,0,0,0,17.4,0.0,0.402,after_stage,0,6,6,0,350,55,0,37,Kaggle French Bakery Daily Sales,SYNTHETIC_FEATURE_SNAPSHOT,27,0
zerofest-synthetic-2026,3,B05,B05-M01,A,2026-05-22T21:00:00,21,1260,0,59,0,4,drink,4000,197,64,2,6,19,4,0,0,0,0,17.6,0.0,0.268,normal,0,16,16,0,120,38,0,37,Kaggle French Bakery Daily Sales,SYNTHETIC_FEATURE_SNAPSHOT,22,0
zerofest-synthetic-2026,3,B05,B05-M01,A,2026-05-22T21:30:00,21,1290,0,29,0,4,drink,4000,197,48,3,16,6,8,0,0,0,0,17.3,0.05,0.198,normal,0,11,11,0,131,39,0,37,Kaggle French Bakery Daily Sales,SYNTHETIC_FEATURE_SNAPSHOT,18,0
zerofest-synthetic-2026,1,B05,B05-M02,A,2026-05-20T16:00:00,16,960,0,359,0,2,dessert,4000,130,130,0,0,0,0,0,0,1,20,23.2,0.02,0.266,normal,0,10,10,0,390,32,0,0,Kaggle French Bakery Daily Sales,SYNTHETIC_FEATURE_SNAPSHOT,0,0
zerofest-synthetic-2026,1,B05,B05-M02,A,2026-05-20T16:30:00,16,990,0,329,0,2,dessert,4000,130,120,2,10,0,5,0,0,1,20,24.1,0.0,0.218,normal,0,4,4,0,900,84,0,0,Kaggle French Bakery Daily Sales,SYNTHETIC_FEATURE_SNAPSHOT,17,0
zerofest-synthetic-2026,1,B05,B05-M02,A,2026-05-20T17:00:00,17,1020,0,299,0,2,dessert,4000,130,116,2,4,10,3,0,0,1,20,21.6,0.01,0.466,pre_stage,0,3,3,0,1160,91,0,0,Kaggle French Bakery Daily Sales,SYNTHETIC_FEATURE_SNAPSHOT,19,0
zerofest-synthetic-2026,1,B05,B05-M02,A,2026-05-20T17:30:00,17,1050,0,269,0,2,dessert,4000,130,113,0,3,4,2,0,0,1,20,23.4,0.0,0.448,pre_stage,0,13,13,0,261,17,0,0,Kaggle French Bakery Daily Sales,SYNTHETIC_FEATURE_SNAPSHOT,19,0
zerofest-synthetic-2026,1,B05,B05-M02,A,2026-05-20T18:00:00,18,1080,0,239,0,2,dessert,4000,130,100,3,13,3,6,0,0,1,20,22.2,0.0,0.584,main_stage,0,9,9,0,334,41,0,0,Kaggle French Bakery Daily Sales,SYNTHETIC_FEATURE_SNAPSHOT,27,0
zerofest-synthetic-2026,1,B05,B05-M02,A,2026-05-20T18:30:00,18,1110,0,209,0,2,dessert,4000,130,91,2,9,13,4,20,0,1,20,22.9,0.0,0.585,main_stage,0,29,29,0,95,0,0,0,Kaggle French Bakery Daily Sales,SYNTHETIC_FEATURE_SNAPSHOT,22,2
zerofest-synthetic-2026,1,B05,B05-M02,A,2026-05-20T19:00:00,19,1140,0,179,0,2,dessert,4000,130,62,2,29,9,13,0,0,1,20,22.1,0.03,0.576,main_stage,1,28,28,0,67,0,0,0,Kaggle French Bakery Daily Sales,SYNTHETIC_FEATURE_SNAPSHOT,44,1
zerofest-synthetic-2026,1,B05,B05-M02,A,2026-05-20T19:30:00,19,1170,0,149,0,2,dessert,4000,130,34,3,28,29,12,20,0,1,20,22.4,0.0,0.563,main_stage,1,24,24,0,43,0,0,0,Kaggle French Bakery Daily Sales,SYNTHETIC_FEATURE_SNAPSHOT,26,1
zerofest-synthetic-2026,1,B05,B05-M02,A,2026-05-20T20:00:00,20,1200,0,119,0,2,dessert,4000,130,10,1,24,28,11,20,30,1,20,20.9,0.0,0.357,after_stage,0,2,2,0,150,3,0,0,Kaggle French Bakery Daily Sales,SYNTHETIC_FEATURE_SNAPSHOT,32,0
zerofest-synthetic-2026,1,B05,B05-M02,A,2026-05-20T20:30:00,20,1230,0,89,0,2,dessert,4000,130,8,0,2,24,1,20,60,1,20,22.4,0.0,0.355,after_stage,0,8,14,1,30,0,0,0,Kaggle French Bakery Daily Sales,SYNTHETIC_FEATURE_SNAPSHOT,17,0
zerofest-synthetic-2026,1,B05,B05-M02,A,2026-05-20T21:00:00,21,1260,0,59,0,2,dessert,4000,130,0,0,8,2,4,20,90,1,20,20.9,0.01,0.238,normal,0,0,5,1,0,0,1,0,Kaggle French Bakery Daily Sales,SYNTHETIC_FEATURE_SNAPSHOT,20,1
zerofest-synthetic-2026,1,B05,B05-M02,A,2026-05-20T21:30:00,21,1290,0,29,0,2,dessert,4000,130,0,0,0,8,0,0,0,1,20,19.7,0.02,0.223,normal,0,0,8,1,0,0,1,0,Kaggle French Bakery Daily Sales,SYNTHETIC_FEATURE_SNAPSHOT,15,0
zerofest-synthetic-2026,2,B05,B05-M02,A,2026-05-21T16:00:00,16,960,0,359,0,3,dessert,4000,130,130,0,0,0,0,0,0,0,0,21.7,0.56,0.238,normal,0,6,6,0,650,71,0,0,Kaggle French Bakery Daily Sales,SYNTHETIC_FEATURE_SNAPSHOT,2,2
zerofest-synthetic-2026,2,B05,B05-M02,A,2026-05-21T16:30:00,16,990,0,329,0,3,dessert,4000,130,124,3,6,0,3,0,0,0,0,21.1,0.66,0.205,normal,0,5,5,0,744,79,0,0,Kaggle French Bakery Daily Sales,SYNTHETIC_FEATURE_SNAPSHOT,22,1
zerofest-synthetic-2026,2,B05,B05-M02,A,2026-05-21T17:00:00,17,1020,0,299,0,3,dessert,4000,130,119,5,5,6,1,0,0,0,0,20.2,0.45,0.4,pre_stage,0,13,13,0,275,12,0,0,Kaggle French Bakery Daily Sales,SYNTHETIC_FEATURE_SNAPSHOT,14,1
zerofest-synthetic-2026,2,B05,B05-M02,A,2026-05-21T17:30:00,17,1050,0,269,0,3,dessert,4000,130,106,0,13,5,7,0,0,0,0,21.4,0.47,0.442,pre_stage,0,12,12,0,265,17,0,0,Kaggle French Bakery Daily Sales,SYNTHETIC_FEATURE_SNAPSHOT,32,1
zerofest-synthetic-2026,2,B05,B05-M02,A,2026-05-21T18:00:00,18,1080,0,239,0,3,dessert,4000,130,94,5,12,13,5,0,0,0,0,21.9,0.79,0.623,main_stage,0,7,7,0,403,48,0,0,Kaggle French Bakery Daily Sales,SYNTHETIC_FEATURE_SNAPSHOT,35,1
zerofest-synthetic-2026,2,B05,B05-M02,A,2026-05-21T18:30:00,18,1110,0,209,0,3,dessert,4000,130,87,0,7,12,3,0,0,0,0,20.3,0.52,0.544,main_stage,0,30,30,0,87,0,0,0,Kaggle French Bakery Daily Sales,SYNTHETIC_FEATURE_SNAPSHOT,46,1
zerofest-synthetic-2026,2,B05,B05-M02,A,2026-05-21T19:00:00,19,1140,0,179,0,3,dessert,4000,130,57,2,30,7,13,0,0,0,0,19.6,0.51,0.499,main_stage,1,18,18,0,95,0,0,0,Kaggle French Bakery Daily Sales,SYNTHETIC_FEATURE_SNAPSHOT,39,0
zerofest-synthetic-2026,2,B05,B05-M02,A,2026-05-21T19:30:00,19,1170,0,149,0,3,dessert,4000,130,39,9,18,30,8,0,0,0,0,19.8,0.56,0.524,main_stage,1,3,3,0,390,27,0,0,Kaggle French Bakery Daily Sales,SYNTHETIC_FEATURE_SNAPSHOT,46,1
zerofest-synthetic-2026,2,B05,B05-M02,A,2026-05-21T20:00:00,20,1200,0,119,0,3,dessert,4000,130,36,0,3,18,3,0,0,0,0,20.2,0.47,0.298,after_stage,0,14,14,0,78,0,0,0,Kaggle French Bakery Daily Sales,SYNTHETIC_FEATURE_SNAPSHOT,30,2
zerofest-synthetic-2026,2,B05,B05-M02,A,2026-05-21T20:30:00,20,1230,0,89,0,3,dessert,4000,130,22,5,14,3,6,0,0,0,0,19.2,0.43,0.381,after_stage,0,18,18,0,37,0,0,0,Kaggle French Bakery Daily Sales,SYNTHETIC_FEATURE_SNAPSHOT,19,0
zerofest-synthetic-2026,2,B05,B05-M02,A,2026-05-21T21:00:00,21,1260,0,59,0,3,dessert,4000,130,4,7,18,14,8,0,0,0,0,18.0,0.63,0.209,normal,0,4,6,1,30,0,0,0,Kaggle French Bakery Daily Sales,SYNTHETIC_FEATURE_SNAPSHOT,14,1
zerofest-synthetic-2026,2,B05,B05-M02,A,2026-05-21T21:30:00,21,1290,0,29,0,3,dessert,4000,130,0,0,4,18,2,0,0,0,0,18.6,0.36,0.247,normal,0,0,3,1,0,0,1,0,Kaggle French Bakery Daily Sales,SYNTHETIC_FEATURE_SNAPSHOT,7,0
zerofest-synthetic-2026,3,B05,B05-M02,A,2026-05-22T16:00:00,16,960,0,359,0,4,dessert,4000,130,130,0,0,0,0,0,0,1,30,19.7,0.01,0.208,normal,0,5,5,0,780,81,0,5,Kaggle French Bakery Daily Sales,SYNTHETIC_FEATURE_SNAPSHOT,0,0
zerofest-synthetic-2026,3,B05,B05-M02,A,2026-05-22T16:30:00,16,990,0,329,0,4,dessert,4000,130,125,0,5,0,1,0,0,1,30,20.0,0.01,0.279,normal,0,0,0,0,12500,125,0,5,Kaggle French Bakery Daily Sales,SYNTHETIC_FEATURE_SNAPSHOT,9,0
zerofest-synthetic-2026,3,B05,B05-M02,A,2026-05-22T17:00:00,17,1020,0,299,0,4,dessert,4000,130,125,0,0,5,0,0,0,1,30,20.0,0.09,0.42,pre_stage,0,8,8,0,469,59,0,5,Kaggle French Bakery Daily Sales,SYNTHETIC_FEATURE_SNAPSHOT,12,1
zerofest-synthetic-2026,3,B05,B05-M02,A,2026-05-22T17:30:00,17,1050,0,269,0,4,dessert,4000,130,117,0,8,0,4,0,0,1,30,19.8,0.0,0.401,pre_stage,0,13,13,0,270,21,0,5,Kaggle French Bakery Daily Sales,SYNTHETIC_FEATURE_SNAPSHOT,28,0
zerofest-synthetic-2026,3,B05,B05-M02,A,2026-05-22T18:00:00,18,1080,0,239,0,4,dessert,4000,130,104,0,13,8,5,0,0,1,30,18.9,0.01,0.649,main_stage,0,16,16,0,195,0,0,5,Kaggle French Bakery Daily Sales,SYNTHETIC_FEATURE_SNAPSHOT,28,0
zerofest-synthetic-2026,3,B05,B05-M02,A,2026-05-22T18:30:00,18,1110,0,209,0,4,dessert,4000,130,88,4,16,13,7,30,0,1,30,18.8,0.0,0.593,main_stage,0,13,13,0,204,13,0,5,Kaggle French Bakery Daily Sales,SYNTHETIC_FEATURE_SNAPSHOT,35,2
zerofest-synthetic-2026,3,B05,B05-M02,A,2026-05-22T19:00:00,19,1140,0,179,0,4,dessert,4000,130,75,3,13,16,6,0,0,1,30,17.9,0.0,0.674,main_stage,1,15,15,0,150,1,0,5,Kaggle French Bakery Daily Sales,SYNTHETIC_FEATURE_SNAPSHOT,26,1
zerofest-synthetic-2026,3,B05,B05-M02,A,2026-05-22T19:30:00,19,1170,0,149,0,4,dessert,4000,130,60,4,15,13,8,0,0,1,30,17.6,0.04,0.604,main_stage,1,24,24,0,75,0,0,5,Kaggle French Bakery Daily Sales,SYNTHETIC_FEATURE_SNAPSHOT,26,1
zerofest-synthetic-2026,3,B05,B05-M02,A,2026-05-22T20:00:00,20,1200,0,119,0,4,dessert,4000,130,36,0,24,15,8,30,0,1,30,18.8,0.0,0.35,after_stage,0,15,15,0,72,0,0,5,Kaggle French Bakery Daily Sales,SYNTHETIC_FEATURE_SNAPSHOT,28,0
zerofest-synthetic-2026,3,B05,B05-M02,A,2026-05-22T20:30:00,20,1230,0,89,0,4,dessert,4000,130,21,0,15,24,7,0,0,1,30,17.4,0.0,0.402,after_stage,0,3,3,0,210,14,0,5,Kaggle French Bakery Daily Sales,SYNTHETIC_FEATURE_SNAPSHOT,27,0
zerofest-synthetic-2026,3,B05,B05-M02,A,2026-05-22T21:00:00,21,1260,0,59,0,4,dessert,4000,130,18,0,3,15,2,30,0,1,30,17.6,0.0,0.268,normal,0,4,4,0,135,11,0,5,Kaggle French Bakery Daily Sales,SYNTHETIC_FEATURE_SNAPSHOT,22,0
zerofest-synthetic-2026,3,B05,B05-M02,A,2026-05-22T21:30:00,21,1290,0,29,0,4,dessert,4000,130,14,0,4,3,3,0,0,1,30,17.3,0.05,0.198,normal,0,9,9,0,47,7,0,5,Kaggle French Bakery Daily Sales,SYNTHETIC_FEATURE_SNAPSHOT,18,0
zerofest-synthetic-2026,1,B05,B05-M03,A,2026-05-20T16:00:00,16,960,0,359,0,2,food,5000,154,154,0,0,0,0,0,0,0,0,23.2,0.02,0.266,normal,0,1,1,0,4620,144,0,36,Kaggle French Bakery Daily Sales,SYNTHETIC_FEATURE_SNAPSHOT,0,0
zerofest-synthetic-2026,1,B05,B05-M03,A,2026-05-20T16:30:00,16,990,0,329,0,2,food,5000,154,153,0,1,0,1,0,0,0,0,24.1,0.0,0.218,normal,0,16,16,0,287,9,0,36,Kaggle French Bakery Daily Sales,SYNTHETIC_FEATURE_SNAPSHOT,17,0
zerofest-synthetic-2026,1,B05,B05-M03,A,2026-05-20T17:00:00,17,1020,0,299,0,2,food,5000,154,137,2,16,1,5,0,0,0,0,21.6,0.01,0.466,pre_stage,0,9,9,0,457,63,0,36,Kaggle French Bakery Daily Sales,SYNTHETIC_FEATURE_SNAPSHOT,19,0
zerofest-synthetic-2026,1,B05,B05-M03,A,2026-05-20T17:30:00,17,1050,0,269,0,2,food,5000,154,128,0,9,16,4,0,0,0,0,23.4,0.0,0.448,pre_stage,0,16,16,0,240,10,0,36,Kaggle French Bakery Daily Sales,SYNTHETIC_FEATURE_SNAPSHOT,19,0
zerofest-synthetic-2026,1,B05,B05-M03,A,2026-05-20T18:00:00,18,1080,0,239,0,2,food,5000,154,112,0,16,9,7,0,0,0,0,22.2,0.0,0.584,main_stage,0,5,5,0,672,79,0,36,Kaggle French Bakery Daily Sales,SYNTHETIC_FEATURE_SNAPSHOT,27,0
zerofest-synthetic-2026,1,B05,B05-M03,A,2026-05-20T18:30:00,18,1110,0,209,0,2,food,5000,154,107,0,5,16,2,0,0,0,0,22.9,0.0,0.585,main_stage,0,17,17,0,189,9,0,36,Kaggle French Bakery Daily Sales,SYNTHETIC_FEATURE_SNAPSHOT,22,2
zerofest-synthetic-2026,1,B05,B05-M03,A,2026-05-20T19:00:00,19,1140,0,179,0,2,food,5000,154,90,4,17,5,7,0,0,0,0,22.1,0.03,0.576,main_stage,1,8,8,0,338,51,0,36,Kaggle French Bakery Daily Sales,SYNTHETIC_FEATURE_SNAPSHOT,44,1
zerofest-synthetic-2026,1,B05,B05-M03,A,2026-05-20T19:30:00,19,1170,0,149,0,2,food,5000,154,82,2,8,17,4,0,0,0,0,22.4,0.0,0.563,main_stage,1,18,18,0,137,8,0,36,Kaggle French Bakery Daily Sales,SYNTHETIC_FEATURE_SNAPSHOT,26,1
zerofest-synthetic-2026,1,B05,B05-M03,A,2026-05-20T20:00:00,20,1200,0,119,0,2,food,5000,154,64,2,18,8,6,0,0,0,0,20.9,0.0,0.357,after_stage,0,5,5,0,384,48,0,36,Kaggle French Bakery Daily Sales,SYNTHETIC_FEATURE_SNAPSHOT,32,0
zerofest-synthetic-2026,1,B05,B05-M03,A,2026-05-20T20:30:00,20,1230,0,89,0,2,food,5000,154,59,0,5,18,2,0,0,0,0,22.4,0.0,0.355,after_stage,0,10,10,0,177,34,0,36,Kaggle French Bakery Daily Sales,SYNTHETIC_FEATURE_SNAPSHOT,17,0
zerofest-synthetic-2026,1,B05,B05-M03,A,2026-05-20T21:00:00,21,1260,0,59,0,2,food,5000,154,49,2,10,5,6,0,0,0,0,20.9,0.01,0.238,normal,0,8,8,0,184,36,0,36,Kaggle French Bakery Daily Sales,SYNTHETIC_FEATURE_SNAPSHOT,20,1
zerofest-synthetic-2026,1,B05,B05-M03,A,2026-05-20T21:30:00,21,1290,0,29,0,2,food,5000,154,41,0,8,10,3,0,0,0,0,19.7,0.02,0.223,normal,0,5,5,0,246,37,0,36,Kaggle French Bakery Daily Sales,SYNTHETIC_FEATURE_SNAPSHOT,15,0
zerofest-synthetic-2026,2,B05,B05-M03,A,2026-05-21T16:00:00,16,960,0,359,0,3,food,5000,154,152,2,2,0,1,0,0,0,0,21.7,0.56,0.238,normal,0,16,16,0,285,0,0,0,Kaggle French Bakery Daily Sales,SYNTHETIC_FEATURE_SNAPSHOT,2,2
zerofest-synthetic-2026,2,B05,B05-M03,A,2026-05-21T16:30:00,16,990,0,329,0,3,food,5000,154,136,2,16,2,9,0,0,0,0,21.1,0.66,0.205,normal,0,10,10,0,408,46,0,0,Kaggle French Bakery Daily Sales,SYNTHETIC_FEATURE_SNAPSHOT,22,1
zerofest-synthetic-2026,2,B05,B05-M03,A,2026-05-21T17:00:00,17,1020,0,299,0,3,food,5000,154,126,0,10,16,6,0,0,0,0,20.2,0.45,0.4,pre_stage,0,14,14,0,270,11,0,0,Kaggle French Bakery Daily Sales,SYNTHETIC_FEATURE_SNAPSHOT,14,1
zerofest-synthetic-2026,2,B05,B05-M03,A,2026-05-21T17:30:00,17,1050,0,269,0,3,food,5000,154,112,2,14,10,7,0,0,0,0,21.4,0.47,0.442,pre_stage,0,12,12,0,280,23,0,0,Kaggle French Bakery Daily Sales,SYNTHETIC_FEATURE_SNAPSHOT,32,1
zerofest-synthetic-2026,2,B05,B05-M03,A,2026-05-21T18:00:00,18,1080,0,239,0,3,food,5000,154,100,3,12,14,7,0,0,0,0,21.9,0.79,0.623,main_stage,0,20,20,0,150,0,0,0,Kaggle French Bakery Daily Sales,SYNTHETIC_FEATURE_SNAPSHOT,35,1
zerofest-synthetic-2026,2,B05,B05-M03,A,2026-05-21T18:30:00,18,1110,0,209,0,3,food,5000,154,80,0,20,12,9,0,0,0,0,20.3,0.52,0.544,main_stage,0,11,11,0,219,17,0,0,Kaggle French Bakery Daily Sales,SYNTHETIC_FEATURE_SNAPSHOT,46,1
zerofest-synthetic-2026,2,B05,B05-M03,A,2026-05-21T19:00:00,19,1140,0,179,0,3,food,5000,154,69,4,11,20,3,0,0,0,0,19.6,0.51,0.499,main_stage,1,32,32,0,65,0,0,0,Kaggle French Bakery Daily Sales,SYNTHETIC_FEATURE_SNAPSHOT,39,0
zerofest-synthetic-2026,2,B05,B05-M03,A,2026-05-21T19:30:00,19,1170,0,149,0,3,food,5000,154,37,2,32,11,14,0,0,0,0,19.8,0.56,0.524,main_stage,1,22,22,0,51,0,0,0,Kaggle French Bakery Daily Sales,SYNTHETIC_FEATURE_SNAPSHOT,46,1
zerofest-synthetic-2026,2,B05,B05-M03,A,2026-05-21T20:00:00,20,1200,0,119,0,3,food,5000,154,15,5,22,32,8,0,0,0,0,20.2,0.47,0.298,after_stage,0,7,7,0,65,0,0,0,Kaggle French Bakery Daily Sales,SYNTHETIC_FEATURE_SNAPSHOT,30,2
zerofest-synthetic-2026,2,B05,B05-M03,A,2026-05-21T20:30:00,20,1230,0,89,0,3,food,5000,154,8,0,7,22,3,0,0,0,0,19.2,0.43,0.381,after_stage,0,8,23,1,30,0,0,0,Kaggle French Bakery Daily Sales,SYNTHETIC_FEATURE_SNAPSHOT,19,0
zerofest-synthetic-2026,2,B05,B05-M03,A,2026-05-21T21:00:00,21,1260,0,59,0,3,food,5000,154,0,0,8,7,4,0,0,0,0,18.0,0.63,0.209,normal,0,0,10,1,0,0,1,0,Kaggle French Bakery Daily Sales,SYNTHETIC_FEATURE_SNAPSHOT,14,1
zerofest-synthetic-2026,2,B05,B05-M03,A,2026-05-21T21:30:00,21,1290,0,29,0,3,food,5000,154,0,0,0,8,0,0,0,0,0,18.6,0.36,0.247,normal,0,0,8,1,0,0,1,0,Kaggle French Bakery Daily Sales,SYNTHETIC_FEATURE_SNAPSHOT,7,0
zerofest-synthetic-2026,3,B05,B05-M03,A,2026-05-22T16:00:00,16,960,0,359,0,4,food,5000,154,154,0,0,0,0,0,0,1,20,19.7,0.01,0.208,normal,0,4,4,0,1155,115,0,0,Kaggle French Bakery Daily Sales,SYNTHETIC_FEATURE_SNAPSHOT,0,0
zerofest-synthetic-2026,3,B05,B05-M03,A,2026-05-22T16:30:00,16,990,0,329,0,4,food,5000,154,150,0,4,0,2,0,0,1,20,20.0,0.01,0.279,normal,0,12,12,0,375,42,0,0,Kaggle French Bakery Daily Sales,SYNTHETIC_FEATURE_SNAPSHOT,9,0
zerofest-synthetic-2026,3,B05,B05-M03,A,2026-05-22T17:00:00,17,1020,0,299,0,4,food,5000,154,138,6,12,4,5,0,0,1,20,20.0,0.09,0.42,pre_stage,0,17,17,0,244,0,0,0,Kaggle French Bakery Daily Sales,SYNTHETIC_FEATURE_SNAPSHOT,12,1
zerofest-synthetic-2026,3,B05,B05-M03,A,2026-05-22T17:30:00,17,1050,0,269,0,4,food,5000,154,121,1,17,12,11,0,0,1,20,19.8,0.0,0.401,pre_stage,0,19,19,0,192,0,0,0,Kaggle French Bakery Daily Sales,SYNTHETIC_FEATURE_SNAPSHOT,28,0
zerofest-synthetic-2026,3,B05,B05-M03,A,2026-05-22T18:00:00,18,1080,0,239,0,4,food,5000,154,102,5,19,17,9,20,0,1,20,18.9,0.01,0.649,main_stage,0,18,18,0,170,0,0,0,Kaggle French Bakery Daily Sales,SYNTHETIC_FEATURE_SNAPSHOT,28,0
zerofest-synthetic-2026,3,B05,B05-M03,A,2026-05-22T18:30:00,18,1110,0,209,0,4,food,5000,154,84,0,18,19,9,0,0,1,20,18.8,0.0,0.593,main_stage,0,13,13,0,194,9,0,0,Kaggle French Bakery Daily Sales,SYNTHETIC_FEATURE_SNAPSHOT,35,2
zerofest-synthetic-2026,3,B05,B05-M03,A,2026-05-22T19:00:00,19,1140,0,179,0,4,food,5000,154,71,4,13,18,5,0,0,1,20,17.9,0.0,0.674,main_stage,1,10,10,0,213,22,0,0,Kaggle French Bakery Daily Sales,SYNTHETIC_FEATURE_SNAPSHOT,26,1
zerofest-synthetic-2026,3,B05,B05-M03,A,2026-05-22T19:30:00,19,1170,0,149,0,4,food,5000,154,61,0,10,13,4,20,0,1,20,17.6,0.04,0.604,main_stage,1,24,24,0,77,0,0,0,Kaggle French Bakery Daily Sales,SYNTHETIC_FEATURE_SNAPSHOT,26,1
zerofest-synthetic-2026,3,B05,B05-M03,A,2026-05-22T20:00:00,20,1200,0,119,0,4,food,5000,154,37,2,24,10,9,20,30,1,20,18.8,0.0,0.35,after_stage,0,10,10,0,111,4,0,0,Kaggle French Bakery Daily Sales,SYNTHETIC_FEATURE_SNAPSHOT,28,0
zerofest-synthetic-2026,3,B05,B05-M03,A,2026-05-22T20:30:00,20,1230,0,89,0,4,food,5000,154,27,1,10,24,6,20,60,1,20,17.4,0.0,0.402,after_stage,0,18,18,0,45,0,0,0,Kaggle French Bakery Daily Sales,SYNTHETIC_FEATURE_SNAPSHOT,27,0
zerofest-synthetic-2026,3,B05,B05-M03,A,2026-05-22T21:00:00,21,1260,0,59,0,4,food,5000,154,9,2,18,10,9,0,0,1,20,17.6,0.0,0.268,normal,0,6,6,0,45,0,0,0,Kaggle French Bakery Daily Sales,SYNTHETIC_FEATURE_SNAPSHOT,22,0
zerofest-synthetic-2026,3,B05,B05-M03,A,2026-05-22T21:30:00,21,1290,0,29,0,4,food,5000,154,3,1,6,18,3,0,0,1,20,17.3,0.05,0.198,normal,0,3,6,1,30,1,0,0,Kaggle French Bakery Daily Sales,SYNTHETIC_FEATURE_SNAPSHOT,18,0
zerofest-synthetic-2026,1,B05,B05-M04,A,2026-05-20T16:00:00,16,960,0,359,0,2,drink,4000,267,267,0,0,0,0,0,0,1,30,23.2,0.02,0.266,normal,0,1,1,0,8010,257,0,103,Kaggle French Bakery Daily Sales,SYNTHETIC_FEATURE_SNAPSHOT,0,0
zerofest-synthetic-2026,1,B05,B05-M04,A,2026-05-20T16:30:00,16,990,0,329,0,2,drink,4000,267,266,0,1,0,1,0,0,1,30,24.1,0.0,0.218,normal,0,11,11,0,726,167,0,103,Kaggle French Bakery Daily Sales,SYNTHETIC_FEATURE_SNAPSHOT,17,0
zerofest-synthetic-2026,1,B05,B05-M04,A,2026-05-20T17:00:00,17,1020,0,299,0,2,drink,4000,267,255,0,11,1,5,0,0,1,30,21.6,0.01,0.466,pre_stage,0,7,7,0,1093,198,0,103,Kaggle French Bakery Daily Sales,SYNTHETIC_FEATURE_SNAPSHOT,19,0
zerofest-synthetic-2026,1,B05,B05-M04,A,2026-05-20T17:30:00,17,1050,0,269,0,2,drink,4000,267,248,2,7,11,3,0,0,1,30,23.4,0.0,0.448,pre_stage,0,20,20,0,372,100,0,103,Kaggle French Bakery Daily Sales,SYNTHETIC_FEATURE_SNAPSHOT,19,0
zerofest-synthetic-2026,1,B05,B05-M04,A,2026-05-20T18:00:00,18,1080,0,239,0,2,drink,4000,267,228,5,20,7,9,0,0,1,30,22.2,0.0,0.584,main_stage,0,21,21,0,326,90,0,103,Kaggle French Bakery Daily Sales,SYNTHETIC_FEATURE_SNAPSHOT,27,0
zerofest-synthetic-2026,1,B05,B05-M04,A,2026-05-20T18:30:00,18,1110,0,209,0,2,drink,4000,267,207,8,21,20,7,30,0,1,30,22.9,0.0,0.585,main_stage,0,32,32,0,195,23,0,103,Kaggle French Bakery Daily Sales,SYNTHETIC_FEATURE_SNAPSHOT,22,2
zerofest-synthetic-2026,1,B05,B05-M04,A,2026-05-20T19:00:00,19,1140,0,179,0,2,drink,4000,267,175,5,32,21,13,0,0,1,30,22.1,0.03,0.576,main_stage,1,11,11,0,478,121,0,103,Kaggle French Bakery Daily Sales,SYNTHETIC_FEATURE_SNAPSHOT,44,1
zerofest-synthetic-2026,1,B05,B05-M04,A,2026-05-20T19:30:00,19,1170,0,149,0,2,drink,4000,267,164,0,11,32,4,0,0,1,30,22.4,0.0,0.563,main_stage,1,18,18,0,274,90,0,103,Kaggle French Bakery Daily Sales,SYNTHETIC_FEATURE_SNAPSHOT,26,1
zerofest-synthetic-2026,1,B05,B05-M04,A,2026-05-20T20:00:00,20,1200,0,119,0,2,drink,4000,267,146,0,18,11,7,30,0,1,30,20.9,0.0,0.357,after_stage,0,15,15,0,292,97,0,103,Kaggle French Bakery Daily Sales,SYNTHETIC_FEATURE_SNAPSHOT,32,0
zerofest-synthetic-2026,1,B05,B05-M04,A,2026-05-20T20:30:00,20,1230,0,89,0,2,drink,4000,267,131,1,15,18,8,0,0,1,30,22.4,0.0,0.355,after_stage,0,13,13,0,303,99,0,103,Kaggle French Bakery Daily Sales,SYNTHETIC_FEATURE_SNAPSHOT,17,0
zerofest-synthetic-2026,1,B05,B05-M04,A,2026-05-20T21:00:00,21,1260,0,59,0,2,drink,4000,267,118,0,13,15,7,0,0,1,30,20.9,0.01,0.238,normal,0,14,14,0,253,95,0,103,Kaggle French Bakery Daily Sales,SYNTHETIC_FEATURE_SNAPSHOT,20,1
zerofest-synthetic-2026,1,B05,B05-M04,A,2026-05-20T21:30:00,21,1290,0,29,0,2,drink,4000,267,104,2,14,13,5,0,0,1,30,19.7,0.02,0.223,normal,0,1,1,0,3120,103,0,103,Kaggle French Bakery Daily Sales,SYNTHETIC_FEATURE_SNAPSHOT,15,0
zerofest-synthetic-2026,2,B05,B05-M04,A,2026-05-21T16:00:00,16,960,0,359,0,3,drink,4000,267,267,0,0,0,0,0,0,0,0,21.7,0.56,0.238,normal,0,11,11,0,729,159,0,45,Kaggle French Bakery Daily Sales,SYNTHETIC_FEATURE_SNAPSHOT,2,2
zerofest-synthetic-2026,2,B05,B05-M04,A,2026-05-21T16:30:00,16,990,0,329,0,3,drink,4000,267,256,1,11,0,7,0,0,0,0,21.1,0.66,0.205,normal,0,4,4,0,1920,220,0,45,Kaggle French Bakery Daily Sales,SYNTHETIC_FEATURE_SNAPSHOT,22,1
zerofest-synthetic-2026,2,B05,B05-M04,A,2026-05-21T17:00:00,17,1020,0,299,0,3,drink,4000,267,252,0,4,11,2,0,0,0,0,20.2,0.45,0.4,pre_stage,0,22,22,0,344,72,0,45,Kaggle French Bakery Daily Sales,SYNTHETIC_FEATURE_SNAPSHOT,14,1
zerofest-synthetic-2026,2,B05,B05-M04,A,2026-05-21T17:30:00,17,1050,0,269,0,3,drink,4000,267,230,0,22,4,11,0,0,0,0,21.4,0.47,0.442,pre_stage,0,21,21,0,329,75,0,45,Kaggle French Bakery Daily Sales,SYNTHETIC_FEATURE_SNAPSHOT,32,1
zerofest-synthetic-2026,2,B05,B05-M04,A,2026-05-21T18:00:00,18,1080,0,239,0,3,drink,4000,267,209,6,21,22,11,0,0,0,0,21.9,0.79,0.623,main_stage,0,35,35,0,180,0,0,45,Kaggle French Bakery Daily Sales,SYNTHETIC_FEATURE_SNAPSHOT,35,1
zerofest-synthetic-2026,2,B05,B05-M04,A,2026-05-21T18:30:00,18,1110,0,209,0,3,drink,4000,267,174,6,35,21,14,0,0,0,0,20.3,0.52,0.544,main_stage,0,42,42,0,125,0,0,45,Kaggle French Bakery Daily Sales,SYNTHETIC_FEATURE_SNAPSHOT,46,1
zerofest-synthetic-2026,2,B05,B05-M04,A,2026-05-21T19:00:00,19,1140,0,179,0,3,drink,4000,267,132,3,42,35,15,0,0,0,0,19.6,0.51,0.499,main_stage,1,23,23,0,173,19,0,45,Kaggle French Bakery Daily Sales,SYNTHETIC_FEATURE_SNAPSHOT,39,0
zerofest-synthetic-2026,2,B05,B05-M04,A,2026-05-21T19:30:00,19,1170,0,149,0,3,drink,4000,267,109,1,23,42,12,0,0,0,0,19.8,0.56,0.524,main_stage,1,27,27,0,122,0,0,45,Kaggle French Bakery Daily Sales,SYNTHETIC_FEATURE_SNAPSHOT,46,1
zerofest-synthetic-2026,2,B05,B05-M04,A,2026-05-21T20:00:00,20,1200,0,119,0,3,drink,4000,267,82,5,27,23,10,0,0,0,0,20.2,0.47,0.298,after_stage,0,11,11,0,224,46,0,45,Kaggle French Bakery Daily Sales,SYNTHETIC_FEATURE_SNAPSHOT,30,2
zerofest-synthetic-2026,2,B05,B05-M04,A,2026-05-21T20:30:00,20,1230,0,89,0,3,drink,4000,267,71,2,11,27,6,0,0,0,0,19.2,0.43,0.381,after_stage,0,4,4,0,533,61,0,45,Kaggle French Bakery Daily Sales,SYNTHETIC_FEATURE_SNAPSHOT,19,0
zerofest-synthetic-2026,2,B05,B05-M04,A,2026-05-21T21:00:00,21,1260,0,59,0,3,drink,4000,267,67,0,4,11,2,0,0,0,0,18.0,0.63,0.209,normal,0,9,9,0,224,52,0,45,Kaggle French Bakery Daily Sales,SYNTHETIC_FEATURE_SNAPSHOT,14,1
zerofest-synthetic-2026,2,B05,B05-M04,A,2026-05-21T21:30:00,21,1290,0,29,0,3,drink,4000,267,58,0,9,4,5,0,0,0,0,18.6,0.36,0.247,normal,0,13,13,0,134,47,0,45,Kaggle French Bakery Daily Sales,SYNTHETIC_FEATURE_SNAPSHOT,7,0
zerofest-synthetic-2026,3,B05,B05-M04,A,2026-05-22T16:00:00,16,960,0,359,0,4,drink,4000,267,267,0,0,0,0,0,0,0,0,19.7,0.01,0.208,normal,0,3,3,0,2670,237,0,109,Kaggle French Bakery Daily Sales,SYNTHETIC_FEATURE_SNAPSHOT,0,0
zerofest-synthetic-2026,3,B05,B05-M04,A,2026-05-22T16:30:00,16,990,0,329,0,4,drink,4000,267,264,2,3,0,2,0,0,0,0,20.0,0.01,0.279,normal,0,1,1,0,7920,255,0,109,Kaggle French Bakery Daily Sales,SYNTHETIC_FEATURE_SNAPSHOT,9,0
zerofest-synthetic-2026,3,B05,B05-M04,A,2026-05-22T17:00:00,17,1020,0,299,0,4,drink,4000,267,263,0,1,3,1,0,0,0,0,20.0,0.09,0.42,pre_stage,0,14,14,0,564,148,0,109,Kaggle French Bakery Daily Sales,SYNTHETIC_FEATURE_SNAPSHOT,12,1
zerofest-synthetic-2026,3,B05,B05-M04,A,2026-05-22T17:30:00,17,1050,0,269,0,4,drink,4000,267,249,2,14,1,8,0,0,0,0,19.8,0.0,0.401,pre_stage,0,19,19,0,394,109,0,109,Kaggle French Bakery Daily Sales,SYNTHETIC_FEATURE_SNAPSHOT,28,0
zerofest-synthetic-2026,3,B05,B05-M04,A,2026-05-22T18:00:00,18,1080,0,239,0,4,drink,4000,267,230,2,19,14,9,0,0,0,0,18.9,0.01,0.649,main_stage,0,24,24,0,288,73,0,109,Kaggle French Bakery Daily Sales,SYNTHETIC_FEATURE_SNAPSHOT,28,0
zerofest-synthetic-2026,3,B05,B05-M04,A,2026-05-22T18:30:00,18,1110,0,209,0,4,drink,4000,267,206,6,24,19,12,0,0,0,0,18.8,0.0,0.593,main_stage,0,14,14,0,442,126,0,109,Kaggle French Bakery Daily Sales,SYNTHETIC_FEATURE_SNAPSHOT,35,2
zerofest-synthetic-2026,3,B05,B05-M04,A,2026-05-22T19:00:00,19,1140,0,179,0,4,drink,4000,267,192,3,14,24,6,0,0,0,0,17.9,0.0,0.674,main_stage,1,16,16,0,360,113,0,109,Kaggle French Bakery Daily Sales,SYNTHETIC_FEATURE_SNAPSHOT,26,1
zerofest-synthetic-2026,3,B05,B05-M04,A,2026-05-22T19:30:00,19,1170,0,149,0,4,drink,4000,267,176,7,16,14,7,0,0,0,0,17.6,0.04,0.604,main_stage,1,18,18,0,294,102,0,109,Kaggle French Bakery Daily Sales,SYNTHETIC_FEATURE_SNAPSHOT,26,1
zerofest-synthetic-2026,3,B05,B05-M04,A,2026-05-22T20:00:00,20,1200,0,119,0,4,drink,4000,267,158,4,18,16,8,0,0,0,0,18.8,0.0,0.35,after_stage,0,16,16,0,297,106,0,109,Kaggle French Bakery Daily Sales,SYNTHETIC_FEATURE_SNAPSHOT,28,0
zerofest-synthetic-2026,3,B05,B05-M04,A,2026-05-22T20:30:00,20,1230,0,89,0,4,drink,4000,267,142,0,16,18,6,0,0,0,0,17.4,0.0,0.402,after_stage,0,14,14,0,305,108,0,109,Kaggle French Bakery Daily Sales,SYNTHETIC_FEATURE_SNAPSHOT,27,0
zerofest-synthetic-2026,3,B05,B05-M04,A,2026-05-22T21:00:00,21,1260,0,59,0,4,drink,4000,267,128,0,14,16,7,0,0,0,0,17.6,0.0,0.268,normal,0,9,9,0,427,113,0,109,Kaggle French Bakery Daily Sales,SYNTHETIC_FEATURE_SNAPSHOT,22,0
zerofest-synthetic-2026,3,B05,B05-M04,A,2026-05-22T21:30:00,21,1290,0,29,0,4,drink,4000,267,119,0,9,14,4,0,0,0,0,17.3,0.05,0.198,normal,0,10,10,0,357,111,0,109,Kaggle French Bakery Daily Sales,SYNTHETIC_FEATURE_SNAPSHOT,18,0
zerofest-synthetic-2026,1,B06,B06-M01,B,2026-05-20T16:00:00,16,960,0,359,0,2,dessert,3000,177,177,0,0,0,0,0,0,0,0,23.2,0.02,0.266,normal,0,13,13,0,409,49,0,23,Kaggle French Bakery Daily Sales,SYNTHETIC_FEATURE_SNAPSHOT,0,0
zerofest-synthetic-2026,1,B06,B06-M01,B,2026-05-20T16:30:00,16,990,0,329,0,2,dessert,3000,177,164,4,13,0,6,0,0,0,0,24.1,0.0,0.218,normal,0,8,8,0,615,92,0,23,Kaggle French Bakery Daily Sales,SYNTHETIC_FEATURE_SNAPSHOT,23,1
zerofest-synthetic-2026,1,B06,B06-M01,B,2026-05-20T17:00:00,17,1020,0,299,0,2,dessert,3000,177,156,0,8,13,6,0,0,0,0,21.6,0.01,0.466,pre_stage,0,14,14,0,335,41,0,23,Kaggle French Bakery Daily Sales,SYNTHETIC_FEATURE_SNAPSHOT,18,0
zerofest-synthetic-2026,1,B06,B06-M01,B,2026-05-20T17:30:00,17,1050,0,269,0,2,dessert,3000,177,142,3,14,8,6,0,0,0,0,23.4,0.0,0.448,pre_stage,0,16,16,0,267,24,0,23,Kaggle French Bakery Daily Sales,SYNTHETIC_FEATURE_SNAPSHOT,25,1
zerofest-synthetic-2026,1,B06,B06-M01,B,2026-05-20T18:00:00,18,1080,0,239,0,2,dessert,3000,177,126,3,16,14,5,0,0,0,0,22.2,0.0,0.584,main_stage,0,19,19,0,199,1,0,23,Kaggle French Bakery Daily Sales,SYNTHETIC_FEATURE_SNAPSHOT,22,1
zerofest-synthetic-2026,1,B06,B06-M01,B,2026-05-20T18:30:00,18,1110,0,209,0,2,dessert,3000,177,107,5,19,16,7,0,0,0,0,22.9,0.0,0.585,main_stage,0,15,15,0,214,21,0,23,Kaggle French Bakery Daily Sales,SYNTHETIC_FEATURE_SNAPSHOT,36,3
zerofest-synthetic-2026,1,B06,B06-M01,B,2026-05-20T19:00:00,19,1140,0,179,0,2,dessert,3000,177,92,4,15,19,5,0,0,0,0,22.1,0.03,0.576,main_stage,1,3,3,0,920,77,0,23,Kaggle French Bakery Daily Sales,SYNTHETIC_FEATURE_SNAPSHOT,26,1
zerofest-synthetic-2026,1,B06,B06-M01,B,2026-05-20T19:30:00,19,1170,0,149,0,2,dessert,3000,177,89,0,3,15,2,0,0,0,0,22.4,0.0,0.563,main_stage,1,26,26,0,103,0,0,23,Kaggle French Bakery Daily Sales,SYNTHETIC_FEATURE_SNAPSHOT,29,1
zerofest-synthetic-2026,1,B06,B06-M01,B,2026-05-20T20:00:00,20,1200,0,119,0,2,dessert,3000,177,63,2,26,3,10,0,0,0,0,20.9,0.0,0.357,after_stage,0,9,9,0,210,33,0,23,Kaggle French Bakery Daily Sales,SYNTHETIC_FEATURE_SNAPSHOT,34,1
zerofest-synthetic-2026,1,B06,B06-M01,B,2026-05-20T20:30:00,20,1230,0,89,0,2,dessert,3000,177,54,6,9,26,3,0,0,0,0,22.4,0.0,0.355,after_stage,0,9,9,0,180,32,0,23,Kaggle French Bakery Daily Sales,SYNTHETIC_FEATURE_SNAPSHOT,22,2
zerofest-synthetic-2026,1,B06,B06-M01,B,2026-05-20T21:00:00,21,1260,0,59,0,2,dessert,3000,177,45,3,9,9,3,0,0,0,0,20.9,0.01,0.238,normal,0,13,13,0,104,24,0,23,Kaggle French Bakery Daily Sales,SYNTHETIC_FEATURE_SNAPSHOT,22,0
zerofest-synthetic-2026,1,B06,B06-M01,B,2026-05-20T21:30:00,21,1290,0,29,0,2,dessert,3000,177,32,2,13,9,5,0,0,0,0,19.7,0.02,0.223,normal,0,9,9,0,107,25,0,23,Kaggle French Bakery Daily Sales,SYNTHETIC_FEATURE_SNAPSHOT,22,1
zerofest-synthetic-2026,2,B06,B06-M01,B,2026-05-21T16:00:00,16,960,0,359,0,3,dessert,3000,177,177,0,0,0,0,0,0,1,10,21.7,0.56,0.238,normal,0,8,8,0,664,98,0,0,Kaggle French Bakery Daily Sales,SYNTHETIC_FEATURE_SNAPSHOT,2,1
zerofest-synthetic-2026,2,B06,B06-M01,B,2026-05-21T16:30:00,16,990,0,329,0,3,dessert,3000,177,169,3,8,0,4,0,0,1,10,21.1,0.66,0.205,normal,0,6,6,0,845,115,0,0,Kaggle French Bakery Daily Sales,SYNTHETIC_FEATURE_SNAPSHOT,18,0
zerofest-synthetic-2026,2,B06,B06-M01,B,2026-05-21T17:00:00,17,1020,0,299,0,3,dessert,3000,177,163,4,6,8,2,0,0,1,10,20.2,0.45,0.4,pre_stage,0,16,16,0,306,32,0,0,Kaggle French Bakery Daily Sales,SYNTHETIC_FEATURE_SNAPSHOT,23,0
zerofest-synthetic-2026,2,B06,B06-M01,B,2026-05-21T17:30:00,17,1050,0,269,0,3,dessert,3000,177,147,0,16,6,7,0,0,1,10,21.4,0.47,0.442,pre_stage,0,22,22,0,201,0,0,0,Kaggle French Bakery Daily Sales,SYNTHETIC_FEATURE_SNAPSHOT,42,1
zerofest-synthetic-2026,2,B06,B06-M01,B,2026-05-21T18:00:00,18,1080,0,239,0,3,dessert,3000,177,125,0,22,16,10,0,0,1,10,21.9,0.79,0.623,main_stage,0,40,40,0,94,0,0,0,Kaggle French Bakery Daily Sales,SYNTHETIC_FEATURE_SNAPSHOT,39,1
zerofest-synthetic-2026,2,B06,B06-M01,B,2026-05-21T18:30:00,18,1110,0,209,0,3,dessert,3000,177,85,3,40,22,13,0,0,1,10,20.3,0.52,0.544,main_stage,0,14,14,0,183,5,0,0,Kaggle French Bakery Daily Sales,SYNTHETIC_FEATURE_SNAPSHOT,42,1
zerofest-synthetic-2026,2,B06,B06-M01,B,2026-05-21T19:00:00,19,1140,0,179,0,3,dessert,3000,177,71,4,14,40,7,0,0,1,10,19.6,0.51,0.499,main_stage,1,31,31,0,69,0,0,0,Kaggle French Bakery Daily Sales,SYNTHETIC_FEATURE_SNAPSHOT,36,2
zerofest-synthetic-2026,2,B06,B06-M01,B,2026-05-21T19:30:00,19,1170,0,149,0,3,dessert,3000,177,40,7,31,14,9,0,0,1,10,19.8,0.56,0.524,main_stage,1,16,16,0,75,0,0,0,Kaggle French Bakery Daily Sales,SYNTHETIC_FEATURE_SNAPSHOT,44,1
zerofest-synthetic-2026,2,B06,B06-M01,B,2026-05-21T20:00:00,20,1200,0,119,0,3,dessert,3000,177,24,7,16,31,7,0,0,1,10,20.2,0.47,0.298,after_stage,0,12,12,0,60,0,0,0,Kaggle French Bakery Daily Sales,SYNTHETIC_FEATURE_SNAPSHOT,34,0
zerofest-synthetic-2026,2,B06,B06-M01,B,2026-05-21T20:30:00,20,1230,0,89,0,3,dessert,3000,177,12,0,12,16,7,0,0,1,10,19.2,0.43,0.381,after_stage,0,12,15,1,30,0,0,0,Kaggle French Bakery Daily Sales,SYNTHETIC_FEATURE_SNAPSHOT,20,0
zerofest-synthetic-2026,2,B06,B06-M01,B,2026-05-21T21:00:00,21,1260,0,59,0,3,dessert,3000,177,0,0,12,12,3,10,0,1,10,18.0,0.63,0.209,normal,0,0,15,1,0,0,1,0,Kaggle French Bakery Daily Sales,SYNTHETIC_FEATURE_SNAPSHOT,9,1
zerofest-synthetic-2026,2,B06,B06-M01,B,2026-05-21T21:30:00,21,1290,0,29,0,3,dessert,3000,177,0,0,0,12,0,0,0,1,10,18.6,0.36,0.247,normal,0,0,8,1,0,0,1,0,Kaggle French Bakery Daily Sales,SYNTHETIC_FEATURE_SNAPSHOT,10,1
zerofest-synthetic-2026,3,B06,B06-M01,B,2026-05-22T16:00:00,16,960,0,359,0,4,dessert,3000,177,177,0,0,0,0,0,0,0,0,19.7,0.01,0.208,normal,0,6,6,0,885,118,0,52,Kaggle French Bakery Daily Sales,SYNTHETIC_FEATURE_SNAPSHOT,0,0
zerofest-synthetic-2026,3,B06,B06-M01,B,2026-05-22T16:30:00,16,990,0,329,0,4,dessert,3000,177,171,0,6,0,5,0,0,0,0,20.0,0.01,0.279,normal,0,6,6,0,855,117,0,52,Kaggle French Bakery Daily Sales,SYNTHETIC_FEATURE_SNAPSHOT,21,1
zerofest-synthetic-2026,3,B06,B06-M01,B,2026-05-22T17:00:00,17,1020,0,299,0,4,dessert,3000,177,165,0,6,6,3,0,0,0,0,20.0,0.09,0.42,pre_stage,0,9,9,0,550,91,0,52,Kaggle French Bakery Daily Sales,SYNTHETIC_FEATURE_SNAPSHOT,11,0
zerofest-synthetic-2026,3,B06,B06-M01,B,2026-05-22T17:30:00,17,1050,0,269,0,4,dessert,3000,177,156,1,9,6,4,0,0,0,0,19.8,0.0,0.401,pre_stage,0,20,20,0,234,8,0,52,Kaggle French Bakery Daily Sales,SYNTHETIC_FEATURE_SNAPSHOT,32,1
zerofest-synthetic-2026,3,B06,B06-M01,B,2026-05-22T18:00:00,18,1080,0,239,0,4,dessert,3000,177,136,0,20,9,7,0,0,0,0,18.9,0.01,0.649,main_stage,0,17,17,0,240,24,0,52,Kaggle French Bakery Daily Sales,SYNTHETIC_FEATURE_SNAPSHOT,41,1
zerofest-synthetic-2026,3,B06,B06-M01,B,2026-05-22T18:30:00,18,1110,0,209,0,4,dessert,3000,177,119,4,17,20,7,0,0,0,0,18.8,0.0,0.593,main_stage,0,20,20,0,179,4,0,52,Kaggle French Bakery Daily Sales,SYNTHETIC_FEATURE_SNAPSHOT,39,1
zerofest-synthetic-2026,3,B06,B06-M01,B,2026-05-22T19:00:00,19,1140,0,179,0,4,dessert,3000,177,99,4,20,17,9,0,0,0,0,17.9,0.0,0.674,main_stage,1,8,8,0,372,60,0,52,Kaggle French Bakery Daily Sales,SYNTHETIC_FEATURE_SNAPSHOT,36,1
zerofest-synthetic-2026,3,B06,B06-M01,B,2026-05-22T19:30:00,19,1170,0,149,0,4,dessert,3000,177,91,0,8,20,3,0,0,0,0,17.6,0.04,0.604,main_stage,1,15,15,0,182,30,0,52,Kaggle French Bakery Daily Sales,SYNTHETIC_FEATURE_SNAPSHOT,23,0
zerofest-synthetic-2026,3,B06,B06-M01,B,2026-05-22T20:00:00,20,1200,0,119,0,4,dessert,3000,177,76,4,15,8,7,0,0,0,0,18.8,0.0,0.35,after_stage,0,2,2,0,1140,69,0,52,Kaggle French Bakery Daily Sales,SYNTHETIC_FEATURE_SNAPSHOT,24,3
zerofest-synthetic-2026,3,B06,B06-M01,B,2026-05-22T20:30:00,20,1230,0,89,0,4,dessert,3000,177,74,0,2,15,1,0,0,0,0,17.4,0.0,0.402,after_stage,0,7,7,0,318,57,0,52,Kaggle French Bakery Daily Sales,SYNTHETIC_FEATURE_SNAPSHOT,14,1
zerofest-synthetic-2026,3,B06,B06-M01,B,2026-05-22T21:00:00,21,1260,0,59,0,4,dessert,3000,177,67,0,7,2,4,0,0,0,0,17.6,0.0,0.268,normal,0,8,8,0,252,54,0,52,Kaggle French Bakery Daily Sales,SYNTHETIC_FEATURE_SNAPSHOT,14,0
zerofest-synthetic-2026,3,B06,B06-M01,B,2026-05-22T21:30:00,21,1290,0,29,0,4,dessert,3000,177,59,1,8,7,5,0,0,0,0,17.3,0.05,0.198,normal,0,7,7,0,253,53,0,52,Kaggle French Bakery Daily Sales,SYNTHETIC_FEATURE_SNAPSHOT,24,1
zerofest-synthetic-2026,1,B06,B06-M02,B,2026-05-20T16:00:00,16,960,0,359,0,2,food,4500,289,289,0,0,0,0,0,0,0,0,23.2,0.02,0.266,normal,0,9,9,0,964,200,0,94,Kaggle French Bakery Daily Sales,SYNTHETIC_FEATURE_SNAPSHOT,0,0
zerofest-synthetic-2026,1,B06,B06-M02,B,2026-05-20T16:30:00,16,990,0,329,0,2,food,4500,289,280,3,9,0,4,0,0,0,0,24.1,0.0,0.218,normal,0,10,10,0,840,190,0,94,Kaggle French Bakery Daily Sales,SYNTHETIC_FEATURE_SNAPSHOT,23,1
zerofest-synthetic-2026,1,B06,B06-M02,B,2026-05-20T17:00:00,17,1020,0,299,0,2,food,4500,289,270,2,10,9,6,0,0,0,0,21.6,0.01,0.466,pre_stage,0,18,18,0,450,122,0,94,Kaggle French Bakery Daily Sales,SYNTHETIC_FEATURE_SNAPSHOT,18,0
zerofest-synthetic-2026,1,B06,B06-M02,B,2026-05-20T17:30:00,17,1050,0,269,0,2,food,4500,289,252,0,18,10,9,0,0,0,0,23.4,0.0,0.448,pre_stage,0,9,9,0,840,186,0,94,Kaggle French Bakery Daily Sales,SYNTHETIC_FEATURE_SNAPSHOT,25,1
zerofest-synthetic-2026,1,B06,B06-M02,B,2026-05-20T18:00:00,18,1080,0,239,0,2,food,4500,289,243,4,9,18,4,0,0,0,0,22.2,0.0,0.584,main_stage,0,21,21,0,348,105,0,94,Kaggle French Bakery Daily Sales,SYNTHETIC_FEATURE_SNAPSHOT,22,1
zerofest-synthetic-2026,1,B06,B06-M02,B,2026-05-20T18:30:00,18,1110,0,209,0,2,food,4500,289,222,3,21,9,10,0,0,0,0,22.9,0.0,0.585,main_stage,0,20,20,0,333,107,0,94,Kaggle French Bakery Daily Sales,SYNTHETIC_FEATURE_SNAPSHOT,36,3
zerofest-synthetic-2026,1,B06,B06-M02,B,2026-05-20T19:00:00,19,1140,0,179,0,2,food,4500,289,202,1,20,21,8,0,0,0,0,22.1,0.03,0.576,main_stage,1,34,34,0,179,35,0,94,Kaggle French Bakery Daily Sales,SYNTHETIC_FEATURE_SNAPSHOT,26,1
zerofest-synthetic-2026,1,B06,B06-M02,B,2026-05-20T19:30:00,19,1170,0,149,0,2,food,4500,289,168,2,34,20,13,0,0,0,0,22.4,0.0,0.563,main_stage,1,12,12,0,420,119,0,94,Kaggle French Bakery Daily Sales,SYNTHETIC_FEATURE_SNAPSHOT,29,1
zerofest-synthetic-2026,1,B06,B06-M02,B,2026-05-20T20:00:00,20,1200,0,119,0,2,food,4500,289,156,4,12,34,4,0,0,0,0,20.9,0.0,0.357,after_stage,0,16,16,0,293,104,0,94,Kaggle French Bakery Daily Sales,SYNTHETIC_FEATURE_SNAPSHOT,34,1
zerofest-synthetic-2026,1,B06,B06-M02,B,2026-05-20T20:30:00,20,1230,0,89,0,2,food,4500,289,140,2,16,12,9,0,0,0,0,22.4,0.0,0.355,after_stage,0,20,20,0,210,91,0,94,Kaggle French Bakery Daily Sales,SYNTHETIC_FEATURE_SNAPSHOT,22,2
zerofest-synthetic-2026,1,B06,B06-M02,B,2026-05-20T21:00:00,21,1260,0,59,0,2,food,4500,289,120,5,20,16,8,0,0,0,0,20.9,0.01,0.238,normal,0,15,15,0,240,95,0,94,Kaggle French Bakery Daily Sales,SYNTHETIC_FEATURE_SNAPSHOT,22,0
zerofest-synthetic-2026,1,B06,B06-M02,B,2026-05-20T21:30:00,21,1290,0,29,0,2,food,4500,289,105,5,15,20,9,0,0,0,0,19.7,0.02,0.223,normal,0,11,11,0,287,96,0,94,Kaggle French Bakery Daily Sales,SYNTHETIC_FEATURE_SNAPSHOT,22,1
zerofest-synthetic-2026,2,B06,B06-M02,B,2026-05-21T16:00:00,16,960,0,359,0,3,food,4500,289,285,4,4,0,2,0,0,0,0,21.7,0.56,0.238,normal,0,16,16,0,535,128,0,55,Kaggle French Bakery Daily Sales,SYNTHETIC_FEATURE_SNAPSHOT,2,1
zerofest-synthetic-2026,2,B06,B06-M02,B,2026-05-21T16:30:00,16,990,0,329,0,3,food,4500,289,269,0,16,4,6,0,0,0,0,21.1,0.66,0.205,normal,0,22,22,0,367,71,0,55,Kaggle French Bakery Daily Sales,SYNTHETIC_FEATURE_SNAPSHOT,18,0
zerofest-synthetic-2026,2,B06,B06-M02,B,2026-05-21T17:00:00,17,1020,0,299,0,3,food,4500,289,247,7,22,16,11,0,0,0,0,20.2,0.45,0.4,pre_stage,0,22,22,0,337,67,0,55,Kaggle French Bakery Daily Sales,SYNTHETIC_FEATURE_SNAPSHOT,23,0
zerofest-synthetic-2026,2,B06,B06-M02,B,2026-05-21T17:30:00,17,1050,0,269,0,3,food,4500,289,225,2,22,22,13,0,0,0,0,21.4,0.47,0.442,pre_stage,0,17,17,0,398,100,0,55,Kaggle French Bakery Daily Sales,SYNTHETIC_FEATURE_SNAPSHOT,42,1
zerofest-synthetic-2026,2,B06,B06-M02,B,2026-05-21T18:00:00,18,1080,0,239,0,3,food,4500,289,208,3,17,22,7,0,0,0,0,21.9,0.79,0.623,main_stage,0,24,24,0,260,51,0,55,Kaggle French Bakery Daily Sales,SYNTHETIC_FEATURE_SNAPSHOT,39,1
zerofest-synthetic-2026,2,B06,B06-M02,B,2026-05-21T18:30:00,18,1110,0,209,0,3,food,4500,289,184,1,24,17,10,0,0,0,0,20.3,0.52,0.544,main_stage,0,30,30,0,184,12,0,55,Kaggle French Bakery Daily Sales,SYNTHETIC_FEATURE_SNAPSHOT,42,1
zerofest-synthetic-2026,2,B06,B06-M02,B,2026-05-21T19:00:00,19,1140,0,179,0,3,food,4500,289,154,5,30,24,11,0,0,0,0,19.6,0.51,0.499,main_stage,1,22,22,0,211,46,0,55,Kaggle French Bakery Daily Sales,SYNTHETIC_FEATURE_SNAPSHOT,36,2
zerofest-synthetic-2026,2,B06,B06-M02,B,2026-05-21T19:30:00,19,1170,0,149,0,3,food,4500,289,132,3,22,30,12,0,0,0,0,19.8,0.56,0.524,main_stage,1,17,17,0,233,62,0,55,Kaggle French Bakery Daily Sales,SYNTHETIC_FEATURE_SNAPSHOT,44,1
zerofest-synthetic-2026,2,B06,B06-M02,B,2026-05-21T20:00:00,20,1200,0,119,0,3,food,4500,289,115,0,17,22,8,0,0,0,0,20.2,0.47,0.298,after_stage,0,17,17,0,203,59,0,55,Kaggle French Bakery Daily Sales,SYNTHETIC_FEATURE_SNAPSHOT,34,0
zerofest-synthetic-2026,2,B06,B06-M02,B,2026-05-21T20:30:00,20,1230,0,89,0,3,food,4500,289,98,5,17,17,8,0,0,0,0,19.2,0.43,0.381,after_stage,0,3,3,0,980,91,0,55,Kaggle French Bakery Daily Sales,SYNTHETIC_FEATURE_SNAPSHOT,20,0
zerofest-synthetic-2026,2,B06,B06-M02,B,2026-05-21T21:00:00,21,1260,0,59,0,3,food,4500,289,95,0,3,17,1,0,0,0,0,18.0,0.63,0.209,normal,0,17,17,0,168,67,0,55,Kaggle French Bakery Daily Sales,SYNTHETIC_FEATURE_SNAPSHOT,9,1
zerofest-synthetic-2026,2,B06,B06-M02,B,2026-05-21T21:30:00,21,1290,0,29,0,3,food,4500,289,78,4,17,3,7,0,0,0,0,18.6,0.36,0.247,normal,0,23,23,0,102,59,0,55,Kaggle French Bakery Daily Sales,SYNTHETIC_FEATURE_SNAPSHOT,10,1
zerofest-synthetic-2026,3,B06,B06-M02,B,2026-05-22T16:00:00,16,960,0,359,0,4,food,4500,289,289,0,0,0,0,0,0,1,10,19.7,0.01,0.208,normal,0,11,11,0,789,181,0,76,Kaggle French Bakery Daily Sales,SYNTHETIC_FEATURE_SNAPSHOT,0,0
zerofest-synthetic-2026,3,B06,B06-M02,B,2026-05-22T16:30:00,16,990,0,329,0,4,food,4500,289,278,5,11,0,5,0,0,1,10,20.0,0.01,0.279,normal,0,3,3,0,2780,251,0,76,Kaggle French Bakery Daily Sales,SYNTHETIC_FEATURE_SNAPSHOT,21,1
zerofest-synthetic-2026,3,B06,B06-M02,B,2026-05-22T17:00:00,17,1020,0,299,0,4,food,4500,289,275,0,3,11,2,0,0,1,10,20.0,0.09,0.42,pre_stage,0,33,33,0,250,4,0,76,Kaggle French Bakery Daily Sales,SYNTHETIC_FEATURE_SNAPSHOT,11,0
zerofest-synthetic-2026,3,B06,B06-M02,B,2026-05-22T17:30:00,17,1050,0,269,0,4,food,4500,289,242,2,33,3,13,0,0,1,10,19.8,0.0,0.401,pre_stage,0,22,22,0,330,80,0,76,Kaggle French Bakery Daily Sales,SYNTHETIC_FEATURE_SNAPSHOT,32,1
zerofest-synthetic-2026,3,B06,B06-M02,B,2026-05-22T18:00:00,18,1080,0,239,0,4,food,4500,289,220,2,22,33,10,0,0,1,10,18.9,0.01,0.649,main_stage,0,31,31,0,213,17,0,76,Kaggle French Bakery Daily Sales,SYNTHETIC_FEATURE_SNAPSHOT,41,1
zerofest-synthetic-2026,3,B06,B06-M02,B,2026-05-22T18:30:00,18,1110,0,209,0,4,food,4500,289,189,3,31,22,12,0,0,1,10,18.8,0.0,0.593,main_stage,0,21,21,0,270,68,0,76,Kaggle French Bakery Daily Sales,SYNTHETIC_FEATURE_SNAPSHOT,39,1
zerofest-synthetic-2026,3,B06,B06-M02,B,2026-05-22T19:00:00,19,1140,0,179,0,4,food,4500,289,168,9,21,31,9,0,0,1,10,17.9,0.0,0.674,main_stage,1,25,25,0,202,45,0,76,Kaggle French Bakery Daily Sales,SYNTHETIC_FEATURE_SNAPSHOT,36,1
zerofest-synthetic-2026,3,B06,B06-M02,B,2026-05-22T19:30:00,19,1170,0,149,0,4,food,4500,289,143,8,25,21,9,0,0,1,10,17.6,0.04,0.604,main_stage,1,13,13,0,330,90,0,76,Kaggle French Bakery Daily Sales,SYNTHETIC_FEATURE_SNAPSHOT,23,0
zerofest-synthetic-2026,3,B06,B06-M02,B,2026-05-22T20:00:00,20,1200,0,119,0,4,food,4500,289,130,4,13,25,6,10,0,1,10,18.8,0.0,0.35,after_stage,0,11,11,0,355,94,0,76,Kaggle French Bakery Daily Sales,SYNTHETIC_FEATURE_SNAPSHOT,24,3
zerofest-synthetic-2026,3,B06,B06-M02,B,2026-05-22T20:30:00,20,1230,0,89,0,4,food,4500,289,119,0,11,13,4,0,0,1,10,17.4,0.0,0.402,after_stage,0,7,7,0,510,102,0,76,Kaggle French Bakery Daily Sales,SYNTHETIC_FEATURE_SNAPSHOT,14,1
zerofest-synthetic-2026,3,B06,B06-M02,B,2026-05-22T21:00:00,21,1260,0,59,0,4,food,4500,289,112,0,7,11,5,10,0,1,10,17.6,0.0,0.268,normal,0,15,15,0,224,87,0,76,Kaggle French Bakery Daily Sales,SYNTHETIC_FEATURE_SNAPSHOT,14,0
zerofest-synthetic-2026,3,B06,B06-M02,B,2026-05-22T21:30:00,21,1290,0,29,0,4,food,4500,289,97,1,15,7,7,0,0,1,10,17.3,0.05,0.198,normal,0,21,21,0,139,80,0,76,Kaggle French Bakery Daily Sales,SYNTHETIC_FEATURE_SNAPSHOT,24,1
zerofest-synthetic-2026,1,B06,B06-M03,B,2026-05-20T16:00:00,16,960,0,359,0,2,drink,3000,182,182,0,0,0,0,0,0,0,0,23.2,0.02,0.266,normal,0,5,5,0,1092,133,0,11,Kaggle French Bakery Daily Sales,SYNTHETIC_FEATURE_SNAPSHOT,0,0
zerofest-synthetic-2026,1,B06,B06-M03,B,2026-05-20T16:30:00,16,990,0,329,0,2,drink,3000,182,177,0,5,0,4,0,0,0,0,24.1,0.0,0.218,normal,0,5,5,0,1062,132,0,11,Kaggle French Bakery Daily Sales,SYNTHETIC_FEATURE_SNAPSHOT,23,1
zerofest-synthetic-2026,1,B06,B06-M03,B,2026-05-20T17:00:00,17,1020,0,299,0,2,drink,3000,182,172,3,5,5,2,0,0,0,0,21.6,0.01,0.466,pre_stage,0,7,7,0,738,115,0,11,Kaggle French Bakery Daily Sales,SYNTHETIC_FEATURE_SNAPSHOT,18,0
zerofest-synthetic-2026,1,B06,B06-M03,B,2026-05-20T17:30:00,17,1050,0,269,0,2,drink,3000,182,165,0,7,5,4,0,0,0,0,23.4,0.0,0.448,pre_stage,0,26,26,0,191,0,0,11,Kaggle French Bakery Daily Sales,SYNTHETIC_FEATURE_SNAPSHOT,25,1
zerofest-synthetic-2026,1,B06,B06-M03,B,2026-05-20T18:00:00,18,1080,0,239,0,2,drink,3000,182,139,2,26,7,11,0,0,0,0,22.2,0.0,0.584,main_stage,0,23,23,0,182,0,0,11,Kaggle French Bakery Daily Sales,SYNTHETIC_FEATURE_SNAPSHOT,22,1
zerofest-synthetic-2026,1,B06,B06-M03,B,2026-05-20T18:30:00,18,1110,0,209,0,2,drink,3000,182,116,11,23,26,9,0,0,0,0,22.9,0.0,0.585,main_stage,0,17,17,0,205,18,0,11,Kaggle French Bakery Daily Sales,SYNTHETIC_FEATURE_SNAPSHOT,36,3
zerofest-synthetic-2026,1,B06,B06-M03,B,2026-05-20T19:00:00,19,1140,0,179,0,2,drink,3000,182,99,5,17,23,8,0,0,0,0,22.1,0.03,0.576,main_stage,1,23,23,0,130,0,0,11,Kaggle French Bakery Daily Sales,SYNTHETIC_FEATURE_SNAPSHOT,26,1
zerofest-synthetic-2026,1,B06,B06-M03,B,2026-05-20T19:30:00,19,1170,0,149,0,2,drink,3000,182,76,3,23,17,9,0,0,0,0,22.4,0.0,0.563,main_stage,1,18,18,0,127,2,0,11,Kaggle French Bakery Daily Sales,SYNTHETIC_FEATURE_SNAPSHOT,29,1
zerofest-synthetic-2026,1,B06,B06-M03,B,2026-05-20T20:00:00,20,1200,0,119,0,2,drink,3000,182,58,2,18,23,10,0,0,0,0,20.9,0.0,0.357,after_stage,0,17,17,0,103,2,0,11,Kaggle French Bakery Daily Sales,SYNTHETIC_FEATURE_SNAPSHOT,34,1
zerofest-synthetic-2026,1,B06,B06-M03,B,2026-05-20T20:30:00,20,1230,0,89,0,2,drink,3000,182,41,5,17,18,7,0,0,0,0,22.4,0.0,0.355,after_stage,0,13,13,0,95,9,0,11,Kaggle French Bakery Daily Sales,SYNTHETIC_FEATURE_SNAPSHOT,22,2
zerofest-synthetic-2026,1,B06,B06-M03,B,2026-05-20T21:00:00,21,1260,0,59,0,2,drink,3000,182,28,1,13,17,7,0,0,0,0,20.9,0.01,0.238,normal,0,4,4,0,210,21,0,11,Kaggle French Bakery Daily Sales,SYNTHETIC_FEATURE_SNAPSHOT,22,0
zerofest-synthetic-2026,1,B06,B06-M03,B,2026-05-20T21:30:00,21,1290,0,29,0,2,drink,3000,182,24,0,4,13,4,0,0,0,0,19.7,0.02,0.223,normal,0,13,13,0,56,13,0,11,Kaggle French Bakery Daily Sales,SYNTHETIC_FEATURE_SNAPSHOT,22,1
zerofest-synthetic-2026,2,B06,B06-M03,B,2026-05-21T16:00:00,16,960,0,359,0,3,drink,3000,182,182,0,0,0,0,0,0,1,10,21.7,0.56,0.238,normal,0,12,12,0,455,64,0,0,Kaggle French Bakery Daily Sales,SYNTHETIC_FEATURE_SNAPSHOT,2,1
zerofest-synthetic-2026,2,B06,B06-M03,B,2026-05-21T16:30:00,16,990,0,329,0,3,drink,3000,182,170,0,12,0,5,0,0,1,10,21.1,0.66,0.205,normal,0,11,11,0,464,71,0,0,Kaggle French Bakery Daily Sales,SYNTHETIC_FEATURE_SNAPSHOT,18,0
zerofest-synthetic-2026,2,B06,B06-M03,B,2026-05-21T17:00:00,17,1020,0,299,0,3,drink,3000,182,159,0,11,12,6,0,0,1,10,20.2,0.45,0.4,pre_stage,0,27,27,0,177,0,0,0,Kaggle French Bakery Daily Sales,SYNTHETIC_FEATURE_SNAPSHOT,23,0
zerofest-synthetic-2026,2,B06,B06-M03,B,2026-05-21T17:30:00,17,1050,0,269,0,3,drink,3000,182,132,4,27,11,14,0,0,1,10,21.4,0.47,0.442,pre_stage,0,26,26,0,153,0,0,0,Kaggle French Bakery Daily Sales,SYNTHETIC_FEATURE_SNAPSHOT,42,1
zerofest-synthetic-2026,2,B06,B06-M03,B,2026-05-21T18:00:00,18,1080,0,239,0,3,drink,3000,182,106,2,26,27,11,0,0,1,10,21.9,0.79,0.623,main_stage,0,25,25,0,128,0,0,0,Kaggle French Bakery Daily Sales,SYNTHETIC_FEATURE_SNAPSHOT,39,1
zerofest-synthetic-2026,2,B06,B06-M03,B,2026-05-21T18:30:00,18,1110,0,209,0,3,drink,3000,182,81,1,25,26,10,0,0,1,10,20.3,0.52,0.544,main_stage,0,19,19,0,128,0,0,0,Kaggle French Bakery Daily Sales,SYNTHETIC_FEATURE_SNAPSHOT,42,1
zerofest-synthetic-2026,2,B06,B06-M03,B,2026-05-21T19:00:00,19,1140,0,179,0,3,drink,3000,182,62,3,19,25,9,0,0,1,10,19.6,0.51,0.499,main_stage,1,28,28,0,67,0,0,0,Kaggle French Bakery Daily Sales,SYNTHETIC_FEATURE_SNAPSHOT,36,2
zerofest-synthetic-2026,2,B06,B06-M03,B,2026-05-21T19:30:00,19,1170,0,149,0,3,drink,3000,182,34,0,28,19,12,10,0,1,10,19.8,0.56,0.524,main_stage,1,34,40,1,30,0,0,0,Kaggle French Bakery Daily Sales,SYNTHETIC_FEATURE_SNAPSHOT,44,1
zerofest-synthetic-2026,2,B06,B06-M03,B,2026-05-21T20:00:00,20,1200,0,119,0,3,drink,3000,182,0,0,34,28,13,10,30,1,10,20.2,0.47,0.298,after_stage,0,0,16,1,0,0,1,0,Kaggle French Bakery Daily Sales,SYNTHETIC_FEATURE_SNAPSHOT,34,0
zerofest-synthetic-2026,2,B06,B06-M03,B,2026-05-21T20:30:00,20,1230,0,89,0,3,drink,3000,182,0,0,0,34,0,0,0,1,10,19.2,0.43,0.381,after_stage,0,0,8,1,0,0,1,0,Kaggle French Bakery Daily Sales,SYNTHETIC_FEATURE_SNAPSHOT,20,0
zerofest-synthetic-2026,2,B06,B06-M03,B,2026-05-21T21:00:00,21,1260,0,59,0,3,drink,3000,182,0,0,0,0,0,0,0,1,10,18.0,0.63,0.209,normal,0,0,7,1,0,0,1,0,Kaggle French Bakery Daily Sales,SYNTHETIC_FEATURE_SNAPSHOT,9,1
zerofest-synthetic-2026,2,B06,B06-M03,B,2026-05-21T21:30:00,21,1290,0,29,0,3,drink,3000,182,0,0,0,0,0,10,0,1,10,18.6,0.36,0.247,normal,0,0,20,1,0,0,1,0,Kaggle French Bakery Daily Sales,SYNTHETIC_FEATURE_SNAPSHOT,10,1
zerofest-synthetic-2026,3,B06,B06-M03,B,2026-05-22T16:00:00,16,960,0,359,0,4,drink,3000,182,182,0,0,0,0,0,0,1,30,19.7,0.01,0.208,normal,0,9,9,0,607,93,0,7,Kaggle French Bakery Daily Sales,SYNTHETIC_FEATURE_SNAPSHOT,0,0
zerofest-synthetic-2026,3,B06,B06-M03,B,2026-05-22T16:30:00,16,990,0,329,0,4,drink,3000,182,173,1,9,0,6,0,0,1,30,20.0,0.01,0.279,normal,0,6,6,0,865,119,0,7,Kaggle French Bakery Daily Sales,SYNTHETIC_FEATURE_SNAPSHOT,21,1
zerofest-synthetic-2026,3,B06,B06-M03,B,2026-05-22T17:00:00,17,1020,0,299,0,4,drink,3000,182,167,1,6,9,5,0,0,1,30,20.0,0.09,0.42,pre_stage,0,25,25,0,201,0,0,7,Kaggle French Bakery Daily Sales,SYNTHETIC_FEATURE_SNAPSHOT,11,0
zerofest-synthetic-2026,3,B06,B06-M03,B,2026-05-22T17:30:00,17,1050,0,269,0,4,drink,3000,182,142,10,25,6,8,0,0,1,30,19.8,0.0,0.401,pre_stage,0,28,28,0,153,0,0,7,Kaggle French Bakery Daily Sales,SYNTHETIC_FEATURE_SNAPSHOT,32,1
zerofest-synthetic-2026,3,B06,B06-M03,B,2026-05-22T18:00:00,18,1080,0,239,0,4,drink,3000,182,114,2,28,25,14,0,0,1,30,18.9,0.01,0.649,main_stage,0,23,23,0,149,0,0,7,Kaggle French Bakery Daily Sales,SYNTHETIC_FEATURE_SNAPSHOT,41,1
zerofest-synthetic-2026,3,B06,B06-M03,B,2026-05-22T18:30:00,18,1110,0,209,0,4,drink,3000,182,91,4,23,28,12,0,0,1,30,18.8,0.0,0.593,main_stage,0,18,18,0,152,0,0,7,Kaggle French Bakery Daily Sales,SYNTHETIC_FEATURE_SNAPSHOT,39,1
zerofest-synthetic-2026,3,B06,B06-M03,B,2026-05-22T19:00:00,19,1140,0,179,0,4,drink,3000,182,73,0,18,23,5,30,0,1,30,17.9,0.0,0.674,main_stage,1,11,11,0,200,19,0,7,Kaggle French Bakery Daily Sales,SYNTHETIC_FEATURE_SNAPSHOT,36,1
zerofest-synthetic-2026,3,B06,B06-M03,B,2026-05-22T19:30:00,19,1170,0,149,0,4,drink,3000,182,62,0,11,18,5,0,0,1,30,17.6,0.04,0.604,main_stage,1,17,17,0,110,0,0,7,Kaggle French Bakery Daily Sales,SYNTHETIC_FEATURE_SNAPSHOT,23,0
zerofest-synthetic-2026,3,B06,B06-M03,B,2026-05-22T20:00:00,20,1200,0,119,0,4,drink,3000,182,45,3,17,11,7,0,0,1,30,18.8,0.0,0.35,after_stage,0,9,9,0,150,15,0,7,Kaggle French Bakery Daily Sales,SYNTHETIC_FEATURE_SNAPSHOT,24,3
zerofest-synthetic-2026,3,B06,B06-M03,B,2026-05-22T20:30:00,20,1230,0,89,0,4,drink,3000,182,36,0,9,17,4,0,0,1,30,17.4,0.0,0.402,after_stage,0,7,7,0,155,19,0,7,Kaggle French Bakery Daily Sales,SYNTHETIC_FEATURE_SNAPSHOT,14,1
zerofest-synthetic-2026,3,B06,B06-M03,B,2026-05-22T21:00:00,21,1260,0,59,0,4,drink,3000,182,29,2,7,9,3,0,0,1,30,17.6,0.0,0.268,normal,0,17,17,0,52,1,0,7,Kaggle French Bakery Daily Sales,SYNTHETIC_FEATURE_SNAPSHOT,14,0
zerofest-synthetic-2026,3,B06,B06-M03,B,2026-05-22T21:30:00,21,1290,0,29,0,4,drink,3000,182,12,7,17,7,6,0,0,1,30,17.3,0.05,0.198,normal,0,5,5,0,72,8,0,7,Kaggle French Bakery Daily Sales,SYNTHETIC_FEATURE_SNAPSHOT,24,1
zerofest-synthetic-2026,1,B06,B06-M04,B,2026-05-20T16:00:00,16,960,0,359,0,2,dessert,3000,173,173,0,0,0,0,0,0,0,0,23.2,0.02,0.266,normal,0,16,16,0,325,16,0,41,Kaggle French Bakery Daily Sales,SYNTHETIC_FEATURE_SNAPSHOT,0,0
zerofest-synthetic-2026,1,B06,B06-M04,B,2026-05-20T16:30:00,16,990,0,329,0,2,dessert,3000,173,157,5,16,0,9,0,0,0,0,24.1,0.0,0.218,normal,0,9,9,0,524,76,0,41,Kaggle French Bakery Daily Sales,SYNTHETIC_FEATURE_SNAPSHOT,23,1
zerofest-synthetic-2026,1,B06,B06-M04,B,2026-05-20T17:00:00,17,1020,0,299,0,2,dessert,3000,173,148,4,9,16,4,0,0,0,0,21.6,0.01,0.466,pre_stage,0,12,12,0,370,50,0,41,Kaggle French Bakery Daily Sales,SYNTHETIC_FEATURE_SNAPSHOT,18,0
zerofest-synthetic-2026,1,B06,B06-M04,B,2026-05-20T17:30:00,17,1050,0,269,0,2,dessert,3000,173,136,4,12,9,6,0,0,0,0,23.4,0.0,0.448,pre_stage,0,2,2,0,2040,121,0,41,Kaggle French Bakery Daily Sales,SYNTHETIC_FEATURE_SNAPSHOT,25,1
zerofest-synthetic-2026,1,B06,B06-M04,B,2026-05-20T18:00:00,18,1080,0,239,0,2,dessert,3000,173,134,0,2,12,2,0,0,0,0,22.2,0.0,0.584,main_stage,0,21,21,0,192,0,0,41,Kaggle French Bakery Daily Sales,SYNTHETIC_FEATURE_SNAPSHOT,22,1
zerofest-synthetic-2026,1,B06,B06-M04,B,2026-05-20T18:30:00,18,1110,0,209,0,2,dessert,3000,173,113,8,21,2,10,0,0,0,0,22.9,0.0,0.585,main_stage,0,17,17,0,200,15,0,41,Kaggle French Bakery Daily Sales,SYNTHETIC_FEATURE_SNAPSHOT,36,3
zerofest-synthetic-2026,1,B06,B06-M04,B,2026-05-20T19:00:00,19,1140,0,179,0,2,dessert,3000,173,96,0,17,21,5,0,0,0,0,22.1,0.03,0.576,main_stage,1,14,14,0,206,27,0,41,Kaggle French Bakery Daily Sales,SYNTHETIC_FEATURE_SNAPSHOT,26,1
zerofest-synthetic-2026,1,B06,B06-M04,B,2026-05-20T19:30:00,19,1170,0,149,0,2,dessert,3000,173,82,9,14,17,5,0,0,0,0,22.4,0.0,0.563,main_stage,1,21,21,0,118,0,0,41,Kaggle French Bakery Daily Sales,SYNTHETIC_FEATURE_SNAPSHOT,29,1
zerofest-synthetic-2026,1,B06,B06-M04,B,2026-05-20T20:00:00,20,1200,0,119,0,2,dessert,3000,173,61,2,21,14,10,0,0,0,0,20.9,0.0,0.357,after_stage,0,8,8,0,229,35,0,41,Kaggle French Bakery Daily Sales,SYNTHETIC_FEATURE_SNAPSHOT,34,1
zerofest-synthetic-2026,1,B06,B06-M04,B,2026-05-20T20:30:00,20,1230,0,89,0,2,dessert,3000,173,53,2,8,21,3,0,0,0,0,22.4,0.0,0.355,after_stage,0,5,5,0,318,41,0,41,Kaggle French Bakery Daily Sales,SYNTHETIC_FEATURE_SNAPSHOT,22,2
zerofest-synthetic-2026,1,B06,B06-M04,B,2026-05-20T21:00:00,21,1260,0,59,0,2,dessert,3000,173,48,0,5,8,4,0,0,0,0,20.9,0.01,0.238,normal,0,7,7,0,206,37,0,41,Kaggle French Bakery Daily Sales,SYNTHETIC_FEATURE_SNAPSHOT,22,0
zerofest-synthetic-2026,1,B06,B06-M04,B,2026-05-20T21:30:00,21,1290,0,29,0,2,dessert,3000,173,41,1,7,5,4,0,0,0,0,19.7,0.02,0.223,normal,0,0,0,0,4100,41,0,41,Kaggle French Bakery Daily Sales,SYNTHETIC_FEATURE_SNAPSHOT,22,1
zerofest-synthetic-2026,2,B06,B06-M04,B,2026-05-21T16:00:00,16,960,0,359,0,3,dessert,3000,173,173,0,0,0,0,0,0,0,0,21.7,0.56,0.238,normal,0,5,5,0,1038,124,0,0,Kaggle French Bakery Daily Sales,SYNTHETIC_FEATURE_SNAPSHOT,2,1
zerofest-synthetic-2026,2,B06,B06-M04,B,2026-05-21T16:30:00,16,990,0,329,0,3,dessert,3000,173,168,2,5,0,3,0,0,0,0,21.1,0.66,0.205,normal,0,9,9,0,560,87,0,0,Kaggle French Bakery Daily Sales,SYNTHETIC_FEATURE_SNAPSHOT,18,0
zerofest-synthetic-2026,2,B06,B06-M04,B,2026-05-21T17:00:00,17,1020,0,299,0,3,dessert,3000,173,159,1,9,5,4,0,0,0,0,20.2,0.45,0.4,pre_stage,0,21,21,0,228,0,0,0,Kaggle French Bakery Daily Sales,SYNTHETIC_FEATURE_SNAPSHOT,23,0
zerofest-synthetic-2026,2,B06,B06-M04,B,2026-05-21T17:30:00,17,1050,0,269,0,3,dessert,3000,173,138,2,21,9,8,0,0,0,0,21.4,0.47,0.442,pre_stage,0,25,25,0,166,0,0,0,Kaggle French Bakery Daily Sales,SYNTHETIC_FEATURE_SNAPSHOT,42,1
zerofest-synthetic-2026,2,B06,B06-M04,B,2026-05-21T18:00:00,18,1080,0,239,0,3,dessert,3000,173,113,7,25,21,11,0,0,0,0,21.9,0.79,0.623,main_stage,0,21,21,0,162,0,0,0,Kaggle French Bakery Daily Sales,SYNTHETIC_FEATURE_SNAPSHOT,39,1
zerofest-synthetic-2026,2,B06,B06-M04,B,2026-05-21T18:30:00,18,1110,0,209,0,3,dessert,3000,173,92,6,21,25,9,0,0,0,0,20.3,0.52,0.544,main_stage,0,18,18,0,154,0,0,0,Kaggle French Bakery Daily Sales,SYNTHETIC_FEATURE_SNAPSHOT,42,1
zerofest-synthetic-2026,2,B06,B06-M04,B,2026-05-21T19:00:00,19,1140,0,179,0,3,dessert,3000,173,74,2,18,21,9,0,0,0,0,19.6,0.51,0.499,main_stage,1,27,27,0,83,0,0,0,Kaggle French Bakery Daily Sales,SYNTHETIC_FEATURE_SNAPSHOT,36,2
zerofest-synthetic-2026,2,B06,B06-M04,B,2026-05-21T19:30:00,19,1170,0,149,0,3,dessert,3000,173,47,4,27,18,11,0,0,0,0,19.8,0.56,0.524,main_stage,1,17,17,0,83,0,0,0,Kaggle French Bakery Daily Sales,SYNTHETIC_FEATURE_SNAPSHOT,44,1
zerofest-synthetic-2026,2,B06,B06-M04,B,2026-05-21T20:00:00,20,1200,0,119,0,3,dessert,3000,173,30,3,17,27,6,0,0,0,0,20.2,0.47,0.298,after_stage,0,9,9,0,100,0,0,0,Kaggle French Bakery Daily Sales,SYNTHETIC_FEATURE_SNAPSHOT,34,0
zerofest-synthetic-2026,2,B06,B06-M04,B,2026-05-21T20:30:00,20,1230,0,89,0,3,dessert,3000,173,21,1,9,17,5,0,0,0,0,19.2,0.43,0.381,after_stage,0,10,10,0,63,0,0,0,Kaggle French Bakery Daily Sales,SYNTHETIC_FEATURE_SNAPSHOT,20,0
zerofest-synthetic-2026,2,B06,B06-M04,B,2026-05-21T21:00:00,21,1260,0,59,0,3,dessert,3000,173,11,2,10,9,5,0,0,0,0,18.0,0.63,0.209,normal,0,4,4,0,83,4,0,0,Kaggle French Bakery Daily Sales,SYNTHETIC_FEATURE_SNAPSHOT,9,1
zerofest-synthetic-2026,2,B06,B06-M04,B,2026-05-21T21:30:00,21,1290,0,29,0,3,dessert,3000,173,7,0,4,10,3,0,0,0,0,18.6,0.36,0.247,normal,0,7,13,1,30,1,0,0,Kaggle French Bakery Daily Sales,SYNTHETIC_FEATURE_SNAPSHOT,10,1
zerofest-synthetic-2026,3,B06,B06-M04,B,2026-05-22T16:00:00,16,960,0,359,0,4,dessert,3000,173,173,0,0,0,0,0,0,1,30,19.7,0.01,0.208,normal,0,7,7,0,742,104,0,10,Kaggle French Bakery Daily Sales,SYNTHETIC_FEATURE_SNAPSHOT,0,0
zerofest-synthetic-2026,3,B06,B06-M04,B,2026-05-22T16:30:00,16,990,0,329,0,4,dessert,3000,173,166,1,7,0,5,0,0,1,30,20.0,0.01,0.279,normal,0,2,2,0,2490,148,0,10,Kaggle French Bakery Daily Sales,SYNTHETIC_FEATURE_SNAPSHOT,21,1
zerofest-synthetic-2026,3,B06,B06-M04,B,2026-05-22T17:00:00,17,1020,0,299,0,4,dessert,3000,173,164,0,2,7,1,0,0,1,30,20.0,0.09,0.42,pre_stage,0,11,11,0,448,74,0,10,Kaggle French Bakery Daily Sales,SYNTHETIC_FEATURE_SNAPSHOT,11,0
zerofest-synthetic-2026,3,B06,B06-M04,B,2026-05-22T17:30:00,17,1050,0,269,0,4,dessert,3000,173,153,3,11,2,7,0,0,1,30,19.8,0.0,0.401,pre_stage,0,21,21,0,219,0,0,10,Kaggle French Bakery Daily Sales,SYNTHETIC_FEATURE_SNAPSHOT,32,1
zerofest-synthetic-2026,3,B06,B06-M04,B,2026-05-22T18:00:00,18,1080,0,239,0,4,dessert,3000,173,132,5,21,11,10,0,0,1,30,18.9,0.01,0.649,main_stage,0,25,25,0,159,0,0,10,Kaggle French Bakery Daily Sales,SYNTHETIC_FEATURE_SNAPSHOT,41,1
zerofest-synthetic-2026,3,B06,B06-M04,B,2026-05-22T18:30:00,18,1110,0,209,0,4,dessert,3000,173,107,6,25,21,8,0,0,1,30,18.8,0.0,0.593,main_stage,0,37,37,0,87,0,0,10,Kaggle French Bakery Daily Sales,SYNTHETIC_FEATURE_SNAPSHOT,39,1
zerofest-synthetic-2026,3,B06,B06-M04,B,2026-05-22T19:00:00,19,1140,0,179,0,4,dessert,3000,173,70,18,37,25,13,0,0,1,30,17.9,0.0,0.674,main_stage,1,16,16,0,132,0,0,10,Kaggle French Bakery Daily Sales,SYNTHETIC_FEATURE_SNAPSHOT,36,1
zerofest-synthetic-2026,3,B06,B06-M04,B,2026-05-22T19:30:00,19,1170,0,149,0,4,dessert,3000,173,54,0,16,37,6,0,0,1,30,17.6,0.04,0.604,main_stage,1,11,11,0,148,9,0,10,Kaggle French Bakery Daily Sales,SYNTHETIC_FEATURE_SNAPSHOT,23,0
zerofest-synthetic-2026,3,B06,B06-M04,B,2026-05-22T20:00:00,20,1200,0,119,0,4,dessert,3000,173,43,5,11,16,4,30,0,1,30,18.8,0.0,0.35,after_stage,0,10,10,0,129,10,0,10,Kaggle French Bakery Daily Sales,SYNTHETIC_FEATURE_SNAPSHOT,24,3
zerofest-synthetic-2026,3,B06,B06-M04,B,2026-05-22T20:30:00,20,1230,0,89,0,4,dessert,3000,173,33,2,10,11,5,0,0,1,30,17.4,0.0,0.402,after_stage,0,3,3,0,330,26,0,10,Kaggle French Bakery Daily Sales,SYNTHETIC_FEATURE_SNAPSHOT,14,1
zerofest-synthetic-2026,3,B06,B06-M04,B,2026-05-22T21:00:00,21,1260,0,59,0,4,dessert,3000,173,30,0,3,10,2,0,0,1,30,17.6,0.0,0.268,normal,0,15,15,0,60,5,0,10,Kaggle French Bakery Daily Sales,SYNTHETIC_FEATURE_SNAPSHOT,14,0
zerofest-synthetic-2026,3,B06,B06-M04,B,2026-05-22T21:30:00,21,1290,0,29,0,4,dessert,3000,173,15,1,15,3,6,0,0,1,30,17.3,0.05,0.198,normal,0,5,5,0,90,11,0,10,Kaggle French Bakery Daily Sales,SYNTHETIC_FEATURE_SNAPSHOT,24,1
zerofest-synthetic-2026,1,B07,B07-M01,C,2026-05-20T16:00:00,16,960,0,359,0,2,food,6000,208,208,0,0,0,0,0,0,1,20,23.2,0.02,0.266,normal,0,11,11,0,568,100,0,7,Kaggle French Bakery Daily Sales,SYNTHETIC_FEATURE_SNAPSHOT,0,0
zerofest-synthetic-2026,1,B07,B07-M01,C,2026-05-20T16:30:00,16,990,0,329,0,2,food,6000,208,197,6,11,0,6,0,0,1,20,24.1,0.0,0.218,normal,0,8,8,0,739,125,0,7,Kaggle French Bakery Daily Sales,SYNTHETIC_FEATURE_SNAPSHOT,21,0
zerofest-synthetic-2026,1,B07,B07-M01,C,2026-05-20T17:00:00,17,1020,0,299,0,2,food,6000,208,189,1,8,11,6,0,0,1,20,21.6,0.01,0.466,pre_stage,0,18,18,0,315,41,0,7,Kaggle French Bakery Daily Sales,SYNTHETIC_FEATURE_SNAPSHOT,21,1
zerofest-synthetic-2026,1,B07,B07-M01,C,2026-05-20T17:30:00,17,1050,0,269,0,2,food,6000,208,171,0,18,8,9,0,0,1,20,23.4,0.0,0.448,pre_stage,0,19,19,0,270,31,0,7,Kaggle French Bakery Daily Sales,SYNTHETIC_FEATURE_SNAPSHOT,35,0
zerofest-synthetic-2026,1,B07,B07-M01,C,2026-05-20T18:00:00,18,1080,0,239,0,2,food,6000,208,152,0,19,18,7,0,0,1,20,22.2,0.0,0.584,main_stage,0,26,26,0,176,0,0,7,Kaggle French Bakery Daily Sales,SYNTHETIC_FEATURE_SNAPSHOT,39,1
zerofest-synthetic-2026,1,B07,B07-M01,C,2026-05-20T18:30:00,18,1110,0,209,0,2,food,6000,208,126,7,26,19,10,20,0,1,20,22.9,0.0,0.585,main_stage,0,30,30,0,126,0,0,7,Kaggle French Bakery Daily Sales,SYNTHETIC_FEATURE_SNAPSHOT,40,0
zerofest-synthetic-2026,1,B07,B07-M01,C,2026-05-20T19:00:00,19,1140,0,179,0,2,food,6000,208,96,6,30,26,12,0,0,1,20,22.1,0.03,0.576,main_stage,1,15,15,0,192,22,0,7,Kaggle French Bakery Daily Sales,SYNTHETIC_FEATURE_SNAPSHOT,43,3
zerofest-synthetic-2026,1,B07,B07-M01,C,2026-05-20T19:30:00,19,1170,0,149,0,2,food,6000,208,81,6,15,30,7,0,0,1,20,22.4,0.0,0.563,main_stage,1,33,33,0,74,0,0,7,Kaggle French Bakery Daily Sales,SYNTHETIC_FEATURE_SNAPSHOT,38,1
zerofest-synthetic-2026,1,B07,B07-M01,C,2026-05-20T20:00:00,20,1200,0,119,0,2,food,6000,208,48,1,33,15,14,0,0,1,20,20.9,0.0,0.357,after_stage,0,13,13,0,111,5,0,7,Kaggle French Bakery Daily Sales,SYNTHETIC_FEATURE_SNAPSHOT,36,0
zerofest-synthetic-2026,1,B07,B07-M01,C,2026-05-20T20:30:00,20,1230,0,89,0,2,food,6000,208,35,8,13,33,5,0,0,1,20,22.4,0.0,0.355,after_stage,0,6,6,0,175,20,0,7,Kaggle French Bakery Daily Sales,SYNTHETIC_FEATURE_SNAPSHOT,25,1
zerofest-synthetic-2026,1,B07,B07-M01,C,2026-05-20T21:00:00,21,1260,0,59,0,2,food,6000,208,29,0,6,13,3,0,0,1,20,20.9,0.01,0.238,normal,0,11,11,0,80,11,0,7,Kaggle French Bakery Daily Sales,SYNTHETIC_FEATURE_SNAPSHOT,14,0
zerofest-synthetic-2026,1,B07,B07-M01,C,2026-05-20T21:30:00,21,1290,0,29,0,2,food,6000,208,18,4,11,6,4,20,0,1,20,19.7,0.02,0.223,normal,0,11,11,0,50,9,0,7,Kaggle French Bakery Daily Sales,SYNTHETIC_FEATURE_SNAPSHOT,29,2
zerofest-synthetic-2026,2,B07,B07-M01,C,2026-05-21T16:00:00,16,960,0,359,0,3,food,6000,208,208,0,0,0,0,0,0,0,0,21.7,0.56,0.238,normal,0,6,6,0,1040,149,0,0,Kaggle French Bakery Daily Sales,SYNTHETIC_FEATURE_SNAPSHOT,1,1
zerofest-synthetic-2026,2,B07,B07-M01,C,2026-05-21T16:30:00,16,990,0,329,0,3,food,6000,208,202,1,6,0,4,0,0,0,0,21.1,0.66,0.205,normal,0,25,25,0,243,0,0,0,Kaggle French Bakery Daily Sales,SYNTHETIC_FEATURE_SNAPSHOT,21,0
zerofest-synthetic-2026,2,B07,B07-M01,C,2026-05-21T17:00:00,17,1020,0,299,0,3,food,6000,208,177,6,25,6,13,0,0,0,0,20.2,0.45,0.4,pre_stage,0,15,15,0,354,54,0,0,Kaggle French Bakery Daily Sales,SYNTHETIC_FEATURE_SNAPSHOT,33,3
zerofest-synthetic-2026,2,B07,B07-M01,C,2026-05-21T17:30:00,17,1050,0,269,0,3,food,6000,208,162,2,15,25,9,0,0,0,0,21.4,0.47,0.442,pre_stage,0,15,15,0,324,51,0,0,Kaggle French Bakery Daily Sales,SYNTHETIC_FEATURE_SNAPSHOT,44,2
zerofest-synthetic-2026,2,B07,B07-M01,C,2026-05-21T18:00:00,18,1080,0,239,0,3,food,6000,208,147,5,15,15,8,0,0,0,0,21.9,0.79,0.623,main_stage,0,24,24,0,184,0,0,0,Kaggle French Bakery Daily Sales,SYNTHETIC_FEATURE_SNAPSHOT,48,3
zerofest-synthetic-2026,2,B07,B07-M01,C,2026-05-21T18:30:00,18,1110,0,209,0,3,food,6000,208,123,4,24,15,12,0,0,0,0,20.3,0.52,0.544,main_stage,0,22,22,0,168,0,0,0,Kaggle French Bakery Daily Sales,SYNTHETIC_FEATURE_SNAPSHOT,46,1
zerofest-synthetic-2026,2,B07,B07-M01,C,2026-05-21T19:00:00,19,1140,0,179,0,3,food,6000,208,101,6,22,24,10,0,0,0,0,19.6,0.51,0.499,main_stage,1,20,20,0,152,3,0,0,Kaggle French Bakery Daily Sales,SYNTHETIC_FEATURE_SNAPSHOT,46,2
zerofest-synthetic-2026,2,B07,B07-M01,C,2026-05-21T19:30:00,19,1170,0,149,0,3,food,6000,208,81,2,20,22,9,0,0,0,0,19.8,0.56,0.524,main_stage,1,20,20,0,122,0,0,0,Kaggle French Bakery Daily Sales,SYNTHETIC_FEATURE_SNAPSHOT,41,0
zerofest-synthetic-2026,2,B07,B07-M01,C,2026-05-21T20:00:00,20,1200,0,119,0,3,food,6000,208,61,4,20,20,10,0,0,0,0,20.2,0.47,0.298,after_stage,0,21,21,0,88,0,0,0,Kaggle French Bakery Daily Sales,SYNTHETIC_FEATURE_SNAPSHOT,35,1
zerofest-synthetic-2026,2,B07,B07-M01,C,2026-05-21T20:30:00,20,1230,0,89,0,3,food,6000,208,40,1,21,20,10,0,0,0,0,19.2,0.43,0.381,after_stage,0,18,18,0,67,0,0,0,Kaggle French Bakery Daily Sales,SYNTHETIC_FEATURE_SNAPSHOT,43,0
zerofest-synthetic-2026,2,B07,B07-M01,C,2026-05-21T21:00:00,21,1260,0,59,0,3,food,6000,208,22,0,18,21,8,0,0,0,0,18.0,0.63,0.209,normal,0,18,18,0,37,0,0,0,Kaggle French Bakery Daily Sales,SYNTHETIC_FEATURE_SNAPSHOT,18,0
zerofest-synthetic-2026,2,B07,B07-M01,C,2026-05-21T21:30:00,21,1290,0,29,0,3,food,6000,208,4,1,18,18,8,0,0,0,0,18.6,0.36,0.247,normal,0,4,7,1,30,1,0,0,Kaggle French Bakery Daily Sales,SYNTHETIC_FEATURE_SNAPSHOT,18,1
zerofest-synthetic-2026,3,B07,B07-M01,C,2026-05-22T16:00:00,16,960,0,359,0,4,food,6000,208,208,0,0,0,0,0,0,1,30,19.7,0.01,0.208,normal,0,15,15,0,416,60,0,0,Kaggle French Bakery Daily Sales,SYNTHETIC_FEATURE_SNAPSHOT,2,1
zerofest-synthetic-2026,3,B07,B07-M01,C,2026-05-22T16:30:00,16,990,0,329,0,4,food,6000,208,193,2,15,0,7,0,0,1,30,20.0,0.01,0.279,normal,0,9,9,0,644,112,0,0,Kaggle French Bakery Daily Sales,SYNTHETIC_FEATURE_SNAPSHOT,18,0
zerofest-synthetic-2026,3,B07,B07-M01,C,2026-05-22T17:00:00,17,1020,0,299,0,4,food,6000,208,184,0,9,15,5,0,0,1,30,20.0,0.09,0.42,pre_stage,0,14,14,0,395,69,0,0,Kaggle French Bakery Daily Sales,SYNTHETIC_FEATURE_SNAPSHOT,18,0
zerofest-synthetic-2026,3,B07,B07-M01,C,2026-05-22T17:30:00,17,1050,0,269,0,4,food,6000,208,170,1,14,9,7,0,0,1,30,19.8,0.0,0.401,pre_stage,0,17,17,0,300,45,0,0,Kaggle French Bakery Daily Sales,SYNTHETIC_FEATURE_SNAPSHOT,46,2
zerofest-synthetic-2026,3,B07,B07-M01,C,2026-05-22T18:00:00,18,1080,0,239,0,4,food,6000,208,153,3,17,14,11,0,0,1,30,18.9,0.01,0.649,main_stage,0,31,31,0,149,0,0,0,Kaggle French Bakery Daily Sales,SYNTHETIC_FEATURE_SNAPSHOT,37,1
zerofest-synthetic-2026,3,B07,B07-M01,C,2026-05-22T18:30:00,18,1110,0,209,0,4,food,6000,208,122,4,31,17,10,0,0,1,30,18.8,0.0,0.593,main_stage,0,17,17,0,216,24,0,0,Kaggle French Bakery Daily Sales,SYNTHETIC_FEATURE_SNAPSHOT,34,0
zerofest-synthetic-2026,3,B07,B07-M01,C,2026-05-22T19:00:00,19,1140,0,179,0,4,food,6000,208,105,0,17,31,7,30,0,1,30,17.9,0.0,0.674,main_stage,1,35,35,0,90,0,0,0,Kaggle French Bakery Daily Sales,SYNTHETIC_FEATURE_SNAPSHOT,28,0
zerofest-synthetic-2026,3,B07,B07-M01,C,2026-05-22T19:30:00,19,1170,0,149,0,4,food,6000,208,70,11,35,17,17,30,30,1,30,17.6,0.04,0.604,main_stage,1,52,52,0,41,0,0,0,Kaggle French Bakery Daily Sales,SYNTHETIC_FEATURE_SNAPSHOT,43,2
zerofest-synthetic-2026,3,B07,B07-M01,C,2026-05-22T20:00:00,20,1200,0,119,0,4,food,6000,208,18,9,52,35,19,30,60,1,30,18.8,0.0,0.35,after_stage,0,15,15,0,36,0,0,0,Kaggle French Bakery Daily Sales,SYNTHETIC_FEATURE_SNAPSHOT,47,1
zerofest-synthetic-2026,3,B07,B07-M01,C,2026-05-22T20:30:00,20,1230,0,89,0,4,food,6000,208,3,0,15,52,8,30,90,1,30,17.4,0.0,0.402,after_stage,0,3,12,1,30,0,0,0,Kaggle French Bakery Daily Sales,SYNTHETIC_FEATURE_SNAPSHOT,18,0
zerofest-synthetic-2026,3,B07,B07-M01,C,2026-05-22T21:00:00,21,1260,0,59,0,4,food,6000,208,0,0,3,15,2,0,0,1,30,17.6,0.0,0.268,normal,0,0,9,1,0,0,1,0,Kaggle French Bakery Daily Sales,SYNTHETIC_FEATURE_SNAPSHOT,27,2
zerofest-synthetic-2026,3,B07,B07-M01,C,2026-05-22T21:30:00,21,1290,0,29,0,4,food,6000,208,0,0,0,3,0,0,0,1,30,17.3,0.05,0.198,normal,0,0,5,1,0,0,1,0,Kaggle French Bakery Daily Sales,SYNTHETIC_FEATURE_SNAPSHOT,16,1
zerofest-synthetic-2026,1,B07,B07-M02,C,2026-05-20T16:00:00,16,960,0,359,0,2,drink,3500,235,235,0,0,0,0,0,0,0,0,23.2,0.02,0.266,normal,0,15,15,0,470,87,0,2,Kaggle French Bakery Daily Sales,SYNTHETIC_FEATURE_SNAPSHOT,0,0
zerofest-synthetic-2026,1,B07,B07-M02,C,2026-05-20T16:30:00,16,990,0,329,0,2,drink,3500,235,220,2,15,0,8,0,0,0,0,24.1,0.0,0.218,normal,0,11,11,0,600,121,0,2,Kaggle French Bakery Daily Sales,SYNTHETIC_FEATURE_SNAPSHOT,21,0
zerofest-synthetic-2026,1,B07,B07-M02,C,2026-05-20T17:00:00,17,1020,0,299,0,2,drink,3500,235,209,1,11,15,6,0,0,0,0,21.6,0.01,0.466,pre_stage,0,38,38,0,165,0,0,2,Kaggle French Bakery Daily Sales,SYNTHETIC_FEATURE_SNAPSHOT,21,1
zerofest-synthetic-2026,1,B07,B07-M02,C,2026-05-20T17:30:00,17,1050,0,269,0,2,drink,3500,235,171,6,38,11,15,0,0,0,0,23.4,0.0,0.448,pre_stage,0,25,25,0,206,0,0,2,Kaggle French Bakery Daily Sales,SYNTHETIC_FEATURE_SNAPSHOT,35,0
zerofest-synthetic-2026,1,B07,B07-M02,C,2026-05-20T18:00:00,18,1080,0,239,0,2,drink,3500,235,146,4,25,38,12,0,0,0,0,22.2,0.0,0.584,main_stage,0,29,29,0,152,0,0,2,Kaggle French Bakery Daily Sales,SYNTHETIC_FEATURE_SNAPSHOT,39,1
zerofest-synthetic-2026,1,B07,B07-M02,C,2026-05-20T18:30:00,18,1110,0,209,0,2,drink,3500,235,117,4,29,25,12,0,0,0,0,22.9,0.0,0.585,main_stage,0,23,23,0,153,0,0,2,Kaggle French Bakery Daily Sales,SYNTHETIC_FEATURE_SNAPSHOT,40,0
zerofest-synthetic-2026,1,B07,B07-M02,C,2026-05-20T19:00:00,19,1140,0,179,0,2,drink,3500,235,94,2,23,29,10,0,0,0,0,22.1,0.03,0.576,main_stage,1,31,31,0,91,0,0,2,Kaggle French Bakery Daily Sales,SYNTHETIC_FEATURE_SNAPSHOT,43,3
zerofest-synthetic-2026,1,B07,B07-M02,C,2026-05-20T19:30:00,19,1170,0,149,0,2,drink,3500,235,63,7,31,23,14,0,0,0,0,22.4,0.0,0.563,main_stage,1,17,17,0,112,0,0,2,Kaggle French Bakery Daily Sales,SYNTHETIC_FEATURE_SNAPSHOT,38,1
zerofest-synthetic-2026,1,B07,B07-M02,C,2026-05-20T20:00:00,20,1200,0,119,0,2,drink,3500,235,46,3,17,31,6,0,0,0,0,20.9,0.0,0.357,after_stage,0,4,4,0,345,33,0,2,Kaggle French Bakery Daily Sales,SYNTHETIC_FEATURE_SNAPSHOT,36,0
zerofest-synthetic-2026,1,B07,B07-M02,C,2026-05-20T20:30:00,20,1230,0,89,0,2,drink,3500,235,42,1,4,17,4,0,0,0,0,22.4,0.0,0.355,after_stage,0,9,9,0,140,20,0,2,Kaggle French Bakery Daily Sales,SYNTHETIC_FEATURE_SNAPSHOT,25,1
zerofest-synthetic-2026,1,B07,B07-M02,C,2026-05-20T21:00:00,21,1260,0,59,0,2,drink,3500,235,33,1,9,4,4,0,0,0,0,20.9,0.01,0.238,normal,0,22,22,0,45,0,0,2,Kaggle French Bakery Daily Sales,SYNTHETIC_FEATURE_SNAPSHOT,14,0
zerofest-synthetic-2026,1,B07,B07-M02,C,2026-05-20T21:30:00,21,1290,0,29,0,2,drink,3500,235,11,4,22,9,12,0,0,0,0,19.7,0.02,0.223,normal,0,9,9,0,37,4,0,2,Kaggle French Bakery Daily Sales,SYNTHETIC_FEATURE_SNAPSHOT,29,2
zerofest-synthetic-2026,2,B07,B07-M02,C,2026-05-21T16:00:00,16,960,0,359,0,3,drink,3500,235,235,0,0,0,0,0,0,0,0,21.7,0.56,0.238,normal,0,15,15,0,470,87,0,0,Kaggle French Bakery Daily Sales,SYNTHETIC_FEATURE_SNAPSHOT,1,1
zerofest-synthetic-2026,2,B07,B07-M02,C,2026-05-21T16:30:00,16,990,0,329,0,3,drink,3500,235,220,1,15,0,8,0,0,0,0,21.1,0.66,0.205,normal,0,24,24,0,275,4,0,0,Kaggle French Bakery Daily Sales,SYNTHETIC_FEATURE_SNAPSHOT,21,0
zerofest-synthetic-2026,2,B07,B07-M02,C,2026-05-21T17:00:00,17,1020,0,299,0,3,drink,3500,235,196,8,24,15,10,0,0,0,0,20.2,0.45,0.4,pre_stage,0,43,43,0,137,0,0,0,Kaggle French Bakery Daily Sales,SYNTHETIC_FEATURE_SNAPSHOT,33,3
zerofest-synthetic-2026,2,B07,B07-M02,C,2026-05-21T17:30:00,17,1050,0,269,0,3,drink,3500,235,153,11,43,24,19,0,0,0,0,21.4,0.47,0.442,pre_stage,0,30,30,0,153,0,0,0,Kaggle French Bakery Daily Sales,SYNTHETIC_FEATURE_SNAPSHOT,44,2
zerofest-synthetic-2026,2,B07,B07-M02,C,2026-05-21T18:00:00,18,1080,0,239,0,3,drink,3500,235,123,2,30,43,13,0,0,0,0,21.9,0.79,0.623,main_stage,0,24,24,0,154,0,0,0,Kaggle French Bakery Daily Sales,SYNTHETIC_FEATURE_SNAPSHOT,48,3
zerofest-synthetic-2026,2,B07,B07-M02,C,2026-05-21T18:30:00,18,1110,0,209,0,3,drink,3500,235,99,13,24,30,12,0,0,0,0,20.3,0.52,0.544,main_stage,0,39,39,0,77,0,0,0,Kaggle French Bakery Daily Sales,SYNTHETIC_FEATURE_SNAPSHOT,46,1
zerofest-synthetic-2026,2,B07,B07-M02,C,2026-05-21T19:00:00,19,1140,0,179,0,3,drink,3500,235,60,8,39,24,16,0,0,0,0,19.6,0.51,0.499,main_stage,1,21,21,0,86,0,0,0,Kaggle French Bakery Daily Sales,SYNTHETIC_FEATURE_SNAPSHOT,46,2
zerofest-synthetic-2026,2,B07,B07-M02,C,2026-05-21T19:30:00,19,1170,0,149,0,3,drink,3500,235,39,2,21,39,9,0,0,0,0,19.8,0.56,0.524,main_stage,1,20,20,0,59,0,0,0,Kaggle French Bakery Daily Sales,SYNTHETIC_FEATURE_SNAPSHOT,41,0
zerofest-synthetic-2026,2,B07,B07-M02,C,2026-05-21T20:00:00,20,1200,0,119,0,3,drink,3500,235,19,0,20,21,7,0,0,0,0,20.2,0.47,0.298,after_stage,0,19,20,1,30,0,0,0,Kaggle French Bakery Daily Sales,SYNTHETIC_FEATURE_SNAPSHOT,35,1
zerofest-synthetic-2026,2,B07,B07-M02,C,2026-05-21T20:30:00,20,1230,0,89,0,3,drink,3500,235,0,7,19,20,9,0,0,0,0,19.2,0.43,0.381,after_stage,0,0,23,1,0,0,1,0,Kaggle French Bakery Daily Sales,SYNTHETIC_FEATURE_SNAPSHOT,43,0
zerofest-synthetic-2026,2,B07,B07-M02,C,2026-05-21T21:00:00,21,1260,0,59,0,3,drink,3500,235,0,0,0,19,0,0,0,0,0,18.0,0.63,0.209,normal,0,0,18,1,0,0,1,0,Kaggle French Bakery Daily Sales,SYNTHETIC_FEATURE_SNAPSHOT,18,0
zerofest-synthetic-2026,2,B07,B07-M02,C,2026-05-21T21:30:00,21,1290,0,29,0,3,drink,3500,235,0,0,0,0,0,0,0,0,0,18.6,0.36,0.247,normal,0,0,21,1,0,0,1,0,Kaggle French Bakery Daily Sales,SYNTHETIC_FEATURE_SNAPSHOT,18,1
zerofest-synthetic-2026,3,B07,B07-M02,C,2026-05-22T16:00:00,16,960,0,359,0,4,drink,3500,235,233,2,2,0,2,0,0,1,10,19.7,0.01,0.208,normal,0,1,1,0,6990,223,0,2,Kaggle French Bakery Daily Sales,SYNTHETIC_FEATURE_SNAPSHOT,2,1
zerofest-synthetic-2026,3,B07,B07-M02,C,2026-05-22T16:30:00,16,990,0,329,0,4,drink,3500,235,232,0,1,2,1,0,0,1,10,20.0,0.01,0.279,normal,0,8,8,0,870,160,0,2,Kaggle French Bakery Daily Sales,SYNTHETIC_FEATURE_SNAPSHOT,18,0
zerofest-synthetic-2026,3,B07,B07-M02,C,2026-05-22T17:00:00,17,1020,0,299,0,4,drink,3500,235,224,0,8,1,4,0,0,1,10,20.0,0.09,0.42,pre_stage,0,22,22,0,306,44,0,2,Kaggle French Bakery Daily Sales,SYNTHETIC_FEATURE_SNAPSHOT,18,0
zerofest-synthetic-2026,3,B07,B07-M02,C,2026-05-22T17:30:00,17,1050,0,269,0,4,drink,3500,235,202,8,22,8,11,0,0,1,10,19.8,0.0,0.401,pre_stage,0,27,27,0,225,3,0,2,Kaggle French Bakery Daily Sales,SYNTHETIC_FEATURE_SNAPSHOT,46,2
zerofest-synthetic-2026,3,B07,B07-M02,C,2026-05-22T18:00:00,18,1080,0,239,0,4,drink,3500,235,175,2,27,22,12,0,0,1,10,18.9,0.01,0.649,main_stage,0,33,33,0,160,0,0,2,Kaggle French Bakery Daily Sales,SYNTHETIC_FEATURE_SNAPSHOT,37,1
zerofest-synthetic-2026,3,B07,B07-M02,C,2026-05-22T18:30:00,18,1110,0,209,0,4,drink,3500,235,142,4,33,27,12,10,0,1,10,18.8,0.0,0.593,main_stage,0,36,36,0,119,0,0,2,Kaggle French Bakery Daily Sales,SYNTHETIC_FEATURE_SNAPSHOT,34,0
zerofest-synthetic-2026,3,B07,B07-M02,C,2026-05-22T19:00:00,19,1140,0,179,0,4,drink,3500,235,106,8,36,33,15,0,0,1,10,17.9,0.0,0.674,main_stage,1,12,12,0,265,47,0,2,Kaggle French Bakery Daily Sales,SYNTHETIC_FEATURE_SNAPSHOT,28,0
zerofest-synthetic-2026,3,B07,B07-M02,C,2026-05-22T19:30:00,19,1170,0,149,0,4,drink,3500,235,94,3,12,36,5,10,0,1,10,17.6,0.04,0.604,main_stage,1,38,38,0,75,0,0,2,Kaggle French Bakery Daily Sales,SYNTHETIC_FEATURE_SNAPSHOT,43,2
zerofest-synthetic-2026,3,B07,B07-M02,C,2026-05-22T20:00:00,20,1200,0,119,0,4,drink,3500,235,56,6,38,12,12,0,0,1,10,18.8,0.0,0.35,after_stage,0,18,18,0,94,0,0,2,Kaggle French Bakery Daily Sales,SYNTHETIC_FEATURE_SNAPSHOT,47,1
zerofest-synthetic-2026,3,B07,B07-M02,C,2026-05-22T20:30:00,20,1230,0,89,0,4,drink,3500,235,38,0,18,38,5,10,0,1,10,17.4,0.0,0.402,after_stage,0,15,15,0,76,1,0,2,Kaggle French Bakery Daily Sales,SYNTHETIC_FEATURE_SNAPSHOT,18,0
zerofest-synthetic-2026,3,B07,B07-M02,C,2026-05-22T21:00:00,21,1260,0,59,0,4,drink,3500,235,23,2,15,18,7,10,30,1,10,17.6,0.0,0.268,normal,0,7,7,0,99,12,0,2,Kaggle French Bakery Daily Sales,SYNTHETIC_FEATURE_SNAPSHOT,27,2
zerofest-synthetic-2026,3,B07,B07-M02,C,2026-05-22T21:30:00,21,1290,0,29,0,4,drink,3500,235,16,0,7,15,4,10,60,1,10,17.3,0.05,0.198,normal,0,14,14,0,35,5,0,2,Kaggle French Bakery Daily Sales,SYNTHETIC_FEATURE_SNAPSHOT,16,1
zerofest-synthetic-2026,1,B07,B07-M03,C,2026-05-20T16:00:00,16,960,0,359,0,2,dessert,4500,192,192,0,0,0,0,0,0,1,20,23.2,0.02,0.266,normal,0,10,10,0,576,94,0,21,Kaggle French Bakery Daily Sales,SYNTHETIC_FEATURE_SNAPSHOT,0,0
zerofest-synthetic-2026,1,B07,B07-M03,C,2026-05-20T16:30:00,16,990,0,329,0,2,dessert,4500,192,182,3,10,0,4,0,0,1,20,24.1,0.0,0.218,normal,0,6,6,0,910,128,0,21,Kaggle French Bakery Daily Sales,SYNTHETIC_FEATURE_SNAPSHOT,21,0
zerofest-synthetic-2026,1,B07,B07-M03,C,2026-05-20T17:00:00,17,1020,0,299,0,2,dessert,4500,192,176,0,6,10,4,0,0,1,20,21.6,0.01,0.466,pre_stage,0,13,13,0,407,69,0,21,Kaggle French Bakery Daily Sales,SYNTHETIC_FEATURE_SNAPSHOT,21,1
zerofest-synthetic-2026,1,B07,B07-M03,C,2026-05-20T17:30:00,17,1050,0,269,0,2,dessert,4500,192,163,1,13,6,6,0,0,1,20,23.4,0.0,0.448,pre_stage,0,20,20,0,245,15,0,21,Kaggle French Bakery Daily Sales,SYNTHETIC_FEATURE_SNAPSHOT,35,0
zerofest-synthetic-2026,1,B07,B07-M03,C,2026-05-20T18:00:00,18,1080,0,239,0,2,dessert,4500,192,143,3,20,13,8,0,0,1,20,22.2,0.0,0.584,main_stage,0,19,19,0,226,18,0,21,Kaggle French Bakery Daily Sales,SYNTHETIC_FEATURE_SNAPSHOT,39,1
zerofest-synthetic-2026,1,B07,B07-M03,C,2026-05-20T18:30:00,18,1110,0,209,0,2,dessert,4500,192,124,1,19,20,7,0,0,1,20,22.9,0.0,0.585,main_stage,0,18,18,0,207,21,0,21,Kaggle French Bakery Daily Sales,SYNTHETIC_FEATURE_SNAPSHOT,40,0
zerofest-synthetic-2026,1,B07,B07-M03,C,2026-05-20T19:00:00,19,1140,0,179,0,2,dessert,4500,192,106,7,18,19,7,0,0,1,20,22.1,0.03,0.576,main_stage,1,18,18,0,177,17,0,21,Kaggle French Bakery Daily Sales,SYNTHETIC_FEATURE_SNAPSHOT,43,3
zerofest-synthetic-2026,1,B07,B07-M03,C,2026-05-20T19:30:00,19,1170,0,149,0,2,dessert,4500,192,88,0,18,18,6,20,0,1,20,22.4,0.0,0.563,main_stage,1,18,18,0,147,14,0,21,Kaggle French Bakery Daily Sales,SYNTHETIC_FEATURE_SNAPSHOT,38,1
zerofest-synthetic-2026,1,B07,B07-M03,C,2026-05-20T20:00:00,20,1200,0,119,0,2,dessert,4500,192,70,0,18,18,8,0,0,1,20,20.9,0.0,0.357,after_stage,0,13,13,0,162,27,0,21,Kaggle French Bakery Daily Sales,SYNTHETIC_FEATURE_SNAPSHOT,36,0
zerofest-synthetic-2026,1,B07,B07-M03,C,2026-05-20T20:30:00,20,1230,0,89,0,2,dessert,4500,192,57,0,13,18,7,0,0,1,20,22.4,0.0,0.355,after_stage,0,17,17,0,101,15,0,21,Kaggle French Bakery Daily Sales,SYNTHETIC_FEATURE_SNAPSHOT,25,1
zerofest-synthetic-2026,1,B07,B07-M03,C,2026-05-20T21:00:00,21,1260,0,59,0,2,dessert,4500,192,40,0,17,13,6,0,0,1,20,20.9,0.01,0.238,normal,0,4,4,0,300,33,0,21,Kaggle French Bakery Daily Sales,SYNTHETIC_FEATURE_SNAPSHOT,14,0
zerofest-synthetic-2026,1,B07,B07-M03,C,2026-05-20T21:30:00,21,1290,0,29,0,2,dessert,4500,192,36,1,4,17,3,20,0,1,20,19.7,0.02,0.223,normal,0,15,15,0,72,24,0,21,Kaggle French Bakery Daily Sales,SYNTHETIC_FEATURE_SNAPSHOT,29,2
zerofest-synthetic-2026,2,B07,B07-M03,C,2026-05-21T16:00:00,16,960,0,359,0,3,dessert,4500,192,190,2,2,0,1,0,0,0,0,21.7,0.56,0.238,normal,0,5,5,0,1140,141,0,7,Kaggle French Bakery Daily Sales,SYNTHETIC_FEATURE_SNAPSHOT,1,1
zerofest-synthetic-2026,2,B07,B07-M03,C,2026-05-21T16:30:00,16,990,0,329,0,3,dessert,4500,192,185,0,5,2,4,0,0,0,0,21.1,0.66,0.205,normal,0,4,4,0,1388,149,0,7,Kaggle French Bakery Daily Sales,SYNTHETIC_FEATURE_SNAPSHOT,21,0
zerofest-synthetic-2026,2,B07,B07-M03,C,2026-05-21T17:00:00,17,1020,0,299,0,3,dessert,4500,192,181,3,4,5,3,0,0,0,0,20.2,0.45,0.4,pre_stage,0,19,19,0,286,25,0,7,Kaggle French Bakery Daily Sales,SYNTHETIC_FEATURE_SNAPSHOT,33,3
zerofest-synthetic-2026,2,B07,B07-M03,C,2026-05-21T17:30:00,17,1050,0,269,0,3,dessert,4500,192,162,10,19,4,9,0,0,0,0,21.4,0.47,0.442,pre_stage,0,22,22,0,221,0,0,7,Kaggle French Bakery Daily Sales,SYNTHETIC_FEATURE_SNAPSHOT,44,2
zerofest-synthetic-2026,2,B07,B07-M03,C,2026-05-21T18:00:00,18,1080,0,239,0,3,dessert,4500,192,140,6,22,19,9,0,0,0,0,21.9,0.79,0.623,main_stage,0,16,16,0,263,35,0,7,Kaggle French Bakery Daily Sales,SYNTHETIC_FEATURE_SNAPSHOT,48,3
zerofest-synthetic-2026,2,B07,B07-M03,C,2026-05-21T18:30:00,18,1110,0,209,0,3,dessert,4500,192,124,1,16,22,7,0,0,0,0,20.3,0.52,0.544,main_stage,0,19,19,0,196,15,0,7,Kaggle French Bakery Daily Sales,SYNTHETIC_FEATURE_SNAPSHOT,46,1
zerofest-synthetic-2026,2,B07,B07-M03,C,2026-05-21T19:00:00,19,1140,0,179,0,3,dessert,4500,192,105,0,19,16,7,0,0,0,0,19.6,0.51,0.499,main_stage,1,23,23,0,137,0,0,7,Kaggle French Bakery Daily Sales,SYNTHETIC_FEATURE_SNAPSHOT,46,2
zerofest-synthetic-2026,2,B07,B07-M03,C,2026-05-21T19:30:00,19,1170,0,149,0,3,dessert,4500,192,82,0,23,19,10,0,0,0,0,19.8,0.56,0.524,main_stage,1,16,16,0,154,16,0,7,Kaggle French Bakery Daily Sales,SYNTHETIC_FEATURE_SNAPSHOT,41,0
zerofest-synthetic-2026,2,B07,B07-M03,C,2026-05-21T20:00:00,20,1200,0,119,0,3,dessert,4500,192,66,2,16,23,5,0,0,0,0,20.2,0.47,0.298,after_stage,0,26,26,0,77,0,0,7,Kaggle French Bakery Daily Sales,SYNTHETIC_FEATURE_SNAPSHOT,35,1
zerofest-synthetic-2026,2,B07,B07-M03,C,2026-05-21T20:30:00,20,1230,0,89,0,3,dessert,4500,192,40,3,26,16,11,0,0,0,0,19.2,0.43,0.381,after_stage,0,10,10,0,120,15,0,7,Kaggle French Bakery Daily Sales,SYNTHETIC_FEATURE_SNAPSHOT,43,0
zerofest-synthetic-2026,2,B07,B07-M03,C,2026-05-21T21:00:00,21,1260,0,59,0,3,dessert,4500,192,30,1,10,26,5,0,0,0,0,18.0,0.63,0.209,normal,0,7,7,0,129,19,0,7,Kaggle French Bakery Daily Sales,SYNTHETIC_FEATURE_SNAPSHOT,18,0
zerofest-synthetic-2026,2,B07,B07-M03,C,2026-05-21T21:30:00,21,1290,0,29,0,3,dessert,4500,192,23,1,7,10,3,0,0,0,0,18.6,0.36,0.247,normal,0,16,16,0,44,10,0,7,Kaggle French Bakery Daily Sales,SYNTHETIC_FEATURE_SNAPSHOT,18,1
zerofest-synthetic-2026,3,B07,B07-M03,C,2026-05-22T16:00:00,16,960,0,359,0,4,dessert,4500,192,192,0,0,0,0,0,0,1,20,19.7,0.01,0.208,normal,0,8,8,0,720,113,0,59,Kaggle French Bakery Daily Sales,SYNTHETIC_FEATURE_SNAPSHOT,2,1
zerofest-synthetic-2026,3,B07,B07-M03,C,2026-05-22T16:30:00,16,990,0,329,0,4,dessert,4500,192,184,2,8,0,4,0,0,1,20,20.0,0.01,0.279,normal,0,6,6,0,920,130,0,59,Kaggle French Bakery Daily Sales,SYNTHETIC_FEATURE_SNAPSHOT,18,0
zerofest-synthetic-2026,3,B07,B07-M03,C,2026-05-22T17:00:00,17,1020,0,299,0,4,dessert,4500,192,178,0,6,8,2,0,0,1,20,20.0,0.09,0.42,pre_stage,0,28,28,0,191,0,0,59,Kaggle French Bakery Daily Sales,SYNTHETIC_FEATURE_SNAPSHOT,18,0
zerofest-synthetic-2026,3,B07,B07-M03,C,2026-05-22T17:30:00,17,1050,0,269,0,4,dessert,4500,192,150,12,28,6,12,0,0,1,20,19.8,0.0,0.401,pre_stage,0,15,15,0,300,39,0,59,Kaggle French Bakery Daily Sales,SYNTHETIC_FEATURE_SNAPSHOT,46,2
zerofest-synthetic-2026,3,B07,B07-M03,C,2026-05-22T18:00:00,18,1080,0,239,0,4,dessert,4500,192,135,6,15,28,7,20,0,1,20,18.9,0.01,0.649,main_stage,0,16,16,0,254,30,0,59,Kaggle French Bakery Daily Sales,SYNTHETIC_FEATURE_SNAPSHOT,37,1
zerofest-synthetic-2026,3,B07,B07-M03,C,2026-05-22T18:30:00,18,1110,0,209,0,4,dessert,4500,192,119,4,16,15,6,0,0,1,20,18.8,0.0,0.593,main_stage,0,3,3,0,1190,102,0,59,Kaggle French Bakery Daily Sales,SYNTHETIC_FEATURE_SNAPSHOT,34,0
zerofest-synthetic-2026,3,B07,B07-M03,C,2026-05-22T19:00:00,19,1140,0,179,0,4,dessert,4500,192,116,0,3,16,2,20,0,1,20,17.9,0.0,0.674,main_stage,1,20,20,0,174,18,0,59,Kaggle French Bakery Daily Sales,SYNTHETIC_FEATURE_SNAPSHOT,28,0
zerofest-synthetic-2026,3,B07,B07-M03,C,2026-05-22T19:30:00,19,1170,0,149,0,4,dessert,4500,192,96,2,20,3,8,0,0,1,20,17.6,0.04,0.604,main_stage,1,11,11,0,262,51,0,59,Kaggle French Bakery Daily Sales,SYNTHETIC_FEATURE_SNAPSHOT,43,2
zerofest-synthetic-2026,3,B07,B07-M03,C,2026-05-22T20:00:00,20,1200,0,119,0,4,dessert,4500,192,85,0,11,20,5,0,0,1,20,18.8,0.0,0.35,after_stage,0,2,2,0,1275,78,0,59,Kaggle French Bakery Daily Sales,SYNTHETIC_FEATURE_SNAPSHOT,47,1
zerofest-synthetic-2026,3,B07,B07-M03,C,2026-05-22T20:30:00,20,1230,0,89,0,4,dessert,4500,192,83,0,2,11,1,20,0,1,20,17.4,0.0,0.402,after_stage,0,16,16,0,156,44,0,59,Kaggle French Bakery Daily Sales,SYNTHETIC_FEATURE_SNAPSHOT,18,0
zerofest-synthetic-2026,3,B07,B07-M03,C,2026-05-22T21:00:00,21,1260,0,59,0,4,dessert,4500,192,67,2,16,2,8,0,0,1,20,17.6,0.0,0.268,normal,0,5,5,0,402,59,0,59,Kaggle French Bakery Daily Sales,SYNTHETIC_FEATURE_SNAPSHOT,27,2
zerofest-synthetic-2026,3,B07,B07-M03,C,2026-05-22T21:30:00,21,1290,0,29,0,4,dessert,4500,192,62,0,5,16,4,20,0,1,20,17.3,0.05,0.198,normal,0,3,3,0,620,60,0,59,Kaggle French Bakery Daily Sales,SYNTHETIC_FEATURE_SNAPSHOT,16,1
zerofest-synthetic-2026,1,B07,B07-M04,C,2026-05-20T16:00:00,16,960,0,359,0,2,food,6000,300,300,0,0,0,0,0,0,1,30,23.2,0.02,0.266,normal,0,7,7,0,1286,231,0,98,Kaggle French Bakery Daily Sales,SYNTHETIC_FEATURE_SNAPSHOT,0,0
zerofest-synthetic-2026,1,B07,B07-M04,C,2026-05-20T16:30:00,16,990,0,329,0,2,food,6000,300,293,0,7,0,3,0,0,1,30,24.1,0.0,0.218,normal,0,12,12,0,733,185,0,98,Kaggle French Bakery Daily Sales,SYNTHETIC_FEATURE_SNAPSHOT,21,0
zerofest-synthetic-2026,1,B07,B07-M04,C,2026-05-20T17:00:00,17,1020,0,299,0,2,food,6000,300,281,6,12,7,5,0,0,1,30,21.6,0.01,0.466,pre_stage,0,8,8,0,1054,215,0,98,Kaggle French Bakery Daily Sales,SYNTHETIC_FEATURE_SNAPSHOT,21,1
zerofest-synthetic-2026,1,B07,B07-M04,C,2026-05-20T17:30:00,17,1050,0,269,0,2,food,6000,300,273,1,8,12,5,0,0,1,30,23.4,0.0,0.448,pre_stage,0,23,23,0,357,103,0,98,Kaggle French Bakery Daily Sales,SYNTHETIC_FEATURE_SNAPSHOT,35,0
zerofest-synthetic-2026,1,B07,B07-M04,C,2026-05-20T18:00:00,18,1080,0,239,0,2,food,6000,300,250,9,23,8,12,0,0,1,30,22.2,0.0,0.584,main_stage,0,23,23,0,327,99,0,98,Kaggle French Bakery Daily Sales,SYNTHETIC_FEATURE_SNAPSHOT,39,1
zerofest-synthetic-2026,1,B07,B07-M04,C,2026-05-20T18:30:00,18,1110,0,209,0,2,food,6000,300,227,1,23,23,11,0,0,1,30,22.9,0.0,0.585,main_stage,0,33,33,0,207,38,0,98,Kaggle French Bakery Daily Sales,SYNTHETIC_FEATURE_SNAPSHOT,40,0
zerofest-synthetic-2026,1,B07,B07-M04,C,2026-05-20T19:00:00,19,1140,0,179,0,2,food,6000,300,194,13,33,23,14,0,0,1,30,22.1,0.03,0.576,main_stage,1,23,23,0,254,81,0,98,Kaggle French Bakery Daily Sales,SYNTHETIC_FEATURE_SNAPSHOT,43,3
zerofest-synthetic-2026,1,B07,B07-M04,C,2026-05-20T19:30:00,19,1170,0,149,0,2,food,6000,300,171,10,23,33,11,0,0,1,30,22.4,0.0,0.563,main_stage,1,27,27,0,190,60,0,98,Kaggle French Bakery Daily Sales,SYNTHETIC_FEATURE_SNAPSHOT,38,1
zerofest-synthetic-2026,1,B07,B07-M04,C,2026-05-20T20:00:00,20,1200,0,119,0,2,food,6000,300,144,3,27,23,8,0,0,1,30,20.9,0.0,0.357,after_stage,0,21,21,0,206,75,0,98,Kaggle French Bakery Daily Sales,SYNTHETIC_FEATURE_SNAPSHOT,36,0
zerofest-synthetic-2026,1,B07,B07-M04,C,2026-05-20T20:30:00,20,1230,0,89,0,2,food,6000,300,123,2,21,27,9,0,0,1,30,22.4,0.0,0.355,after_stage,0,5,5,0,738,111,0,98,Kaggle French Bakery Daily Sales,SYNTHETIC_FEATURE_SNAPSHOT,25,1
zerofest-synthetic-2026,1,B07,B07-M04,C,2026-05-20T21:00:00,21,1260,0,59,0,2,food,6000,300,118,0,5,21,1,30,0,1,30,20.9,0.01,0.238,normal,0,15,15,0,236,93,0,98,Kaggle French Bakery Daily Sales,SYNTHETIC_FEATURE_SNAPSHOT,14,0
zerofest-synthetic-2026,1,B07,B07-M04,C,2026-05-20T21:30:00,21,1290,0,29,0,2,food,6000,300,103,2,15,5,10,0,0,1,30,19.7,0.02,0.223,normal,0,5,5,0,618,99,0,98,Kaggle French Bakery Daily Sales,SYNTHETIC_FEATURE_SNAPSHOT,29,2
zerofest-synthetic-2026,2,B07,B07-M04,C,2026-05-21T16:00:00,16,960,0,359,0,3,food,6000,300,300,0,0,0,0,0,0,0,0,21.7,0.56,0.238,normal,0,10,10,0,900,202,0,32,Kaggle French Bakery Daily Sales,SYNTHETIC_FEATURE_SNAPSHOT,1,1
zerofest-synthetic-2026,2,B07,B07-M04,C,2026-05-21T16:30:00,16,990,0,329,0,3,food,6000,300,290,0,10,0,5,0,0,0,0,21.1,0.66,0.205,normal,0,13,13,0,670,173,0,32,Kaggle French Bakery Daily Sales,SYNTHETIC_FEATURE_SNAPSHOT,21,0
zerofest-synthetic-2026,2,B07,B07-M04,C,2026-05-21T17:00:00,17,1020,0,299,0,3,food,6000,300,277,6,13,10,7,0,0,0,0,20.2,0.45,0.4,pre_stage,0,15,15,0,554,154,0,32,Kaggle French Bakery Daily Sales,SYNTHETIC_FEATURE_SNAPSHOT,33,3
zerofest-synthetic-2026,2,B07,B07-M04,C,2026-05-21T17:30:00,17,1050,0,269,0,3,food,6000,300,262,4,15,13,7,0,0,0,0,21.4,0.47,0.442,pre_stage,0,39,39,0,202,0,0,32,Kaggle French Bakery Daily Sales,SYNTHETIC_FEATURE_SNAPSHOT,44,2
zerofest-synthetic-2026,2,B07,B07-M04,C,2026-05-21T18:00:00,18,1080,0,239,0,3,food,6000,300,223,7,39,15,18,0,0,0,0,21.9,0.79,0.623,main_stage,0,32,32,0,210,13,0,32,Kaggle French Bakery Daily Sales,SYNTHETIC_FEATURE_SNAPSHOT,48,3
zerofest-synthetic-2026,2,B07,B07-M04,C,2026-05-21T18:30:00,18,1110,0,209,0,3,food,6000,300,191,5,32,39,15,0,0,0,0,20.3,0.52,0.544,main_stage,0,24,24,0,239,53,0,32,Kaggle French Bakery Daily Sales,SYNTHETIC_FEATURE_SNAPSHOT,46,1
zerofest-synthetic-2026,2,B07,B07-M04,C,2026-05-21T19:00:00,19,1140,0,179,0,3,food,6000,300,167,4,24,32,13,0,0,0,0,19.6,0.51,0.499,main_stage,1,32,32,0,157,10,0,32,Kaggle French Bakery Daily Sales,SYNTHETIC_FEATURE_SNAPSHOT,46,2
zerofest-synthetic-2026,2,B07,B07-M04,C,2026-05-21T19:30:00,19,1170,0,149,0,3,food,6000,300,135,5,32,24,13,0,0,0,0,19.8,0.56,0.524,main_stage,1,36,36,0,113,0,0,32,Kaggle French Bakery Daily Sales,SYNTHETIC_FEATURE_SNAPSHOT,41,0
zerofest-synthetic-2026,2,B07,B07-M04,C,2026-05-21T20:00:00,20,1200,0,119,0,3,food,6000,300,99,14,36,32,13,0,0,0,0,20.2,0.47,0.298,after_stage,0,31,31,0,96,0,0,32,Kaggle French Bakery Daily Sales,SYNTHETIC_FEATURE_SNAPSHOT,35,1
zerofest-synthetic-2026,2,B07,B07-M04,C,2026-05-21T20:30:00,20,1230,0,89,0,3,food,6000,300,68,1,31,36,13,0,0,0,0,19.2,0.43,0.381,after_stage,0,14,14,0,146,34,0,32,Kaggle French Bakery Daily Sales,SYNTHETIC_FEATURE_SNAPSHOT,43,0
zerofest-synthetic-2026,2,B07,B07-M04,C,2026-05-21T21:00:00,21,1260,0,59,0,3,food,6000,300,54,0,14,31,5,0,0,0,0,18.0,0.63,0.209,normal,0,11,11,0,148,36,0,32,Kaggle French Bakery Daily Sales,SYNTHETIC_FEATURE_SNAPSHOT,18,0
zerofest-synthetic-2026,2,B07,B07-M04,C,2026-05-21T21:30:00,21,1290,0,29,0,3,food,6000,300,43,0,11,14,7,0,0,0,0,18.6,0.36,0.247,normal,0,11,11,0,118,34,0,32,Kaggle French Bakery Daily Sales,SYNTHETIC_FEATURE_SNAPSHOT,18,1
zerofest-synthetic-2026,3,B07,B07-M04,C,2026-05-22T16:00:00,16,960,0,359,0,4,food,6000,300,300,0,0,0,0,0,0,0,0,19.7,0.01,0.208,normal,0,12,12,0,750,182,0,69,Kaggle French Bakery Daily Sales,SYNTHETIC_FEATURE_SNAPSHOT,2,1
zerofest-synthetic-2026,3,B07,B07-M04,C,2026-05-22T16:30:00,16,990,0,329,0,4,food,6000,300,288,2,12,0,6,0,0,0,0,20.0,0.01,0.279,normal,0,14,14,0,618,162,0,69,Kaggle French Bakery Daily Sales,SYNTHETIC_FEATURE_SNAPSHOT,18,0
zerofest-synthetic-2026,3,B07,B07-M04,C,2026-05-22T17:00:00,17,1020,0,299,0,4,food,6000,300,274,0,14,12,7,0,0,0,0,20.0,0.09,0.42,pre_stage,0,38,38,0,217,0,0,69,Kaggle French Bakery Daily Sales,SYNTHETIC_FEATURE_SNAPSHOT,18,0
zerofest-synthetic-2026,3,B07,B07-M04,C,2026-05-22T17:30:00,17,1050,0,269,0,4,food,6000,300,236,3,38,14,16,0,0,0,0,19.8,0.0,0.401,pre_stage,0,23,23,0,308,66,0,69,Kaggle French Bakery Daily Sales,SYNTHETIC_FEATURE_SNAPSHOT,46,2
zerofest-synthetic-2026,3,B07,B07-M04,C,2026-05-22T18:00:00,18,1080,0,239,0,4,food,6000,300,213,5,23,38,7,0,0,0,0,18.9,0.01,0.649,main_stage,0,13,13,0,492,128,0,69,Kaggle French Bakery Daily Sales,SYNTHETIC_FEATURE_SNAPSHOT,37,1
zerofest-synthetic-2026,3,B07,B07-M04,C,2026-05-22T18:30:00,18,1110,0,209,0,4,food,6000,300,200,3,13,23,6,0,0,0,0,18.8,0.0,0.593,main_stage,0,12,12,0,500,131,0,69,Kaggle French Bakery Daily Sales,SYNTHETIC_FEATURE_SNAPSHOT,34,0
zerofest-synthetic-2026,3,B07,B07-M04,C,2026-05-22T19:00:00,19,1140,0,179,0,4,food,6000,300,188,3,12,13,4,0,0,0,0,17.9,0.0,0.674,main_stage,1,32,32,0,177,31,0,69,Kaggle French Bakery Daily Sales,SYNTHETIC_FEATURE_SNAPSHOT,28,0
zerofest-synthetic-2026,3,B07,B07-M04,C,2026-05-22T19:30:00,19,1170,0,149,0,4,food,6000,300,156,12,32,12,13,0,0,0,0,17.6,0.04,0.604,main_stage,1,26,26,0,180,49,0,69,Kaggle French Bakery Daily Sales,SYNTHETIC_FEATURE_SNAPSHOT,43,2
zerofest-synthetic-2026,3,B07,B07-M04,C,2026-05-22T20:00:00,20,1200,0,119,0,4,food,6000,300,130,2,26,32,11,0,0,0,0,18.8,0.0,0.35,after_stage,0,7,7,0,558,107,0,69,Kaggle French Bakery Daily Sales,SYNTHETIC_FEATURE_SNAPSHOT,47,1
zerofest-synthetic-2026,3,B07,B07-M04,C,2026-05-22T20:30:00,20,1230,0,89,0,4,food,6000,300,123,0,7,26,4,0,0,0,0,17.4,0.0,0.402,after_stage,0,24,24,0,154,64,0,69,Kaggle French Bakery Daily Sales,SYNTHETIC_FEATURE_SNAPSHOT,18,0
zerofest-synthetic-2026,3,B07,B07-M04,C,2026-05-22T21:00:00,21,1260,0,59,0,4,food,6000,300,99,3,24,7,10,0,0,0,0,17.6,0.0,0.268,normal,0,22,22,0,135,63,0,69,Kaggle French Bakery Daily Sales,SYNTHETIC_FEATURE_SNAPSHOT,27,2
zerofest-synthetic-2026,3,B07,B07-M04,C,2026-05-22T21:30:00,21,1290,0,29,0,4,food,6000,300,77,12,22,24,8,0,0,0,0,17.3,0.05,0.198,normal,0,8,8,0,289,70,0,69,Kaggle French Bakery Daily Sales,SYNTHETIC_FEATURE_SNAPSHOT,16,1
zerofest-synthetic-2026,1,B08,B08-M01,D,2026-05-20T16:00:00,16,960,0,359,0,2,drink,4000,356,356,0,0,0,0,0,0,1,20,23.2,0.02,0.266,normal,0,24,24,0,445,120,0,108,Kaggle French Bakery Daily Sales,SYNTHETIC_FEATURE_SNAPSHOT,2,1
zerofest-synthetic-2026,1,B08,B08-M01,D,2026-05-20T16:30:00,16,990,0,329,0,2,drink,4000,356,332,3,24,0,6,0,0,1,20,24.1,0.0,0.218,normal,0,17,17,0,586,179,0,108,Kaggle French Bakery Daily Sales,SYNTHETIC_FEATURE_SNAPSHOT,25,1
zerofest-synthetic-2026,1,B08,B08-M01,D,2026-05-20T17:00:00,17,1020,0,299,0,2,drink,4000,356,315,0,17,24,8,0,0,1,20,21.6,0.01,0.466,pre_stage,0,5,5,0,1890,274,0,108,Kaggle French Bakery Daily Sales,SYNTHETIC_FEATURE_SNAPSHOT,21,1
zerofest-synthetic-2026,1,B08,B08-M01,D,2026-05-20T17:30:00,17,1050,0,269,0,2,drink,4000,356,310,1,5,17,4,0,0,1,20,23.4,0.0,0.448,pre_stage,0,20,20,0,465,162,0,108,Kaggle French Bakery Daily Sales,SYNTHETIC_FEATURE_SNAPSHOT,40,1
zerofest-synthetic-2026,1,B08,B08-M01,D,2026-05-20T18:00:00,18,1080,0,239,0,2,drink,4000,356,290,8,20,5,13,0,0,1,20,22.2,0.0,0.584,main_stage,0,33,33,0,264,74,0,108,Kaggle French Bakery Daily Sales,SYNTHETIC_FEATURE_SNAPSHOT,38,2
zerofest-synthetic-2026,1,B08,B08-M01,D,2026-05-20T18:30:00,18,1110,0,209,0,2,drink,4000,356,257,9,33,20,16,20,0,1,20,22.9,0.0,0.585,main_stage,0,22,22,0,351,131,0,108,Kaggle French Bakery Daily Sales,SYNTHETIC_FEATURE_SNAPSHOT,55,1
zerofest-synthetic-2026,1,B08,B08-M01,D,2026-05-20T19:00:00,19,1140,0,179,0,2,drink,4000,356,235,8,22,33,11,20,30,1,20,22.1,0.03,0.576,main_stage,1,47,47,0,150,4,0,108,Kaggle French Bakery Daily Sales,SYNTHETIC_FEATURE_SNAPSHOT,38,2
zerofest-synthetic-2026,1,B08,B08-M01,D,2026-05-20T19:30:00,19,1170,0,149,0,2,drink,4000,356,188,12,47,22,17,20,60,1,20,22.4,0.0,0.563,main_stage,1,33,33,0,171,53,0,108,Kaggle French Bakery Daily Sales,SYNTHETIC_FEATURE_SNAPSHOT,45,1
zerofest-synthetic-2026,1,B08,B08-M01,D,2026-05-20T20:00:00,20,1200,0,119,0,2,drink,4000,356,155,7,33,47,12,0,0,1,20,20.9,0.0,0.357,after_stage,0,11,11,0,423,119,0,108,Kaggle French Bakery Daily Sales,SYNTHETIC_FEATURE_SNAPSHOT,36,0
zerofest-synthetic-2026,1,B08,B08-M01,D,2026-05-20T20:30:00,20,1230,0,89,0,2,drink,4000,356,144,4,11,33,4,20,0,1,20,22.4,0.0,0.355,after_stage,0,10,10,0,432,119,0,108,Kaggle French Bakery Daily Sales,SYNTHETIC_FEATURE_SNAPSHOT,15,0
zerofest-synthetic-2026,1,B08,B08-M01,D,2026-05-20T21:00:00,21,1260,0,59,0,2,drink,4000,356,134,0,10,11,7,0,0,1,20,20.9,0.01,0.238,normal,0,18,18,0,224,104,0,108,Kaggle French Bakery Daily Sales,SYNTHETIC_FEATURE_SNAPSHOT,24,0
zerofest-synthetic-2026,1,B08,B08-M01,D,2026-05-20T21:30:00,21,1290,0,29,0,2,drink,4000,356,116,4,18,10,8,0,0,1,20,19.7,0.02,0.223,normal,0,8,8,0,435,109,0,108,Kaggle French Bakery Daily Sales,SYNTHETIC_FEATURE_SNAPSHOT,16,1
zerofest-synthetic-2026,2,B08,B08-M01,D,2026-05-21T16:00:00,16,960,0,359,0,3,drink,4000,356,356,0,0,0,0,0,0,1,20,21.7,0.56,0.238,normal,0,16,16,0,668,199,0,89,Kaggle French Bakery Daily Sales,SYNTHETIC_FEATURE_SNAPSHOT,1,1
zerofest-synthetic-2026,2,B08,B08-M01,D,2026-05-21T16:30:00,16,990,0,329,0,3,drink,4000,356,340,3,16,0,9,0,0,1,20,21.1,0.66,0.205,normal,0,27,27,0,378,96,0,89,Kaggle French Bakery Daily Sales,SYNTHETIC_FEATURE_SNAPSHOT,28,1
zerofest-synthetic-2026,2,B08,B08-M01,D,2026-05-21T17:00:00,17,1020,0,299,0,3,drink,4000,356,313,3,27,16,11,0,0,1,20,20.2,0.45,0.4,pre_stage,0,23,23,0,409,124,0,89,Kaggle French Bakery Daily Sales,SYNTHETIC_FEATURE_SNAPSHOT,38,2
zerofest-synthetic-2026,2,B08,B08-M01,D,2026-05-21T17:30:00,17,1050,0,269,0,3,drink,4000,356,290,2,23,27,14,0,0,1,20,21.4,0.47,0.442,pre_stage,0,19,19,0,458,150,0,89,Kaggle French Bakery Daily Sales,SYNTHETIC_FEATURE_SNAPSHOT,45,2
zerofest-synthetic-2026,2,B08,B08-M01,D,2026-05-21T18:00:00,18,1080,0,239,0,3,drink,4000,356,271,3,19,23,10,0,0,1,20,21.9,0.79,0.623,main_stage,0,32,32,0,255,61,0,89,Kaggle French Bakery Daily Sales,SYNTHETIC_FEATURE_SNAPSHOT,48,1
zerofest-synthetic-2026,2,B08,B08-M01,D,2026-05-21T18:30:00,18,1110,0,209,0,3,drink,4000,356,239,7,32,19,9,0,0,1,20,20.3,0.52,0.544,main_stage,0,24,24,0,299,101,0,89,Kaggle French Bakery Daily Sales,SYNTHETIC_FEATURE_SNAPSHOT,51,2
zerofest-synthetic-2026,2,B08,B08-M01,D,2026-05-21T19:00:00,19,1140,0,179,0,3,drink,4000,356,215,7,24,32,11,20,0,1,20,19.6,0.51,0.499,main_stage,1,40,40,0,162,18,0,89,Kaggle French Bakery Daily Sales,SYNTHETIC_FEATURE_SNAPSHOT,38,1
zerofest-synthetic-2026,2,B08,B08-M01,D,2026-05-21T19:30:00,19,1170,0,149,0,3,drink,4000,356,175,4,40,24,17,20,30,1,20,19.8,0.56,0.524,main_stage,1,17,17,0,309,105,0,89,Kaggle French Bakery Daily Sales,SYNTHETIC_FEATURE_SNAPSHOT,51,1
zerofest-synthetic-2026,2,B08,B08-M01,D,2026-05-21T20:00:00,20,1200,0,119,0,3,drink,4000,356,158,2,17,40,7,0,0,1,20,20.2,0.47,0.298,after_stage,0,20,20,0,237,92,0,89,Kaggle French Bakery Daily Sales,SYNTHETIC_FEATURE_SNAPSHOT,24,0
zerofest-synthetic-2026,2,B08,B08-M01,D,2026-05-21T20:30:00,20,1230,0,89,0,3,drink,4000,356,138,7,20,17,12,0,0,1,20,19.2,0.43,0.381,after_stage,0,19,19,0,218,91,0,89,Kaggle French Bakery Daily Sales,SYNTHETIC_FEATURE_SNAPSHOT,23,1
zerofest-synthetic-2026,2,B08,B08-M01,D,2026-05-21T21:00:00,21,1260,0,59,0,3,drink,4000,356,119,0,19,20,8,0,0,1,20,18.0,0.63,0.209,normal,0,16,16,0,224,93,0,89,Kaggle French Bakery Daily Sales,SYNTHETIC_FEATURE_SNAPSHOT,16,1
zerofest-synthetic-2026,2,B08,B08-M01,D,2026-05-21T21:30:00,21,1290,0,29,0,3,drink,4000,356,103,0,16,19,7,0,0,1,20,18.6,0.36,0.247,normal,0,14,14,0,221,92,0,89,Kaggle French Bakery Daily Sales,SYNTHETIC_FEATURE_SNAPSHOT,12,1
zerofest-synthetic-2026,3,B08,B08-M01,D,2026-05-22T16:00:00,16,960,0,359,0,4,drink,4000,356,356,0,0,0,0,0,0,0,0,19.7,0.01,0.208,normal,0,11,11,0,971,248,0,130,Kaggle French Bakery Daily Sales,SYNTHETIC_FEATURE_SNAPSHOT,1,1
zerofest-synthetic-2026,3,B08,B08-M01,D,2026-05-22T16:30:00,16,990,0,329,0,4,drink,4000,356,345,2,11,0,5,0,0,0,0,20.0,0.01,0.279,normal,0,19,19,0,545,174,0,130,Kaggle French Bakery Daily Sales,SYNTHETIC_FEATURE_SNAPSHOT,17,1
zerofest-synthetic-2026,3,B08,B08-M01,D,2026-05-22T17:00:00,17,1020,0,299,0,4,drink,4000,356,326,2,19,11,10,0,0,0,0,20.0,0.09,0.42,pre_stage,0,18,18,0,544,178,0,130,Kaggle French Bakery Daily Sales,SYNTHETIC_FEATURE_SNAPSHOT,23,0
zerofest-synthetic-2026,3,B08,B08-M01,D,2026-05-22T17:30:00,17,1050,0,269,0,4,drink,4000,356,308,1,18,19,7,0,0,0,0,19.8,0.0,0.401,pre_stage,0,22,22,0,421,146,0,130,Kaggle French Bakery Daily Sales,SYNTHETIC_FEATURE_SNAPSHOT,28,1
zerofest-synthetic-2026,3,B08,B08-M01,D,2026-05-22T18:00:00,18,1080,0,239,0,4,drink,4000,356,286,10,22,18,10,0,0,0,0,18.9,0.01,0.649,main_stage,0,30,30,0,286,89,0,130,Kaggle French Bakery Daily Sales,SYNTHETIC_FEATURE_SNAPSHOT,36,3
zerofest-synthetic-2026,3,B08,B08-M01,D,2026-05-22T18:30:00,18,1110,0,209,0,4,drink,4000,356,256,3,30,22,13,0,0,0,0,18.8,0.0,0.593,main_stage,0,33,33,0,233,67,0,130,Kaggle French Bakery Daily Sales,SYNTHETIC_FEATURE_SNAPSHOT,42,3
zerofest-synthetic-2026,3,B08,B08-M01,D,2026-05-22T19:00:00,19,1140,0,179,0,4,drink,4000,356,223,1,33,30,14,0,0,0,0,17.9,0.0,0.674,main_stage,1,17,17,0,394,139,0,130,Kaggle French Bakery Daily Sales,SYNTHETIC_FEATURE_SNAPSHOT,49,1
zerofest-synthetic-2026,3,B08,B08-M01,D,2026-05-22T19:30:00,19,1170,0,149,0,4,drink,4000,356,206,2,17,33,6,0,0,0,0,17.6,0.04,0.604,main_stage,1,18,18,0,344,132,0,130,Kaggle French Bakery Daily Sales,SYNTHETIC_FEATURE_SNAPSHOT,25,0
zerofest-synthetic-2026,3,B08,B08-M01,D,2026-05-22T20:00:00,20,1200,0,119,0,4,drink,4000,356,188,2,18,17,7,0,0,0,0,18.8,0.0,0.35,after_stage,0,12,12,0,470,149,0,130,Kaggle French Bakery Daily Sales,SYNTHETIC_FEATURE_SNAPSHOT,26,2
zerofest-synthetic-2026,3,B08,B08-M01,D,2026-05-22T20:30:00,20,1230,0,89,0,4,drink,4000,356,176,5,12,18,7,0,0,0,0,17.4,0.0,0.402,after_stage,0,16,16,0,330,137,0,130,Kaggle French Bakery Daily Sales,SYNTHETIC_FEATURE_SNAPSHOT,19,0
zerofest-synthetic-2026,3,B08,B08-M01,D,2026-05-22T21:00:00,21,1260,0,59,0,4,drink,4000,356,160,2,16,12,7,0,0,0,0,17.6,0.0,0.268,normal,0,15,15,0,320,135,0,130,Kaggle French Bakery Daily Sales,SYNTHETIC_FEATURE_SNAPSHOT,28,2
zerofest-synthetic-2026,3,B08,B08-M01,D,2026-05-22T21:30:00,21,1290,0,29,0,4,drink,4000,356,145,0,15,16,9,0,0,0,0,17.3,0.05,0.198,normal,0,15,15,0,290,133,0,130,Kaggle French Bakery Daily Sales,SYNTHETIC_FEATURE_SNAPSHOT,28,0
zerofest-synthetic-2026,1,B08,B08-M02,D,2026-05-20T16:00:00,16,960,0,359,0,2,dessert,4000,158,158,0,0,0,0,0,0,0,0,23.2,0.02,0.266,normal,0,7,7,0,678,89,0,0,Kaggle French Bakery Daily Sales,SYNTHETIC_FEATURE_SNAPSHOT,2,1
zerofest-synthetic-2026,1,B08,B08-M02,D,2026-05-20T16:30:00,16,990,0,329,0,2,dessert,4000,158,151,0,7,0,4,0,0,0,0,24.1,0.0,0.218,normal,0,14,14,0,324,25,0,0,Kaggle French Bakery Daily Sales,SYNTHETIC_FEATURE_SNAPSHOT,25,1
zerofest-synthetic-2026,1,B08,B08-M02,D,2026-05-20T17:00:00,17,1020,0,299,0,2,dessert,4000,158,137,6,14,7,7,0,0,0,0,21.6,0.01,0.466,pre_stage,0,12,12,0,343,39,0,0,Kaggle French Bakery Daily Sales,SYNTHETIC_FEATURE_SNAPSHOT,21,1
zerofest-synthetic-2026,1,B08,B08-M02,D,2026-05-20T17:30:00,17,1050,0,269,0,2,dessert,4000,158,125,1,12,14,5,0,0,0,0,23.4,0.0,0.448,pre_stage,0,11,11,0,341,44,0,0,Kaggle French Bakery Daily Sales,SYNTHETIC_FEATURE_SNAPSHOT,40,1
zerofest-synthetic-2026,1,B08,B08-M02,D,2026-05-20T18:00:00,18,1080,0,239,0,2,dessert,4000,158,114,0,11,12,5,0,0,0,0,22.2,0.0,0.584,main_stage,0,26,26,0,132,0,0,0,Kaggle French Bakery Daily Sales,SYNTHETIC_FEATURE_SNAPSHOT,38,2
zerofest-synthetic-2026,1,B08,B08-M02,D,2026-05-20T18:30:00,18,1110,0,209,0,2,dessert,4000,158,88,6,26,11,11,0,0,0,0,22.9,0.0,0.585,main_stage,0,14,14,0,189,8,0,0,Kaggle French Bakery Daily Sales,SYNTHETIC_FEATURE_SNAPSHOT,55,1
zerofest-synthetic-2026,1,B08,B08-M02,D,2026-05-20T19:00:00,19,1140,0,179,0,2,dessert,4000,158,74,2,14,26,6,0,0,0,0,22.1,0.03,0.576,main_stage,1,30,30,0,74,0,0,0,Kaggle French Bakery Daily Sales,SYNTHETIC_FEATURE_SNAPSHOT,38,2
zerofest-synthetic-2026,1,B08,B08-M02,D,2026-05-20T19:30:00,19,1170,0,149,0,2,dessert,4000,158,44,5,30,14,10,0,0,0,0,22.4,0.0,0.563,main_stage,1,8,8,0,165,11,0,0,Kaggle French Bakery Daily Sales,SYNTHETIC_FEATURE_SNAPSHOT,45,1
zerofest-synthetic-2026,1,B08,B08-M02,D,2026-05-20T20:00:00,20,1200,0,119,0,2,dessert,4000,158,36,2,8,30,4,0,0,0,0,20.9,0.0,0.357,after_stage,0,10,10,0,108,3,0,0,Kaggle French Bakery Daily Sales,SYNTHETIC_FEATURE_SNAPSHOT,36,0
zerofest-synthetic-2026,1,B08,B08-M02,D,2026-05-20T20:30:00,20,1230,0,89,0,2,dessert,4000,158,26,4,10,8,5,0,0,0,0,22.4,0.0,0.355,after_stage,0,13,13,0,60,0,0,0,Kaggle French Bakery Daily Sales,SYNTHETIC_FEATURE_SNAPSHOT,15,0
zerofest-synthetic-2026,1,B08,B08-M02,D,2026-05-20T21:00:00,21,1260,0,59,0,2,dessert,4000,158,13,0,13,10,5,0,0,0,0,20.9,0.01,0.238,normal,0,13,22,1,30,0,0,0,Kaggle French Bakery Daily Sales,SYNTHETIC_FEATURE_SNAPSHOT,24,0
zerofest-synthetic-2026,1,B08,B08-M02,D,2026-05-20T21:30:00,21,1290,0,29,0,2,dessert,4000,158,0,0,13,13,5,0,0,0,0,19.7,0.02,0.223,normal,0,0,5,1,0,0,1,0,Kaggle French Bakery Daily Sales,SYNTHETIC_FEATURE_SNAPSHOT,16,1
zerofest-synthetic-2026,2,B08,B08-M02,D,2026-05-21T16:00:00,16,960,0,359,0,3,dessert,4000,158,156,2,2,0,1,0,0,1,10,21.7,0.56,0.238,normal,0,6,6,0,780,97,0,0,Kaggle French Bakery Daily Sales,SYNTHETIC_FEATURE_SNAPSHOT,1,1
zerofest-synthetic-2026,2,B08,B08-M02,D,2026-05-21T16:30:00,16,990,0,329,0,3,dessert,4000,158,150,2,6,2,4,0,0,1,10,21.1,0.66,0.205,normal,0,3,3,0,1500,123,0,0,Kaggle French Bakery Daily Sales,SYNTHETIC_FEATURE_SNAPSHOT,28,1
zerofest-synthetic-2026,2,B08,B08-M02,D,2026-05-21T17:00:00,17,1020,0,299,0,3,dessert,4000,158,147,1,3,6,2,0,0,1,10,20.2,0.45,0.4,pre_stage,0,19,19,0,233,0,0,0,Kaggle French Bakery Daily Sales,SYNTHETIC_FEATURE_SNAPSHOT,38,2
zerofest-synthetic-2026,2,B08,B08-M02,D,2026-05-21T17:30:00,17,1050,0,269,0,3,dessert,4000,158,128,1,19,3,10,0,0,1,10,21.4,0.47,0.442,pre_stage,0,17,17,0,226,3,0,0,Kaggle French Bakery Daily Sales,SYNTHETIC_FEATURE_SNAPSHOT,45,2
zerofest-synthetic-2026,2,B08,B08-M02,D,2026-05-21T18:00:00,18,1080,0,239,0,3,dessert,4000,158,111,0,17,19,10,0,0,1,10,21.9,0.79,0.623,main_stage,0,16,16,0,209,6,0,0,Kaggle French Bakery Daily Sales,SYNTHETIC_FEATURE_SNAPSHOT,48,1
zerofest-synthetic-2026,2,B08,B08-M02,D,2026-05-21T18:30:00,18,1110,0,209,0,3,dessert,4000,158,95,6,16,17,7,0,0,1,10,20.3,0.52,0.544,main_stage,0,7,7,0,408,55,0,0,Kaggle French Bakery Daily Sales,SYNTHETIC_FEATURE_SNAPSHOT,51,2
zerofest-synthetic-2026,2,B08,B08-M02,D,2026-05-21T19:00:00,19,1140,0,179,0,3,dessert,4000,158,88,3,7,16,4,10,0,1,10,19.6,0.51,0.499,main_stage,1,21,21,0,126,0,0,0,Kaggle French Bakery Daily Sales,SYNTHETIC_FEATURE_SNAPSHOT,38,1
zerofest-synthetic-2026,2,B08,B08-M02,D,2026-05-21T19:30:00,19,1170,0,149,0,3,dessert,4000,158,67,7,21,7,9,10,30,1,10,19.8,0.56,0.524,main_stage,1,17,17,0,119,0,0,0,Kaggle French Bakery Daily Sales,SYNTHETIC_FEATURE_SNAPSHOT,51,1
zerofest-synthetic-2026,2,B08,B08-M02,D,2026-05-21T20:00:00,20,1200,0,119,0,3,dessert,4000,158,50,0,17,21,8,0,0,1,10,20.2,0.47,0.298,after_stage,0,11,11,0,137,14,0,0,Kaggle French Bakery Daily Sales,SYNTHETIC_FEATURE_SNAPSHOT,24,0
zerofest-synthetic-2026,2,B08,B08-M02,D,2026-05-21T20:30:00,20,1230,0,89,0,3,dessert,4000,158,39,0,11,17,7,10,0,1,10,19.2,0.43,0.381,after_stage,0,18,18,0,65,0,0,0,Kaggle French Bakery Daily Sales,SYNTHETIC_FEATURE_SNAPSHOT,23,1
zerofest-synthetic-2026,2,B08,B08-M02,D,2026-05-21T21:00:00,21,1260,0,59,0,3,dessert,4000,158,21,4,18,11,8,0,0,1,10,18.0,0.63,0.209,normal,0,6,6,0,105,11,0,0,Kaggle French Bakery Daily Sales,SYNTHETIC_FEATURE_SNAPSHOT,16,1
zerofest-synthetic-2026,2,B08,B08-M02,D,2026-05-21T21:30:00,21,1290,0,29,0,3,dessert,4000,158,15,2,6,18,5,0,0,1,10,18.6,0.36,0.247,normal,0,15,16,1,30,3,0,0,Kaggle French Bakery Daily Sales,SYNTHETIC_FEATURE_SNAPSHOT,12,1
zerofest-synthetic-2026,3,B08,B08-M02,D,2026-05-22T16:00:00,16,960,0,359,0,4,dessert,4000,158,158,0,0,0,0,0,0,1,20,19.7,0.01,0.208,normal,0,5,5,0,948,109,0,24,Kaggle French Bakery Daily Sales,SYNTHETIC_FEATURE_SNAPSHOT,1,1
zerofest-synthetic-2026,3,B08,B08-M02,D,2026-05-22T16:30:00,16,990,0,329,0,4,dessert,4000,158,153,5,5,0,1,0,0,1,20,20.0,0.01,0.279,normal,0,5,5,0,918,108,0,24,Kaggle French Bakery Daily Sales,SYNTHETIC_FEATURE_SNAPSHOT,17,1
zerofest-synthetic-2026,3,B08,B08-M02,D,2026-05-22T17:00:00,17,1020,0,299,0,4,dessert,4000,158,148,3,5,5,3,0,0,1,20,20.0,0.09,0.42,pre_stage,0,10,10,0,444,66,0,24,Kaggle French Bakery Daily Sales,SYNTHETIC_FEATURE_SNAPSHOT,23,0
zerofest-synthetic-2026,3,B08,B08-M02,D,2026-05-22T17:30:00,17,1050,0,269,0,4,dessert,4000,158,138,2,10,5,5,0,0,1,20,19.8,0.0,0.401,pre_stage,0,10,10,0,414,64,0,24,Kaggle French Bakery Daily Sales,SYNTHETIC_FEATURE_SNAPSHOT,28,1
zerofest-synthetic-2026,3,B08,B08-M02,D,2026-05-22T18:00:00,18,1080,0,239,0,4,dessert,4000,158,128,1,10,10,4,20,0,1,20,18.9,0.01,0.649,main_stage,0,21,21,0,183,0,0,24,Kaggle French Bakery Daily Sales,SYNTHETIC_FEATURE_SNAPSHOT,36,3
zerofest-synthetic-2026,3,B08,B08-M02,D,2026-05-22T18:30:00,18,1110,0,209,0,4,dessert,4000,158,107,3,21,10,10,20,30,1,20,18.8,0.0,0.593,main_stage,0,32,32,0,101,0,0,24,Kaggle French Bakery Daily Sales,SYNTHETIC_FEATURE_SNAPSHOT,42,3
zerofest-synthetic-2026,3,B08,B08-M02,D,2026-05-22T19:00:00,19,1140,0,179,0,4,dessert,4000,158,75,5,32,21,11,0,0,1,20,17.9,0.0,0.674,main_stage,1,13,13,0,174,11,0,24,Kaggle French Bakery Daily Sales,SYNTHETIC_FEATURE_SNAPSHOT,49,1
zerofest-synthetic-2026,3,B08,B08-M02,D,2026-05-22T19:30:00,19,1170,0,149,0,4,dessert,4000,158,62,0,13,32,6,0,0,1,20,17.6,0.04,0.604,main_stage,1,14,14,0,133,5,0,24,Kaggle French Bakery Daily Sales,SYNTHETIC_FEATURE_SNAPSHOT,25,0
zerofest-synthetic-2026,3,B08,B08-M02,D,2026-05-22T20:00:00,20,1200,0,119,0,4,dessert,4000,158,48,6,14,13,6,0,0,1,20,18.8,0.0,0.35,after_stage,0,4,4,0,360,35,0,24,Kaggle French Bakery Daily Sales,SYNTHETIC_FEATURE_SNAPSHOT,26,2
zerofest-synthetic-2026,3,B08,B08-M02,D,2026-05-22T20:30:00,20,1230,0,89,0,4,dessert,4000,158,44,1,4,14,3,0,0,1,20,17.4,0.0,0.402,after_stage,0,8,8,0,165,24,0,24,Kaggle French Bakery Daily Sales,SYNTHETIC_FEATURE_SNAPSHOT,19,0
zerofest-synthetic-2026,3,B08,B08-M02,D,2026-05-22T21:00:00,21,1260,0,59,0,4,dessert,4000,158,36,3,8,4,2,20,0,1,20,17.6,0.0,0.268,normal,0,9,9,0,120,21,0,24,Kaggle French Bakery Daily Sales,SYNTHETIC_FEATURE_SNAPSHOT,28,2
zerofest-synthetic-2026,3,B08,B08-M02,D,2026-05-22T21:30:00,21,1290,0,29,0,4,dessert,4000,158,27,0,9,8,5,0,0,1,20,17.3,0.05,0.198,normal,0,3,3,0,270,25,0,24,Kaggle French Bakery Daily Sales,SYNTHETIC_FEATURE_SNAPSHOT,28,0
zerofest-synthetic-2026,1,B08,B08-M03,D,2026-05-20T16:00:00,16,960,0,359,0,2,food,5000,202,202,0,0,0,0,0,0,1,30,23.2,0.02,0.266,normal,0,9,9,0,674,113,0,0,Kaggle French Bakery Daily Sales,SYNTHETIC_FEATURE_SNAPSHOT,2,1
zerofest-synthetic-2026,1,B08,B08-M03,D,2026-05-20T16:30:00,16,990,0,329,0,2,food,5000,202,193,4,9,0,5,0,0,1,30,24.1,0.0,0.218,normal,0,1,1,0,5790,184,0,0,Kaggle French Bakery Daily Sales,SYNTHETIC_FEATURE_SNAPSHOT,25,1
zerofest-synthetic-2026,1,B08,B08-M03,D,2026-05-20T17:00:00,17,1020,0,299,0,2,food,5000,202,192,0,1,9,1,0,0,1,30,21.6,0.01,0.466,pre_stage,0,29,29,0,199,0,0,0,Kaggle French Bakery Daily Sales,SYNTHETIC_FEATURE_SNAPSHOT,21,1
zerofest-synthetic-2026,1,B08,B08-M03,D,2026-05-20T17:30:00,17,1050,0,269,0,2,food,5000,202,163,4,29,1,16,0,0,1,30,23.4,0.0,0.448,pre_stage,0,23,23,0,213,0,0,0,Kaggle French Bakery Daily Sales,SYNTHETIC_FEATURE_SNAPSHOT,40,1
zerofest-synthetic-2026,1,B08,B08-M03,D,2026-05-20T18:00:00,18,1080,0,239,0,2,food,5000,202,140,4,23,29,11,30,0,1,30,22.2,0.0,0.584,main_stage,0,37,37,0,114,0,0,0,Kaggle French Bakery Daily Sales,SYNTHETIC_FEATURE_SNAPSHOT,38,2
zerofest-synthetic-2026,1,B08,B08-M03,D,2026-05-20T18:30:00,18,1110,0,209,0,2,food,5000,202,103,3,37,23,13,0,0,1,30,22.9,0.0,0.585,main_stage,0,45,45,0,69,0,0,0,Kaggle French Bakery Daily Sales,SYNTHETIC_FEATURE_SNAPSHOT,55,1
zerofest-synthetic-2026,1,B08,B08-M03,D,2026-05-20T19:00:00,19,1140,0,179,0,2,food,5000,202,58,11,45,37,16,0,0,1,30,22.1,0.03,0.576,main_stage,1,16,16,0,109,0,0,0,Kaggle French Bakery Daily Sales,SYNTHETIC_FEATURE_SNAPSHOT,38,2
zerofest-synthetic-2026,1,B08,B08-M03,D,2026-05-20T19:30:00,19,1170,0,149,0,2,food,5000,202,42,2,16,45,9,30,0,1,30,22.4,0.0,0.563,main_stage,1,31,31,0,41,0,0,0,Kaggle French Bakery Daily Sales,SYNTHETIC_FEATURE_SNAPSHOT,45,1
zerofest-synthetic-2026,1,B08,B08-M03,D,2026-05-20T20:00:00,20,1200,0,119,0,2,food,5000,202,11,0,31,16,10,30,30,1,30,20.9,0.0,0.357,after_stage,0,11,29,1,31,0,0,0,Kaggle French Bakery Daily Sales,SYNTHETIC_FEATURE_SNAPSHOT,36,0
zerofest-synthetic-2026,1,B08,B08-M03,D,2026-05-20T20:30:00,20,1230,0,89,0,2,food,5000,202,0,0,11,31,4,0,0,1,30,22.4,0.0,0.355,after_stage,0,0,16,1,0,0,1,0,Kaggle French Bakery Daily Sales,SYNTHETIC_FEATURE_SNAPSHOT,15,0
zerofest-synthetic-2026,1,B08,B08-M03,D,2026-05-20T21:00:00,21,1260,0,59,0,2,food,5000,202,0,0,0,11,0,0,0,1,30,20.9,0.01,0.238,normal,0,0,3,1,0,0,1,0,Kaggle French Bakery Daily Sales,SYNTHETIC_FEATURE_SNAPSHOT,24,0
zerofest-synthetic-2026,1,B08,B08-M03,D,2026-05-20T21:30:00,21,1290,0,29,0,2,food,5000,202,0,0,0,0,0,0,0,1,30,19.7,0.02,0.223,normal,0,0,26,1,0,0,1,0,Kaggle French Bakery Daily Sales,SYNTHETIC_FEATURE_SNAPSHOT,16,1
zerofest-synthetic-2026,2,B08,B08-M03,D,2026-05-21T16:00:00,16,960,0,359,0,3,food,5000,202,202,0,0,0,0,0,0,0,0,21.7,0.56,0.238,normal,0,14,14,0,433,64,0,0,Kaggle French Bakery Daily Sales,SYNTHETIC_FEATURE_SNAPSHOT,1,1
zerofest-synthetic-2026,2,B08,B08-M03,D,2026-05-21T16:30:00,16,990,0,329,0,3,food,5000,202,188,2,14,0,7,0,0,0,0,21.1,0.66,0.205,normal,0,23,23,0,246,0,0,0,Kaggle French Bakery Daily Sales,SYNTHETIC_FEATURE_SNAPSHOT,28,1
zerofest-synthetic-2026,2,B08,B08-M03,D,2026-05-21T17:00:00,17,1020,0,299,0,3,food,5000,202,165,11,23,14,9,0,0,0,0,20.2,0.45,0.4,pre_stage,0,13,13,0,381,58,0,0,Kaggle French Bakery Daily Sales,SYNTHETIC_FEATURE_SNAPSHOT,38,2
zerofest-synthetic-2026,2,B08,B08-M03,D,2026-05-21T17:30:00,17,1050,0,269,0,3,food,5000,202,152,2,13,23,7,0,0,0,0,21.4,0.47,0.442,pre_stage,0,41,41,0,112,0,0,0,Kaggle French Bakery Daily Sales,SYNTHETIC_FEATURE_SNAPSHOT,45,2
zerofest-synthetic-2026,2,B08,B08-M03,D,2026-05-21T18:00:00,18,1080,0,239,0,3,food,5000,202,111,8,41,13,17,0,0,0,0,21.9,0.79,0.623,main_stage,0,32,32,0,105,0,0,0,Kaggle French Bakery Daily Sales,SYNTHETIC_FEATURE_SNAPSHOT,48,1
zerofest-synthetic-2026,2,B08,B08-M03,D,2026-05-21T18:30:00,18,1110,0,209,0,3,food,5000,202,79,15,32,41,14,0,0,0,0,20.3,0.52,0.544,main_stage,0,20,20,0,119,0,0,0,Kaggle French Bakery Daily Sales,SYNTHETIC_FEATURE_SNAPSHOT,51,2
zerofest-synthetic-2026,2,B08,B08-M03,D,2026-05-21T19:00:00,19,1140,0,179,0,3,food,5000,202,59,1,20,32,10,0,0,0,0,19.6,0.51,0.499,main_stage,1,26,26,0,69,0,0,0,Kaggle French Bakery Daily Sales,SYNTHETIC_FEATURE_SNAPSHOT,38,1
zerofest-synthetic-2026,2,B08,B08-M03,D,2026-05-21T19:30:00,19,1170,0,149,0,3,food,5000,202,33,2,26,20,10,0,0,0,0,19.8,0.56,0.524,main_stage,1,25,25,0,40,0,0,0,Kaggle French Bakery Daily Sales,SYNTHETIC_FEATURE_SNAPSHOT,51,1
zerofest-synthetic-2026,2,B08,B08-M03,D,2026-05-21T20:00:00,20,1200,0,119,0,3,food,5000,202,8,5,25,26,9,0,0,0,0,20.2,0.47,0.298,after_stage,0,8,22,1,30,0,0,0,Kaggle French Bakery Daily Sales,SYNTHETIC_FEATURE_SNAPSHOT,24,0
zerofest-synthetic-2026,2,B08,B08-M03,D,2026-05-21T20:30:00,20,1230,0,89,0,3,food,5000,202,0,0,8,25,4,0,0,0,0,19.2,0.43,0.381,after_stage,0,0,30,1,0,0,1,0,Kaggle French Bakery Daily Sales,SYNTHETIC_FEATURE_SNAPSHOT,23,1
zerofest-synthetic-2026,2,B08,B08-M03,D,2026-05-21T21:00:00,21,1260,0,59,0,3,food,5000,202,0,0,0,8,0,0,0,0,0,18.0,0.63,0.209,normal,0,0,18,1,0,0,1,0,Kaggle French Bakery Daily Sales,SYNTHETIC_FEATURE_SNAPSHOT,16,1
zerofest-synthetic-2026,2,B08,B08-M03,D,2026-05-21T21:30:00,21,1290,0,29,0,3,food,5000,202,0,0,0,0,0,0,0,0,0,18.6,0.36,0.247,normal,0,0,24,1,0,0,1,0,Kaggle French Bakery Daily Sales,SYNTHETIC_FEATURE_SNAPSHOT,12,1
zerofest-synthetic-2026,3,B08,B08-M03,D,2026-05-22T16:00:00,16,960,0,359,0,4,food,5000,202,202,0,0,0,0,0,0,0,0,19.7,0.01,0.208,normal,0,11,11,0,551,94,0,7,Kaggle French Bakery Daily Sales,SYNTHETIC_FEATURE_SNAPSHOT,1,1
zerofest-synthetic-2026,3,B08,B08-M03,D,2026-05-22T16:30:00,16,990,0,329,0,4,food,5000,202,191,2,11,0,6,0,0,0,0,20.0,0.01,0.279,normal,0,11,11,0,521,92,0,7,Kaggle French Bakery Daily Sales,SYNTHETIC_FEATURE_SNAPSHOT,17,1
zerofest-synthetic-2026,3,B08,B08-M03,D,2026-05-22T17:00:00,17,1020,0,299,0,4,food,5000,202,180,0,11,11,5,0,0,0,0,20.0,0.09,0.42,pre_stage,0,15,15,0,360,57,0,7,Kaggle French Bakery Daily Sales,SYNTHETIC_FEATURE_SNAPSHOT,23,0
zerofest-synthetic-2026,3,B08,B08-M03,D,2026-05-22T17:30:00,17,1050,0,269,0,4,food,5000,202,165,3,15,11,8,0,0,0,0,19.8,0.0,0.401,pre_stage,0,24,24,0,207,0,0,7,Kaggle French Bakery Daily Sales,SYNTHETIC_FEATURE_SNAPSHOT,28,1
zerofest-synthetic-2026,3,B08,B08-M03,D,2026-05-22T18:00:00,18,1080,0,239,0,4,food,5000,202,141,1,24,15,10,0,0,0,0,18.9,0.01,0.649,main_stage,0,28,28,0,152,0,0,7,Kaggle French Bakery Daily Sales,SYNTHETIC_FEATURE_SNAPSHOT,36,3
zerofest-synthetic-2026,3,B08,B08-M03,D,2026-05-22T18:30:00,18,1110,0,209,0,4,food,5000,202,113,3,28,24,10,0,0,0,0,18.8,0.0,0.593,main_stage,0,24,24,0,142,0,0,7,Kaggle French Bakery Daily Sales,SYNTHETIC_FEATURE_SNAPSHOT,42,3
zerofest-synthetic-2026,3,B08,B08-M03,D,2026-05-22T19:00:00,19,1140,0,179,0,4,food,5000,202,89,6,24,28,9,0,0,0,0,17.9,0.0,0.674,main_stage,1,14,14,0,191,20,0,7,Kaggle French Bakery Daily Sales,SYNTHETIC_FEATURE_SNAPSHOT,49,1
zerofest-synthetic-2026,3,B08,B08-M03,D,2026-05-22T19:30:00,19,1170,0,149,0,4,food,5000,202,75,3,14,24,9,0,0,0,0,17.6,0.04,0.604,main_stage,1,9,9,0,250,38,0,7,Kaggle French Bakery Daily Sales,SYNTHETIC_FEATURE_SNAPSHOT,25,0
zerofest-synthetic-2026,3,B08,B08-M03,D,2026-05-22T20:00:00,20,1200,0,119,0,4,food,5000,202,66,2,9,14,5,0,0,0,0,18.8,0.0,0.35,after_stage,0,10,10,0,198,33,0,7,Kaggle French Bakery Daily Sales,SYNTHETIC_FEATURE_SNAPSHOT,26,2
zerofest-synthetic-2026,3,B08,B08-M03,D,2026-05-22T20:30:00,20,1230,0,89,0,4,food,5000,202,56,2,10,9,4,0,0,0,0,17.4,0.0,0.402,after_stage,0,21,21,0,80,4,0,7,Kaggle French Bakery Daily Sales,SYNTHETIC_FEATURE_SNAPSHOT,19,0
zerofest-synthetic-2026,3,B08,B08-M03,D,2026-05-22T21:00:00,21,1260,0,59,0,4,food,5000,202,35,4,21,10,11,0,0,0,0,17.6,0.0,0.268,normal,0,17,17,0,62,7,0,7,Kaggle French Bakery Daily Sales,SYNTHETIC_FEATURE_SNAPSHOT,28,2
zerofest-synthetic-2026,3,B08,B08-M03,D,2026-05-22T21:30:00,21,1290,0,29,0,4,food,5000,202,18,3,17,21,8,0,0,0,0,17.3,0.05,0.198,normal,0,11,11,0,50,9,0,7,Kaggle French Bakery Daily Sales,SYNTHETIC_FEATURE_SNAPSHOT,28,0
zerofest-synthetic-2026,1,B08,B08-M04,D,2026-05-20T16:00:00,16,960,0,359,0,2,drink,4000,221,217,4,4,0,2,0,0,1,10,23.2,0.02,0.266,normal,0,25,25,0,261,0,0,0,Kaggle French Bakery Daily Sales,SYNTHETIC_FEATURE_SNAPSHOT,2,1
zerofest-synthetic-2026,1,B08,B08-M04,D,2026-05-20T16:30:00,16,990,0,329,0,2,drink,4000,221,192,3,25,4,10,0,0,1,10,24.1,0.0,0.218,normal,0,13,13,0,444,75,0,0,Kaggle French Bakery Daily Sales,SYNTHETIC_FEATURE_SNAPSHOT,25,1
zerofest-synthetic-2026,1,B08,B08-M04,D,2026-05-20T17:00:00,17,1020,0,299,0,2,drink,4000,221,179,0,13,25,5,0,0,1,10,21.6,0.01,0.466,pre_stage,0,33,33,0,163,0,0,0,Kaggle French Bakery Daily Sales,SYNTHETIC_FEATURE_SNAPSHOT,21,1
zerofest-synthetic-2026,1,B08,B08-M04,D,2026-05-20T17:30:00,17,1050,0,269,0,2,drink,4000,221,146,9,33,13,15,0,0,1,10,23.4,0.0,0.448,pre_stage,0,19,19,0,231,6,0,0,Kaggle French Bakery Daily Sales,SYNTHETIC_FEATURE_SNAPSHOT,40,1
zerofest-synthetic-2026,1,B08,B08-M04,D,2026-05-20T18:00:00,18,1080,0,239,0,2,drink,4000,221,127,5,19,33,9,0,0,1,10,22.2,0.0,0.584,main_stage,0,32,32,0,120,0,0,0,Kaggle French Bakery Daily Sales,SYNTHETIC_FEATURE_SNAPSHOT,38,2
zerofest-synthetic-2026,1,B08,B08-M04,D,2026-05-20T18:30:00,18,1110,0,209,0,2,drink,4000,221,95,3,32,19,15,0,0,1,10,22.9,0.0,0.585,main_stage,0,9,9,0,317,43,0,0,Kaggle French Bakery Daily Sales,SYNTHETIC_FEATURE_SNAPSHOT,55,1
zerofest-synthetic-2026,1,B08,B08-M04,D,2026-05-20T19:00:00,19,1140,0,179,0,2,drink,4000,221,86,2,9,32,5,0,0,1,10,22.1,0.03,0.576,main_stage,1,18,18,0,144,0,0,0,Kaggle French Bakery Daily Sales,SYNTHETIC_FEATURE_SNAPSHOT,38,2
zerofest-synthetic-2026,1,B08,B08-M04,D,2026-05-20T19:30:00,19,1170,0,149,0,2,drink,4000,221,68,3,18,9,9,0,0,1,10,22.4,0.0,0.563,main_stage,1,29,29,0,71,0,0,0,Kaggle French Bakery Daily Sales,SYNTHETIC_FEATURE_SNAPSHOT,45,1
zerofest-synthetic-2026,1,B08,B08-M04,D,2026-05-20T20:00:00,20,1200,0,119,0,2,drink,4000,221,39,0,29,18,10,10,0,1,10,20.9,0.0,0.357,after_stage,0,4,4,0,293,26,0,0,Kaggle French Bakery Daily Sales,SYNTHETIC_FEATURE_SNAPSHOT,36,0
zerofest-synthetic-2026,1,B08,B08-M04,D,2026-05-20T20:30:00,20,1230,0,89,0,2,drink,4000,221,35,0,4,29,2,10,30,1,10,22.4,0.0,0.355,after_stage,0,25,25,0,42,0,0,0,Kaggle French Bakery Daily Sales,SYNTHETIC_FEATURE_SNAPSHOT,15,0
zerofest-synthetic-2026,1,B08,B08-M04,D,2026-05-20T21:00:00,21,1260,0,59,0,2,drink,4000,221,10,0,25,4,12,0,0,1,10,20.9,0.01,0.238,normal,0,5,5,0,60,2,0,0,Kaggle French Bakery Daily Sales,SYNTHETIC_FEATURE_SNAPSHOT,24,0
zerofest-synthetic-2026,1,B08,B08-M04,D,2026-05-20T21:30:00,21,1290,0,29,0,2,drink,4000,221,5,0,5,25,3,0,0,1,10,19.7,0.02,0.223,normal,0,5,14,1,30,1,0,0,Kaggle French Bakery Daily Sales,SYNTHETIC_FEATURE_SNAPSHOT,16,1
zerofest-synthetic-2026,2,B08,B08-M04,D,2026-05-21T16:00:00,16,960,0,359,0,3,drink,4000,221,221,0,0,0,0,0,0,0,0,21.7,0.56,0.238,normal,0,16,16,0,415,64,0,0,Kaggle French Bakery Daily Sales,SYNTHETIC_FEATURE_SNAPSHOT,1,1
zerofest-synthetic-2026,2,B08,B08-M04,D,2026-05-21T16:30:00,16,990,0,329,0,3,drink,4000,221,205,1,16,0,8,0,0,0,0,21.1,0.66,0.205,normal,0,37,37,0,167,0,0,0,Kaggle French Bakery Daily Sales,SYNTHETIC_FEATURE_SNAPSHOT,28,1
zerofest-synthetic-2026,2,B08,B08-M04,D,2026-05-21T17:00:00,17,1020,0,299,0,3,drink,4000,221,168,14,37,16,16,0,0,0,0,20.2,0.45,0.4,pre_stage,0,25,25,0,202,0,0,0,Kaggle French Bakery Daily Sales,SYNTHETIC_FEATURE_SNAPSHOT,38,2
zerofest-synthetic-2026,2,B08,B08-M04,D,2026-05-21T17:30:00,17,1050,0,269,0,3,drink,4000,221,143,6,25,37,14,0,0,0,0,21.4,0.47,0.442,pre_stage,0,21,21,0,205,0,0,0,Kaggle French Bakery Daily Sales,SYNTHETIC_FEATURE_SNAPSHOT,45,2
zerofest-synthetic-2026,2,B08,B08-M04,D,2026-05-21T18:00:00,18,1080,0,239,0,3,drink,4000,221,122,5,21,25,11,0,0,0,0,21.9,0.79,0.623,main_stage,0,59,59,0,63,0,0,0,Kaggle French Bakery Daily Sales,SYNTHETIC_FEATURE_SNAPSHOT,48,1
zerofest-synthetic-2026,2,B08,B08-M04,D,2026-05-21T18:30:00,18,1110,0,209,0,3,drink,4000,221,63,17,59,21,21,0,0,0,0,20.3,0.52,0.544,main_stage,0,31,31,0,61,0,0,0,Kaggle French Bakery Daily Sales,SYNTHETIC_FEATURE_SNAPSHOT,51,2
zerofest-synthetic-2026,2,B08,B08-M04,D,2026-05-21T19:00:00,19,1140,0,179,0,3,drink,4000,221,32,6,31,59,13,0,0,0,0,19.6,0.51,0.499,main_stage,1,32,42,1,30,0,0,0,Kaggle French Bakery Daily Sales,SYNTHETIC_FEATURE_SNAPSHOT,38,1
zerofest-synthetic-2026,2,B08,B08-M04,D,2026-05-21T19:30:00,19,1170,0,149,0,3,drink,4000,221,0,0,32,31,15,0,0,0,0,19.8,0.56,0.524,main_stage,1,0,29,1,0,0,1,0,Kaggle French Bakery Daily Sales,SYNTHETIC_FEATURE_SNAPSHOT,51,1
zerofest-synthetic-2026,2,B08,B08-M04,D,2026-05-21T20:00:00,20,1200,0,119,0,3,drink,4000,221,0,0,0,32,0,0,0,0,0,20.2,0.47,0.298,after_stage,0,0,20,1,0,0,1,0,Kaggle French Bakery Daily Sales,SYNTHETIC_FEATURE_SNAPSHOT,24,0
zerofest-synthetic-2026,2,B08,B08-M04,D,2026-05-21T20:30:00,20,1230,0,89,0,3,drink,4000,221,0,0,0,0,0,0,0,0,0,19.2,0.43,0.381,after_stage,0,0,21,1,0,0,1,0,Kaggle French Bakery Daily Sales,SYNTHETIC_FEATURE_SNAPSHOT,23,1
zerofest-synthetic-2026,2,B08,B08-M04,D,2026-05-21T21:00:00,21,1260,0,59,0,3,drink,4000,221,0,0,0,0,0,0,0,0,0,18.0,0.63,0.209,normal,0,0,24,1,0,0,1,0,Kaggle French Bakery Daily Sales,SYNTHETIC_FEATURE_SNAPSHOT,16,1
zerofest-synthetic-2026,2,B08,B08-M04,D,2026-05-21T21:30:00,21,1290,0,29,0,3,drink,4000,221,0,0,0,0,0,0,0,0,0,18.6,0.36,0.247,normal,0,0,25,1,0,0,1,0,Kaggle French Bakery Daily Sales,SYNTHETIC_FEATURE_SNAPSHOT,12,1
zerofest-synthetic-2026,3,B08,B08-M04,D,2026-05-22T16:00:00,16,960,0,359,0,4,drink,4000,221,219,2,2,0,1,0,0,0,0,19.7,0.01,0.208,normal,0,12,12,0,548,101,0,12,Kaggle French Bakery Daily Sales,SYNTHETIC_FEATURE_SNAPSHOT,1,1
zerofest-synthetic-2026,3,B08,B08-M04,D,2026-05-22T16:30:00,16,990,0,329,0,4,drink,4000,221,207,4,12,2,5,0,0,0,0,20.0,0.01,0.279,normal,0,11,11,0,565,108,0,12,Kaggle French Bakery Daily Sales,SYNTHETIC_FEATURE_SNAPSHOT,17,1
zerofest-synthetic-2026,3,B08,B08-M04,D,2026-05-22T17:00:00,17,1020,0,299,0,4,drink,4000,221,196,5,11,12,5,0,0,0,0,20.0,0.09,0.42,pre_stage,0,19,19,0,310,40,0,12,Kaggle French Bakery Daily Sales,SYNTHETIC_FEATURE_SNAPSHOT,23,0
zerofest-synthetic-2026,3,B08,B08-M04,D,2026-05-22T17:30:00,17,1050,0,269,0,4,drink,4000,221,177,0,19,11,8,0,0,0,0,19.8,0.0,0.401,pre_stage,0,28,28,0,190,0,0,12,Kaggle French Bakery Daily Sales,SYNTHETIC_FEATURE_SNAPSHOT,28,1
zerofest-synthetic-2026,3,B08,B08-M04,D,2026-05-22T18:00:00,18,1080,0,239,0,4,drink,4000,221,149,1,28,19,12,0,0,0,0,18.9,0.01,0.649,main_stage,0,22,22,0,204,5,0,12,Kaggle French Bakery Daily Sales,SYNTHETIC_FEATURE_SNAPSHOT,36,3
zerofest-synthetic-2026,3,B08,B08-M04,D,2026-05-22T18:30:00,18,1110,0,209,0,4,drink,4000,221,127,3,22,28,9,0,0,0,0,18.8,0.0,0.593,main_stage,0,37,37,0,103,0,0,12,Kaggle French Bakery Daily Sales,SYNTHETIC_FEATURE_SNAPSHOT,42,3
zerofest-synthetic-2026,3,B08,B08-M04,D,2026-05-22T19:00:00,19,1140,0,179,0,4,drink,4000,221,90,3,37,22,15,0,0,0,0,17.9,0.0,0.674,main_stage,1,12,12,0,225,31,0,12,Kaggle French Bakery Daily Sales,SYNTHETIC_FEATURE_SNAPSHOT,49,1
zerofest-synthetic-2026,3,B08,B08-M04,D,2026-05-22T19:30:00,19,1170,0,149,0,4,drink,4000,221,78,2,12,37,4,0,0,0,0,17.6,0.04,0.604,main_stage,1,20,20,0,117,0,0,12,Kaggle French Bakery Daily Sales,SYNTHETIC_FEATURE_SNAPSHOT,25,0
zerofest-synthetic-2026,3,B08,B08-M04,D,2026-05-22T20:00:00,20,1200,0,119,0,4,drink,4000,221,58,8,20,12,8,0,0,0,0,18.8,0.0,0.35,after_stage,0,8,8,0,218,32,0,12,Kaggle French Bakery Daily Sales,SYNTHETIC_FEATURE_SNAPSHOT,26,2
zerofest-synthetic-2026,3,B08,B08-M04,D,2026-05-22T20:30:00,20,1230,0,89,0,4,drink,4000,221,50,0,8,20,5,0,0,0,0,17.4,0.0,0.402,after_stage,0,16,16,0,94,11,0,12,Kaggle French Bakery Daily Sales,SYNTHETIC_FEATURE_SNAPSHOT,19,0
zerofest-synthetic-2026,3,B08,B08-M04,D,2026-05-22T21:00:00,21,1260,0,59,0,4,drink,4000,221,34,3,16,8,8,0,0,0,0,17.6,0.0,0.268,normal,0,11,11,0,93,16,0,12,Kaggle French Bakery Daily Sales,SYNTHETIC_FEATURE_SNAPSHOT,28,2
zerofest-synthetic-2026,3,B08,B08-M04,D,2026-05-22T21:30:00,21,1290,0,29,0,4,drink,4000,221,23,3,11,16,6,0,0,0,0,17.3,0.05,0.198,normal,0,11,11,0,63,14,0,12,Kaggle French Bakery Daily Sales,SYNTHETIC_FEATURE_SNAPSHOT,28,0
zerofest-synthetic-2026,1,B09,B09-M01,A,2026-05-20T16:00:00,16,960,0,359,0,2,dessert,3000,156,156,0,0,0,0,0,0,0,0,23.2,0.02,0.266,normal,0,0,0,0,15600,156,0,37,Kaggle French Bakery Daily Sales,SYNTHETIC_FEATURE_SNAPSHOT,0,0
zerofest-synthetic-2026,1,B09,B09-M01,A,2026-05-20T16:30:00,16,990,0,329,0,2,dessert,3000,156,156,0,0,0,0,0,0,0,0,24.1,0.0,0.218,normal,0,3,3,0,1560,129,0,37,Kaggle French Bakery Daily Sales,SYNTHETIC_FEATURE_SNAPSHOT,7,0
zerofest-synthetic-2026,1,B09,B09-M01,A,2026-05-20T17:00:00,17,1020,0,299,0,2,dessert,3000,156,153,2,3,0,3,0,0,0,0,21.6,0.01,0.466,pre_stage,0,20,20,0,230,0,0,37,Kaggle French Bakery Daily Sales,SYNTHETIC_FEATURE_SNAPSHOT,13,2
zerofest-synthetic-2026,1,B09,B09-M01,A,2026-05-20T17:30:00,17,1050,0,269,0,2,dessert,3000,156,133,7,20,3,8,0,0,0,0,23.4,0.0,0.448,pre_stage,0,11,11,0,363,52,0,37,Kaggle French Bakery Daily Sales,SYNTHETIC_FEATURE_SNAPSHOT,22,1
zerofest-synthetic-2026,1,B09,B09-M01,A,2026-05-20T18:00:00,18,1080,0,239,0,2,dessert,3000,156,122,0,11,20,5,0,0,0,0,22.2,0.0,0.584,main_stage,0,16,16,0,229,17,0,37,Kaggle French Bakery Daily Sales,SYNTHETIC_FEATURE_SNAPSHOT,28,1
zerofest-synthetic-2026,1,B09,B09-M01,A,2026-05-20T18:30:00,18,1110,0,209,0,2,dessert,3000,156,106,1,16,11,8,0,0,0,0,22.9,0.0,0.585,main_stage,0,15,15,0,212,20,0,37,Kaggle French Bakery Daily Sales,SYNTHETIC_FEATURE_SNAPSHOT,25,1
zerofest-synthetic-2026,1,B09,B09-M01,A,2026-05-20T19:00:00,19,1140,0,179,0,2,dessert,3000,156,91,2,15,16,5,0,0,0,0,22.1,0.03,0.576,main_stage,1,11,11,0,249,37,0,37,Kaggle French Bakery Daily Sales,SYNTHETIC_FEATURE_SNAPSHOT,18,0
zerofest-synthetic-2026,1,B09,B09-M01,A,2026-05-20T19:30:00,19,1170,0,149,0,2,dessert,3000,156,80,0,11,15,3,0,0,0,0,22.4,0.0,0.563,main_stage,1,12,12,0,200,31,0,37,Kaggle French Bakery Daily Sales,SYNTHETIC_FEATURE_SNAPSHOT,29,1
zerofest-synthetic-2026,1,B09,B09-M01,A,2026-05-20T20:00:00,20,1200,0,119,0,2,dessert,3000,156,68,0,12,11,6,0,0,0,0,20.9,0.0,0.357,after_stage,0,5,5,0,408,52,0,37,Kaggle French Bakery Daily Sales,SYNTHETIC_FEATURE_SNAPSHOT,30,1
zerofest-synthetic-2026,1,B09,B09-M01,A,2026-05-20T20:30:00,20,1230,0,89,0,2,dessert,3000,156,63,0,5,12,3,0,0,0,0,22.4,0.0,0.355,after_stage,0,5,5,0,378,51,0,37,Kaggle French Bakery Daily Sales,SYNTHETIC_FEATURE_SNAPSHOT,20,0
zerofest-synthetic-2026,1,B09,B09-M01,A,2026-05-20T21:00:00,21,1260,0,59,0,2,dessert,3000,156,58,4,5,5,4,0,0,0,0,20.9,0.01,0.238,normal,0,2,2,0,870,55,0,37,Kaggle French Bakery Daily Sales,SYNTHETIC_FEATURE_SNAPSHOT,15,1
zerofest-synthetic-2026,1,B09,B09-M01,A,2026-05-20T21:30:00,21,1290,0,29,0,2,dessert,3000,156,56,0,2,5,1,0,0,0,0,19.7,0.02,0.223,normal,0,19,19,0,89,40,0,37,Kaggle French Bakery Daily Sales,SYNTHETIC_FEATURE_SNAPSHOT,14,0
zerofest-synthetic-2026,2,B09,B09-M01,A,2026-05-21T16:00:00,16,960,0,359,0,3,dessert,3000,156,156,0,0,0,0,0,0,1,20,21.7,0.56,0.238,normal,0,7,7,0,669,87,0,38,Kaggle French Bakery Daily Sales,SYNTHETIC_FEATURE_SNAPSHOT,1,1
zerofest-synthetic-2026,2,B09,B09-M01,A,2026-05-21T16:30:00,16,990,0,329,0,3,dessert,3000,156,149,0,7,0,2,0,0,1,20,21.1,0.66,0.205,normal,0,6,6,0,745,95,0,38,Kaggle French Bakery Daily Sales,SYNTHETIC_FEATURE_SNAPSHOT,14,0
zerofest-synthetic-2026,2,B09,B09-M01,A,2026-05-21T17:00:00,17,1020,0,299,0,3,dessert,3000,156,143,0,6,7,2,0,0,1,20,20.2,0.45,0.4,pre_stage,0,9,9,0,477,69,0,38,Kaggle French Bakery Daily Sales,SYNTHETIC_FEATURE_SNAPSHOT,18,1
zerofest-synthetic-2026,2,B09,B09-M01,A,2026-05-21T17:30:00,17,1050,0,269,0,3,dessert,3000,156,134,0,9,6,4,0,0,1,20,21.4,0.47,0.442,pre_stage,0,21,21,0,192,0,0,38,Kaggle French Bakery Daily Sales,SYNTHETIC_FEATURE_SNAPSHOT,28,0
zerofest-synthetic-2026,2,B09,B09-M01,A,2026-05-21T18:00:00,18,1080,0,239,0,3,dessert,3000,156,113,4,21,9,10,0,0,1,20,21.9,0.79,0.623,main_stage,0,13,13,0,261,28,0,38,Kaggle French Bakery Daily Sales,SYNTHETIC_FEATURE_SNAPSHOT,32,0
zerofest-synthetic-2026,2,B09,B09-M01,A,2026-05-21T18:30:00,18,1110,0,209,0,3,dessert,3000,156,100,2,13,21,7,0,0,1,20,20.3,0.52,0.544,main_stage,0,11,11,0,273,37,0,38,Kaggle French Bakery Daily Sales,SYNTHETIC_FEATURE_SNAPSHOT,36,2
zerofest-synthetic-2026,2,B09,B09-M01,A,2026-05-21T19:00:00,19,1140,0,179,0,3,dessert,3000,156,89,0,11,13,6,0,0,1,20,19.6,0.51,0.499,main_stage,1,11,11,0,243,35,0,38,Kaggle French Bakery Daily Sales,SYNTHETIC_FEATURE_SNAPSHOT,32,0
zerofest-synthetic-2026,2,B09,B09-M01,A,2026-05-21T19:30:00,19,1170,0,149,0,3,dessert,3000,156,78,0,11,11,4,0,0,1,20,19.8,0.56,0.524,main_stage,1,4,4,0,585,62,0,38,Kaggle French Bakery Daily Sales,SYNTHETIC_FEATURE_SNAPSHOT,20,1
zerofest-synthetic-2026,2,B09,B09-M01,A,2026-05-21T20:00:00,20,1200,0,119,0,3,dessert,3000,156,74,0,4,11,1,0,0,1,20,20.2,0.47,0.298,after_stage,0,13,13,0,171,31,0,38,Kaggle French Bakery Daily Sales,SYNTHETIC_FEATURE_SNAPSHOT,15,0
zerofest-synthetic-2026,2,B09,B09-M01,A,2026-05-21T20:30:00,20,1230,0,89,0,3,dessert,3000,156,61,0,13,4,6,0,0,1,20,19.2,0.43,0.381,after_stage,0,5,5,0,366,49,0,38,Kaggle French Bakery Daily Sales,SYNTHETIC_FEATURE_SNAPSHOT,13,1
zerofest-synthetic-2026,2,B09,B09-M01,A,2026-05-21T21:00:00,21,1260,0,59,0,3,dessert,3000,156,56,0,5,13,2,0,0,1,20,18.0,0.63,0.209,normal,0,11,11,0,153,38,0,38,Kaggle French Bakery Daily Sales,SYNTHETIC_FEATURE_SNAPSHOT,8,0
zerofest-synthetic-2026,2,B09,B09-M01,A,2026-05-21T21:30:00,21,1290,0,29,0,3,dessert,3000,156,45,0,11,5,8,20,0,1,20,18.6,0.36,0.247,normal,0,7,7,0,193,39,0,38,Kaggle French Bakery Daily Sales,SYNTHETIC_FEATURE_SNAPSHOT,20,1
zerofest-synthetic-2026,3,B09,B09-M01,A,2026-05-22T16:00:00,16,960,0,359,0,4,dessert,3000,156,156,0,0,0,0,0,0,1,30,19.7,0.01,0.208,normal,0,9,9,0,520,67,0,83,Kaggle French Bakery Daily Sales,SYNTHETIC_FEATURE_SNAPSHOT,0,0
zerofest-synthetic-2026,3,B09,B09-M01,A,2026-05-22T16:30:00,16,990,0,329,0,4,dessert,3000,156,147,1,9,0,4,0,0,1,30,20.0,0.01,0.279,normal,0,3,3,0,1470,120,0,83,Kaggle French Bakery Daily Sales,SYNTHETIC_FEATURE_SNAPSHOT,11,0
zerofest-synthetic-2026,3,B09,B09-M01,A,2026-05-22T17:00:00,17,1020,0,299,0,4,dessert,3000,156,144,0,3,9,2,0,0,1,30,20.0,0.09,0.42,pre_stage,0,10,10,0,432,62,0,83,Kaggle French Bakery Daily Sales,SYNTHETIC_FEATURE_SNAPSHOT,20,1
zerofest-synthetic-2026,3,B09,B09-M01,A,2026-05-22T17:30:00,17,1050,0,269,0,4,dessert,3000,156,134,5,10,3,5,0,0,1,30,19.8,0.0,0.401,pre_stage,0,2,2,0,2010,119,0,83,Kaggle French Bakery Daily Sales,SYNTHETIC_FEATURE_SNAPSHOT,13,0
zerofest-synthetic-2026,3,B09,B09-M01,A,2026-05-22T18:00:00,18,1080,0,239,0,4,dessert,3000,156,132,0,2,10,1,0,0,1,30,18.9,0.01,0.649,main_stage,0,1,1,0,3960,125,0,83,Kaggle French Bakery Daily Sales,SYNTHETIC_FEATURE_SNAPSHOT,6,0
zerofest-synthetic-2026,3,B09,B09-M01,A,2026-05-22T18:30:00,18,1110,0,209,0,4,dessert,3000,156,131,0,1,2,1,0,0,1,30,18.8,0.0,0.593,main_stage,0,3,3,0,1310,114,0,83,Kaggle French Bakery Daily Sales,SYNTHETIC_FEATURE_SNAPSHOT,32,0
zerofest-synthetic-2026,3,B09,B09-M01,A,2026-05-22T19:00:00,19,1140,0,179,0,4,dessert,3000,156,128,0,3,1,1,0,0,1,30,17.9,0.0,0.674,main_stage,1,10,10,0,384,79,0,83,Kaggle French Bakery Daily Sales,SYNTHETIC_FEATURE_SNAPSHOT,17,0
zerofest-synthetic-2026,3,B09,B09-M01,A,2026-05-22T19:30:00,19,1170,0,149,0,4,dessert,3000,156,118,0,10,3,5,30,0,1,30,17.6,0.04,0.604,main_stage,1,17,17,0,209,48,0,83,Kaggle French Bakery Daily Sales,SYNTHETIC_FEATURE_SNAPSHOT,16,0
zerofest-synthetic-2026,3,B09,B09-M01,A,2026-05-22T20:00:00,20,1200,0,119,0,4,dessert,3000,156,101,2,17,10,8,0,0,1,30,18.8,0.0,0.35,after_stage,0,5,5,0,606,85,0,83,Kaggle French Bakery Daily Sales,SYNTHETIC_FEATURE_SNAPSHOT,28,0
zerofest-synthetic-2026,3,B09,B09-M01,A,2026-05-22T20:30:00,20,1230,0,89,0,4,dessert,3000,156,96,1,5,17,3,0,0,1,30,17.4,0.0,0.402,after_stage,0,0,0,0,9600,96,0,83,Kaggle French Bakery Daily Sales,SYNTHETIC_FEATURE_SNAPSHOT,14,0
zerofest-synthetic-2026,3,B09,B09-M01,A,2026-05-22T21:00:00,21,1260,0,59,0,4,dessert,3000,156,96,0,0,5,0,30,0,1,30,17.6,0.0,0.268,normal,0,6,6,0,480,86,0,83,Kaggle French Bakery Daily Sales,SYNTHETIC_FEATURE_SNAPSHOT,11,1
zerofest-synthetic-2026,3,B09,B09-M01,A,2026-05-22T21:30:00,21,1290,0,29,0,4,dessert,3000,156,90,0,6,0,3,0,0,1,30,17.3,0.05,0.198,normal,0,7,7,0,386,84,0,83,Kaggle French Bakery Daily Sales,SYNTHETIC_FEATURE_SNAPSHOT,21,1
zerofest-synthetic-2026,1,B09,B09-M02,A,2026-05-20T16:00:00,16,960,0,359,0,2,food,4500,161,161,0,0,0,0,0,0,1,20,23.2,0.02,0.266,normal,0,9,9,0,537,72,0,0,Kaggle French Bakery Daily Sales,SYNTHETIC_FEATURE_SNAPSHOT,0,0
zerofest-synthetic-2026,1,B09,B09-M02,A,2026-05-20T16:30:00,16,990,0,329,0,2,food,4500,161,152,0,9,0,5,0,0,1,20,24.1,0.0,0.218,normal,0,8,8,0,570,80,0,0,Kaggle French Bakery Daily Sales,SYNTHETIC_FEATURE_SNAPSHOT,7,0
zerofest-synthetic-2026,1,B09,B09-M02,A,2026-05-20T17:00:00,17,1020,0,299,0,2,food,4500,161,144,1,8,9,4,0,0,1,20,21.6,0.01,0.466,pre_stage,0,11,11,0,393,54,0,0,Kaggle French Bakery Daily Sales,SYNTHETIC_FEATURE_SNAPSHOT,13,2
zerofest-synthetic-2026,1,B09,B09-M02,A,2026-05-20T17:30:00,17,1050,0,269,0,2,food,4500,161,133,0,11,8,5,0,0,1,20,23.4,0.0,0.448,pre_stage,0,18,18,0,222,0,0,0,Kaggle French Bakery Daily Sales,SYNTHETIC_FEATURE_SNAPSHOT,22,1
zerofest-synthetic-2026,1,B09,B09-M02,A,2026-05-20T18:00:00,18,1080,0,239,0,2,food,4500,161,115,1,18,11,8,0,0,1,20,22.2,0.0,0.584,main_stage,0,23,23,0,150,0,0,0,Kaggle French Bakery Daily Sales,SYNTHETIC_FEATURE_SNAPSHOT,28,1
zerofest-synthetic-2026,1,B09,B09-M02,A,2026-05-20T18:30:00,18,1110,0,209,0,2,food,4500,161,92,14,23,18,6,20,0,1,20,22.9,0.0,0.585,main_stage,0,11,11,0,251,29,0,0,Kaggle French Bakery Daily Sales,SYNTHETIC_FEATURE_SNAPSHOT,25,1
zerofest-synthetic-2026,1,B09,B09-M02,A,2026-05-20T19:00:00,19,1140,0,179,0,2,food,4500,161,81,0,11,23,4,0,0,1,20,22.1,0.03,0.576,main_stage,1,21,21,0,116,0,0,0,Kaggle French Bakery Daily Sales,SYNTHETIC_FEATURE_SNAPSHOT,18,0
zerofest-synthetic-2026,1,B09,B09-M02,A,2026-05-20T19:30:00,19,1170,0,149,0,2,food,4500,161,60,10,21,11,8,0,0,1,20,22.4,0.0,0.563,main_stage,1,20,20,0,90,0,0,0,Kaggle French Bakery Daily Sales,SYNTHETIC_FEATURE_SNAPSHOT,29,1
zerofest-synthetic-2026,1,B09,B09-M02,A,2026-05-20T20:00:00,20,1200,0,119,0,2,food,4500,161,40,5,20,21,9,0,0,1,20,20.9,0.0,0.357,after_stage,0,17,17,0,71,0,0,0,Kaggle French Bakery Daily Sales,SYNTHETIC_FEATURE_SNAPSHOT,30,1
zerofest-synthetic-2026,1,B09,B09-M02,A,2026-05-20T20:30:00,20,1230,0,89,0,2,food,4500,161,23,1,17,20,7,20,0,1,20,22.4,0.0,0.355,after_stage,0,9,9,0,77,1,0,0,Kaggle French Bakery Daily Sales,SYNTHETIC_FEATURE_SNAPSHOT,20,0
zerofest-synthetic-2026,1,B09,B09-M02,A,2026-05-20T21:00:00,21,1260,0,59,0,2,food,4500,161,14,3,9,17,4,20,30,1,20,20.9,0.01,0.238,normal,0,11,11,0,39,0,0,0,Kaggle French Bakery Daily Sales,SYNTHETIC_FEATURE_SNAPSHOT,15,1
zerofest-synthetic-2026,1,B09,B09-M02,A,2026-05-20T21:30:00,21,1290,0,29,0,2,food,4500,161,3,0,11,9,5,0,0,1,20,19.7,0.02,0.223,normal,0,3,11,1,30,1,0,0,Kaggle French Bakery Daily Sales,SYNTHETIC_FEATURE_SNAPSHOT,14,0
zerofest-synthetic-2026,2,B09,B09-M02,A,2026-05-21T16:00:00,16,960,0,359,0,3,food,4500,161,158,3,3,0,1,0,0,0,0,21.7,0.56,0.238,normal,0,6,6,0,790,99,0,0,Kaggle French Bakery Daily Sales,SYNTHETIC_FEATURE_SNAPSHOT,1,1
zerofest-synthetic-2026,2,B09,B09-M02,A,2026-05-21T16:30:00,16,990,0,329,0,3,food,4500,161,152,0,6,3,3,0,0,0,0,21.1,0.66,0.205,normal,0,16,16,0,285,8,0,0,Kaggle French Bakery Daily Sales,SYNTHETIC_FEATURE_SNAPSHOT,14,0
zerofest-synthetic-2026,2,B09,B09-M02,A,2026-05-21T17:00:00,17,1020,0,299,0,3,food,4500,161,136,4,16,6,6,0,0,0,0,20.2,0.45,0.4,pre_stage,0,15,15,0,272,13,0,0,Kaggle French Bakery Daily Sales,SYNTHETIC_FEATURE_SNAPSHOT,18,1
zerofest-synthetic-2026,2,B09,B09-M02,A,2026-05-21T17:30:00,17,1050,0,269,0,3,food,4500,161,121,1,15,16,6,0,0,0,0,21.4,0.47,0.442,pre_stage,0,22,22,0,165,0,0,0,Kaggle French Bakery Daily Sales,SYNTHETIC_FEATURE_SNAPSHOT,28,0
zerofest-synthetic-2026,2,B09,B09-M02,A,2026-05-21T18:00:00,18,1080,0,239,0,3,food,4500,161,99,8,22,15,12,0,0,0,0,21.9,0.79,0.623,main_stage,0,40,40,0,75,0,0,0,Kaggle French Bakery Daily Sales,SYNTHETIC_FEATURE_SNAPSHOT,32,0
zerofest-synthetic-2026,2,B09,B09-M02,A,2026-05-21T18:30:00,18,1110,0,209,0,3,food,4500,161,59,8,40,22,14,0,0,0,0,20.3,0.52,0.544,main_stage,0,33,33,0,54,0,0,0,Kaggle French Bakery Daily Sales,SYNTHETIC_FEATURE_SNAPSHOT,36,2
zerofest-synthetic-2026,2,B09,B09-M02,A,2026-05-21T19:00:00,19,1140,0,179,0,3,food,4500,161,26,12,33,40,10,0,0,0,0,19.6,0.51,0.499,main_stage,1,14,14,0,56,0,0,0,Kaggle French Bakery Daily Sales,SYNTHETIC_FEATURE_SNAPSHOT,32,0
zerofest-synthetic-2026,2,B09,B09-M02,A,2026-05-21T19:30:00,19,1170,0,149,0,3,food,4500,161,12,0,14,33,6,0,0,0,0,19.8,0.56,0.524,main_stage,1,12,14,1,30,0,0,0,Kaggle French Bakery Daily Sales,SYNTHETIC_FEATURE_SNAPSHOT,20,1
zerofest-synthetic-2026,2,B09,B09-M02,A,2026-05-21T20:00:00,20,1200,0,119,0,3,food,4500,161,0,4,12,14,4,0,0,0,0,20.2,0.47,0.298,after_stage,0,0,12,1,0,0,1,0,Kaggle French Bakery Daily Sales,SYNTHETIC_FEATURE_SNAPSHOT,15,0
zerofest-synthetic-2026,2,B09,B09-M02,A,2026-05-21T20:30:00,20,1230,0,89,0,3,food,4500,161,0,0,0,12,0,0,0,0,0,19.2,0.43,0.381,after_stage,0,0,14,1,0,0,1,0,Kaggle French Bakery Daily Sales,SYNTHETIC_FEATURE_SNAPSHOT,13,1
zerofest-synthetic-2026,2,B09,B09-M02,A,2026-05-21T21:00:00,21,1260,0,59,0,3,food,4500,161,0,0,0,0,0,0,0,0,0,18.0,0.63,0.209,normal,0,0,8,1,0,0,1,0,Kaggle French Bakery Daily Sales,SYNTHETIC_FEATURE_SNAPSHOT,8,0
zerofest-synthetic-2026,2,B09,B09-M02,A,2026-05-21T21:30:00,21,1290,0,29,0,3,food,4500,161,0,0,0,0,0,0,0,0,0,18.6,0.36,0.247,normal,0,0,13,1,0,0,1,0,Kaggle French Bakery Daily Sales,SYNTHETIC_FEATURE_SNAPSHOT,20,1
zerofest-synthetic-2026,3,B09,B09-M02,A,2026-05-22T16:00:00,16,960,0,359,0,4,food,4500,161,161,0,0,0,0,0,0,1,30,19.7,0.01,0.208,normal,0,4,4,0,1208,122,0,19,Kaggle French Bakery Daily Sales,SYNTHETIC_FEATURE_SNAPSHOT,0,0
zerofest-synthetic-2026,3,B09,B09-M02,A,2026-05-22T16:30:00,16,990,0,329,0,4,food,4500,161,157,0,4,0,2,0,0,1,30,20.0,0.01,0.279,normal,0,13,13,0,363,40,0,19,Kaggle French Bakery Daily Sales,SYNTHETIC_FEATURE_SNAPSHOT,11,0
zerofest-synthetic-2026,3,B09,B09-M02,A,2026-05-22T17:00:00,17,1020,0,299,0,4,food,4500,161,144,4,13,4,6,0,0,1,30,20.0,0.09,0.42,pre_stage,0,4,4,0,1080,111,0,19,Kaggle French Bakery Daily Sales,SYNTHETIC_FEATURE_SNAPSHOT,20,1
zerofest-synthetic-2026,3,B09,B09-M02,A,2026-05-22T17:30:00,17,1050,0,269,0,4,food,4500,161,140,0,4,13,2,0,0,1,30,19.8,0.0,0.401,pre_stage,0,5,5,0,840,103,0,19,Kaggle French Bakery Daily Sales,SYNTHETIC_FEATURE_SNAPSHOT,13,0
zerofest-synthetic-2026,3,B09,B09-M02,A,2026-05-22T18:00:00,18,1080,0,239,0,4,food,4500,161,135,0,5,4,3,30,0,1,30,18.9,0.01,0.649,main_stage,0,46,46,0,89,0,0,19,Kaggle French Bakery Daily Sales,SYNTHETIC_FEATURE_SNAPSHOT,6,0
zerofest-synthetic-2026,3,B09,B09-M02,A,2026-05-22T18:30:00,18,1110,0,209,0,4,food,4500,161,89,3,46,5,17,30,30,1,30,18.8,0.0,0.593,main_stage,0,11,11,0,243,26,0,19,Kaggle French Bakery Daily Sales,SYNTHETIC_FEATURE_SNAPSHOT,32,0
zerofest-synthetic-2026,3,B09,B09-M02,A,2026-05-22T19:00:00,19,1140,0,179,0,4,food,4500,161,78,3,11,46,8,0,0,1,30,17.9,0.0,0.674,main_stage,1,4,4,0,585,58,0,19,Kaggle French Bakery Daily Sales,SYNTHETIC_FEATURE_SNAPSHOT,17,0
zerofest-synthetic-2026,3,B09,B09-M02,A,2026-05-22T19:30:00,19,1170,0,149,0,4,food,4500,161,74,0,4,11,2,0,0,1,30,17.6,0.04,0.604,main_stage,1,17,17,0,131,4,0,19,Kaggle French Bakery Daily Sales,SYNTHETIC_FEATURE_SNAPSHOT,16,0
zerofest-synthetic-2026,3,B09,B09-M02,A,2026-05-22T20:00:00,20,1200,0,119,0,4,food,4500,161,57,5,17,4,6,30,0,1,30,18.8,0.0,0.35,after_stage,0,11,11,0,156,21,0,19,Kaggle French Bakery Daily Sales,SYNTHETIC_FEATURE_SNAPSHOT,28,0
zerofest-synthetic-2026,3,B09,B09-M02,A,2026-05-22T20:30:00,20,1230,0,89,0,4,food,4500,161,46,0,11,17,6,0,0,1,30,17.4,0.0,0.402,after_stage,0,7,7,0,198,29,0,19,Kaggle French Bakery Daily Sales,SYNTHETIC_FEATURE_SNAPSHOT,14,0
zerofest-synthetic-2026,3,B09,B09-M02,A,2026-05-22T21:00:00,21,1260,0,59,0,4,food,4500,161,39,4,7,11,2,0,0,1,30,17.6,0.0,0.268,normal,0,9,9,0,130,24,0,19,Kaggle French Bakery Daily Sales,SYNTHETIC_FEATURE_SNAPSHOT,11,1
zerofest-synthetic-2026,3,B09,B09-M02,A,2026-05-22T21:30:00,21,1290,0,29,0,4,food,4500,161,30,0,9,7,6,30,0,1,30,17.3,0.05,0.198,normal,0,11,11,0,82,21,0,19,Kaggle French Bakery Daily Sales,SYNTHETIC_FEATURE_SNAPSHOT,21,1
zerofest-synthetic-2026,1,B09,B09-M03,A,2026-05-20T16:00:00,16,960,0,359,0,2,drink,3000,210,210,0,0,0,0,0,0,1,10,23.2,0.02,0.266,normal,0,4,4,0,1575,171,0,74,Kaggle French Bakery Daily Sales,SYNTHETIC_FEATURE_SNAPSHOT,0,0
zerofest-synthetic-2026,1,B09,B09-M03,A,2026-05-20T16:30:00,16,990,0,329,0,2,drink,3000,210,206,0,4,0,2,0,0,1,10,24.1,0.0,0.218,normal,0,4,4,0,1545,170,0,74,Kaggle French Bakery Daily Sales,SYNTHETIC_FEATURE_SNAPSHOT,7,0
zerofest-synthetic-2026,1,B09,B09-M03,A,2026-05-20T17:00:00,17,1020,0,299,0,2,drink,3000,210,202,1,4,4,4,0,0,1,10,21.6,0.01,0.466,pre_stage,0,10,10,0,606,120,0,74,Kaggle French Bakery Daily Sales,SYNTHETIC_FEATURE_SNAPSHOT,13,2
zerofest-synthetic-2026,1,B09,B09-M03,A,2026-05-20T17:30:00,17,1050,0,269,0,2,drink,3000,210,192,1,10,4,6,0,0,1,10,23.4,0.0,0.448,pre_stage,0,17,17,0,339,67,0,74,Kaggle French Bakery Daily Sales,SYNTHETIC_FEATURE_SNAPSHOT,22,1
zerofest-synthetic-2026,1,B09,B09-M03,A,2026-05-20T18:00:00,18,1080,0,239,0,2,drink,3000,210,175,3,17,10,7,0,0,1,10,22.2,0.0,0.584,main_stage,0,13,13,0,404,90,0,74,Kaggle French Bakery Daily Sales,SYNTHETIC_FEATURE_SNAPSHOT,28,1
zerofest-synthetic-2026,1,B09,B09-M03,A,2026-05-20T18:30:00,18,1110,0,209,0,2,drink,3000,210,162,0,13,17,6,10,0,1,10,22.9,0.0,0.585,main_stage,0,16,16,0,304,70,0,74,Kaggle French Bakery Daily Sales,SYNTHETIC_FEATURE_SNAPSHOT,25,1
zerofest-synthetic-2026,1,B09,B09-M03,A,2026-05-20T19:00:00,19,1140,0,179,0,2,drink,3000,210,146,1,16,13,6,0,0,1,10,22.1,0.03,0.576,main_stage,1,24,24,0,183,28,0,74,Kaggle French Bakery Daily Sales,SYNTHETIC_FEATURE_SNAPSHOT,18,0
zerofest-synthetic-2026,1,B09,B09-M03,A,2026-05-20T19:30:00,19,1170,0,149,0,2,drink,3000,210,122,0,24,16,9,0,0,1,10,22.4,0.0,0.563,main_stage,1,18,18,0,204,48,0,74,Kaggle French Bakery Daily Sales,SYNTHETIC_FEATURE_SNAPSHOT,29,1
zerofest-synthetic-2026,1,B09,B09-M03,A,2026-05-20T20:00:00,20,1200,0,119,0,2,drink,3000,210,104,2,18,24,8,10,0,1,10,20.9,0.0,0.357,after_stage,0,13,13,0,240,61,0,74,Kaggle French Bakery Daily Sales,SYNTHETIC_FEATURE_SNAPSHOT,30,1
zerofest-synthetic-2026,1,B09,B09-M03,A,2026-05-20T20:30:00,20,1230,0,89,0,2,drink,3000,210,91,3,13,18,7,0,0,1,10,22.4,0.0,0.355,after_stage,0,5,5,0,546,79,0,74,Kaggle French Bakery Daily Sales,SYNTHETIC_FEATURE_SNAPSHOT,20,0
zerofest-synthetic-2026,1,B09,B09-M03,A,2026-05-20T21:00:00,21,1260,0,59,0,2,drink,3000,210,86,0,5,13,2,0,0,1,10,20.9,0.01,0.238,normal,0,8,8,0,323,73,0,74,Kaggle French Bakery Daily Sales,SYNTHETIC_FEATURE_SNAPSHOT,15,1
zerofest-synthetic-2026,1,B09,B09-M03,A,2026-05-20T21:30:00,21,1290,0,29,0,2,drink,3000,210,78,4,8,5,5,10,0,1,10,19.7,0.02,0.223,normal,0,4,4,0,585,75,0,74,Kaggle French Bakery Daily Sales,SYNTHETIC_FEATURE_SNAPSHOT,14,0
zerofest-synthetic-2026,2,B09,B09-M03,A,2026-05-21T16:00:00,16,960,0,359,0,3,drink,3000,210,210,0,0,0,0,0,0,0,0,21.7,0.56,0.238,normal,0,12,12,0,525,92,0,48,Kaggle French Bakery Daily Sales,SYNTHETIC_FEATURE_SNAPSHOT,1,1
zerofest-synthetic-2026,2,B09,B09-M03,A,2026-05-21T16:30:00,16,990,0,329,0,3,drink,3000,210,198,4,12,0,6,0,0,0,0,21.1,0.66,0.205,normal,0,16,16,0,372,54,0,48,Kaggle French Bakery Daily Sales,SYNTHETIC_FEATURE_SNAPSHOT,14,0
zerofest-synthetic-2026,2,B09,B09-M03,A,2026-05-21T17:00:00,17,1020,0,299,0,3,drink,3000,210,182,3,16,12,7,0,0,0,0,20.2,0.45,0.4,pre_stage,0,15,15,0,364,59,0,48,Kaggle French Bakery Daily Sales,SYNTHETIC_FEATURE_SNAPSHOT,18,1
zerofest-synthetic-2026,2,B09,B09-M03,A,2026-05-21T17:30:00,17,1050,0,269,0,3,drink,3000,210,167,3,15,16,8,0,0,0,0,21.4,0.47,0.442,pre_stage,0,28,28,0,179,0,0,48,Kaggle French Bakery Daily Sales,SYNTHETIC_FEATURE_SNAPSHOT,28,0
zerofest-synthetic-2026,2,B09,B09-M03,A,2026-05-21T18:00:00,18,1080,0,239,0,3,drink,3000,210,139,9,28,15,9,0,0,0,0,21.9,0.79,0.623,main_stage,0,18,18,0,232,21,0,48,Kaggle French Bakery Daily Sales,SYNTHETIC_FEATURE_SNAPSHOT,32,0
zerofest-synthetic-2026,2,B09,B09-M03,A,2026-05-21T18:30:00,18,1110,0,209,0,3,drink,3000,210,121,4,18,28,8,0,0,0,0,20.3,0.52,0.544,main_stage,0,11,11,0,330,58,0,48,Kaggle French Bakery Daily Sales,SYNTHETIC_FEATURE_SNAPSHOT,36,2
zerofest-synthetic-2026,2,B09,B09-M03,A,2026-05-21T19:00:00,19,1140,0,179,0,3,drink,3000,210,110,5,11,18,5,0,0,0,0,19.6,0.51,0.499,main_stage,1,12,12,0,275,51,0,48,Kaggle French Bakery Daily Sales,SYNTHETIC_FEATURE_SNAPSHOT,32,0
zerofest-synthetic-2026,2,B09,B09-M03,A,2026-05-21T19:30:00,19,1170,0,149,0,3,drink,3000,210,98,9,12,11,6,0,0,0,0,19.8,0.56,0.524,main_stage,1,10,10,0,294,57,0,48,Kaggle French Bakery Daily Sales,SYNTHETIC_FEATURE_SNAPSHOT,20,1
zerofest-synthetic-2026,2,B09,B09-M03,A,2026-05-21T20:00:00,20,1200,0,119,0,3,drink,3000,210,88,7,10,12,4,0,0,0,0,20.2,0.47,0.298,after_stage,0,3,3,0,880,78,0,48,Kaggle French Bakery Daily Sales,SYNTHETIC_FEATURE_SNAPSHOT,15,0
zerofest-synthetic-2026,2,B09,B09-M03,A,2026-05-21T20:30:00,20,1230,0,89,0,3,drink,3000,210,85,0,3,10,2,0,0,0,0,19.2,0.43,0.381,after_stage,0,1,1,0,2550,83,0,48,Kaggle French Bakery Daily Sales,SYNTHETIC_FEATURE_SNAPSHOT,13,1
zerofest-synthetic-2026,2,B09,B09-M03,A,2026-05-21T21:00:00,21,1260,0,59,0,3,drink,3000,210,84,0,1,3,1,0,0,0,0,18.0,0.63,0.209,normal,0,18,18,0,140,54,0,48,Kaggle French Bakery Daily Sales,SYNTHETIC_FEATURE_SNAPSHOT,8,0
zerofest-synthetic-2026,2,B09,B09-M03,A,2026-05-21T21:30:00,21,1290,0,29,0,3,drink,3000,210,66,4,18,1,10,0,0,0,0,18.6,0.36,0.247,normal,0,18,18,0,110,51,0,48,Kaggle French Bakery Daily Sales,SYNTHETIC_FEATURE_SNAPSHOT,20,1
zerofest-synthetic-2026,3,B09,B09-M03,A,2026-05-22T16:00:00,16,960,0,359,0,4,drink,3000,210,210,0,0,0,0,0,0,0,0,19.7,0.01,0.208,normal,0,1,1,0,6300,200,0,116,Kaggle French Bakery Daily Sales,SYNTHETIC_FEATURE_SNAPSHOT,0,0
zerofest-synthetic-2026,3,B09,B09-M03,A,2026-05-22T16:30:00,16,990,0,329,0,4,drink,3000,210,209,0,1,0,1,0,0,0,0,20.0,0.01,0.279,normal,0,6,6,0,1045,155,0,116,Kaggle French Bakery Daily Sales,SYNTHETIC_FEATURE_SNAPSHOT,11,0
zerofest-synthetic-2026,3,B09,B09-M03,A,2026-05-22T17:00:00,17,1020,0,299,0,4,drink,3000,210,203,1,6,1,5,0,0,0,0,20.0,0.09,0.42,pre_stage,0,3,3,0,2030,178,0,116,Kaggle French Bakery Daily Sales,SYNTHETIC_FEATURE_SNAPSHOT,20,1
zerofest-synthetic-2026,3,B09,B09-M03,A,2026-05-22T17:30:00,17,1050,0,269,0,4,drink,3000,210,200,0,3,6,2,0,0,0,0,19.8,0.0,0.401,pre_stage,0,1,1,0,6000,193,0,116,Kaggle French Bakery Daily Sales,SYNTHETIC_FEATURE_SNAPSHOT,13,0
zerofest-synthetic-2026,3,B09,B09-M03,A,2026-05-22T18:00:00,18,1080,0,239,0,4,drink,3000,210,199,1,1,3,1,0,0,0,0,18.9,0.01,0.649,main_stage,0,9,9,0,664,140,0,116,Kaggle French Bakery Daily Sales,SYNTHETIC_FEATURE_SNAPSHOT,6,0
zerofest-synthetic-2026,3,B09,B09-M03,A,2026-05-22T18:30:00,18,1110,0,209,0,4,drink,3000,210,190,3,9,1,4,0,0,0,0,18.8,0.0,0.593,main_stage,0,16,16,0,357,98,0,116,Kaggle French Bakery Daily Sales,SYNTHETIC_FEATURE_SNAPSHOT,32,0
zerofest-synthetic-2026,3,B09,B09-M03,A,2026-05-22T19:00:00,19,1140,0,179,0,4,drink,3000,210,174,2,16,9,7,0,0,0,0,17.9,0.0,0.674,main_stage,1,12,12,0,435,115,0,116,Kaggle French Bakery Daily Sales,SYNTHETIC_FEATURE_SNAPSHOT,17,0
zerofest-synthetic-2026,3,B09,B09-M03,A,2026-05-22T19:30:00,19,1170,0,149,0,4,drink,3000,210,162,3,12,16,3,0,0,0,0,17.6,0.04,0.604,main_stage,1,21,21,0,232,76,0,116,Kaggle French Bakery Daily Sales,SYNTHETIC_FEATURE_SNAPSHOT,16,0
zerofest-synthetic-2026,3,B09,B09-M03,A,2026-05-22T20:00:00,20,1200,0,119,0,4,drink,3000,210,141,2,21,12,7,0,0,0,0,18.8,0.0,0.35,after_stage,0,1,1,0,4230,138,0,116,Kaggle French Bakery Daily Sales,SYNTHETIC_FEATURE_SNAPSHOT,28,0
zerofest-synthetic-2026,3,B09,B09-M03,A,2026-05-22T20:30:00,20,1230,0,89,0,4,drink,3000,210,140,1,1,21,1,0,0,0,0,17.4,0.0,0.402,after_stage,0,7,7,0,600,123,0,116,Kaggle French Bakery Daily Sales,SYNTHETIC_FEATURE_SNAPSHOT,14,0
zerofest-synthetic-2026,3,B09,B09-M03,A,2026-05-22T21:00:00,21,1260,0,59,0,4,drink,3000,210,133,2,7,1,4,0,0,0,0,17.6,0.0,0.268,normal,0,8,8,0,499,120,0,116,Kaggle French Bakery Daily Sales,SYNTHETIC_FEATURE_SNAPSHOT,11,1
zerofest-synthetic-2026,3,B09,B09-M03,A,2026-05-22T21:30:00,21,1290,0,29,0,4,drink,3000,210,125,1,8,7,5,0,0,0,0,17.3,0.05,0.198,normal,0,9,9,0,417,118,0,116,Kaggle French Bakery Daily Sales,SYNTHETIC_FEATURE_SNAPSHOT,21,1
zerofest-synthetic-2026,1,B09,B09-M04,A,2026-05-20T16:00:00,16,960,0,359,0,2,dessert,3000,139,139,0,0,0,0,0,0,0,0,23.2,0.02,0.266,normal,0,0,0,0,13900,139,0,19,Kaggle French Bakery Daily Sales,SYNTHETIC_FEATURE_SNAPSHOT,0,0
zerofest-synthetic-2026,1,B09,B09-M04,A,2026-05-20T16:30:00,16,990,0,329,0,2,dessert,3000,139,139,0,0,0,0,0,0,0,0,24.1,0.0,0.218,normal,0,4,4,0,1043,103,0,19,Kaggle French Bakery Daily Sales,SYNTHETIC_FEATURE_SNAPSHOT,7,0
zerofest-synthetic-2026,1,B09,B09-M04,A,2026-05-20T17:00:00,17,1020,0,299,0,2,dessert,3000,139,135,2,4,0,2,0,0,0,0,21.6,0.01,0.466,pre_stage,0,4,4,0,1013,102,0,19,Kaggle French Bakery Daily Sales,SYNTHETIC_FEATURE_SNAPSHOT,13,2
zerofest-synthetic-2026,1,B09,B09-M04,A,2026-05-20T17:30:00,17,1050,0,269,0,2,dessert,3000,139,131,1,4,4,3,0,0,0,0,23.4,0.0,0.448,pre_stage,0,26,26,0,152,0,0,19,Kaggle French Bakery Daily Sales,SYNTHETIC_FEATURE_SNAPSHOT,22,1
zerofest-synthetic-2026,1,B09,B09-M04,A,2026-05-20T18:00:00,18,1080,0,239,0,2,dessert,3000,139,105,3,26,4,8,0,0,0,0,22.2,0.0,0.584,main_stage,0,12,12,0,263,26,0,19,Kaggle French Bakery Daily Sales,SYNTHETIC_FEATURE_SNAPSHOT,28,1
zerofest-synthetic-2026,1,B09,B09-M04,A,2026-05-20T18:30:00,18,1110,0,209,0,2,dessert,3000,139,93,0,12,26,5,0,0,0,0,22.9,0.0,0.585,main_stage,0,9,9,0,310,41,0,19,Kaggle French Bakery Daily Sales,SYNTHETIC_FEATURE_SNAPSHOT,25,1
zerofest-synthetic-2026,1,B09,B09-M04,A,2026-05-20T19:00:00,19,1140,0,179,0,2,dessert,3000,139,84,2,9,12,3,0,0,0,0,22.1,0.03,0.576,main_stage,1,27,27,0,94,0,0,19,Kaggle French Bakery Daily Sales,SYNTHETIC_FEATURE_SNAPSHOT,18,0
zerofest-synthetic-2026,1,B09,B09-M04,A,2026-05-20T19:30:00,19,1170,0,149,0,2,dessert,3000,139,57,9,27,9,9,0,0,0,0,22.4,0.0,0.563,main_stage,1,14,14,0,123,0,0,19,Kaggle French Bakery Daily Sales,SYNTHETIC_FEATURE_SNAPSHOT,29,1
zerofest-synthetic-2026,1,B09,B09-M04,A,2026-05-20T20:00:00,20,1200,0,119,0,2,dessert,3000,139,43,0,14,27,7,0,0,0,0,20.9,0.0,0.357,after_stage,0,3,3,0,430,33,0,19,Kaggle French Bakery Daily Sales,SYNTHETIC_FEATURE_SNAPSHOT,30,1
zerofest-synthetic-2026,1,B09,B09-M04,A,2026-05-20T20:30:00,20,1230,0,89,0,2,dessert,3000,139,40,0,3,14,3,0,0,0,0,22.4,0.0,0.355,after_stage,0,8,8,0,150,20,0,19,Kaggle French Bakery Daily Sales,SYNTHETIC_FEATURE_SNAPSHOT,20,0
zerofest-synthetic-2026,1,B09,B09-M04,A,2026-05-20T21:00:00,21,1260,0,59,0,2,dessert,3000,139,32,0,8,3,5,0,0,0,0,20.9,0.01,0.238,normal,0,10,10,0,96,16,0,19,Kaggle French Bakery Daily Sales,SYNTHETIC_FEATURE_SNAPSHOT,15,1
zerofest-synthetic-2026,1,B09,B09-M04,A,2026-05-20T21:30:00,21,1290,0,29,0,2,dessert,3000,139,22,0,10,8,3,0,0,0,0,19.7,0.02,0.223,normal,0,3,3,0,220,20,0,19,Kaggle French Bakery Daily Sales,SYNTHETIC_FEATURE_SNAPSHOT,14,0
zerofest-synthetic-2026,2,B09,B09-M04,A,2026-05-21T16:00:00,16,960,0,359,0,3,dessert,3000,139,139,0,0,0,0,0,0,1,10,21.7,0.56,0.238,normal,0,6,6,0,695,80,0,0,Kaggle French Bakery Daily Sales,SYNTHETIC_FEATURE_SNAPSHOT,1,1
zerofest-synthetic-2026,2,B09,B09-M04,A,2026-05-21T16:30:00,16,990,0,329,0,3,dessert,3000,139,133,2,6,0,3,0,0,1,10,21.1,0.66,0.205,normal,0,9,9,0,444,52,0,0,Kaggle French Bakery Daily Sales,SYNTHETIC_FEATURE_SNAPSHOT,14,0
zerofest-synthetic-2026,2,B09,B09-M04,A,2026-05-21T17:00:00,17,1020,0,299,0,3,dessert,3000,139,124,2,9,6,3,0,0,1,10,20.2,0.45,0.4,pre_stage,0,24,24,0,155,0,0,0,Kaggle French Bakery Daily Sales,SYNTHETIC_FEATURE_SNAPSHOT,18,1
zerofest-synthetic-2026,2,B09,B09-M04,A,2026-05-21T17:30:00,17,1050,0,269,0,3,dessert,3000,139,100,1,24,9,10,0,0,1,10,21.4,0.47,0.442,pre_stage,0,2,2,0,1500,85,0,0,Kaggle French Bakery Daily Sales,SYNTHETIC_FEATURE_SNAPSHOT,28,0
zerofest-synthetic-2026,2,B09,B09-M04,A,2026-05-21T18:00:00,18,1080,0,239,0,3,dessert,3000,139,98,0,2,24,1,0,0,1,10,21.9,0.79,0.623,main_stage,0,16,16,0,184,0,0,0,Kaggle French Bakery Daily Sales,SYNTHETIC_FEATURE_SNAPSHOT,32,0
zerofest-synthetic-2026,2,B09,B09-M04,A,2026-05-21T18:30:00,18,1110,0,209,0,3,dessert,3000,139,82,1,16,2,7,0,0,1,10,20.3,0.52,0.544,main_stage,0,25,25,0,99,0,0,0,Kaggle French Bakery Daily Sales,SYNTHETIC_FEATURE_SNAPSHOT,36,2
zerofest-synthetic-2026,2,B09,B09-M04,A,2026-05-21T19:00:00,19,1140,0,179,0,3,dessert,3000,139,57,2,25,16,11,10,0,1,10,19.6,0.51,0.499,main_stage,1,11,11,0,156,3,0,0,Kaggle French Bakery Daily Sales,SYNTHETIC_FEATURE_SNAPSHOT,32,0
zerofest-synthetic-2026,2,B09,B09-M04,A,2026-05-21T19:30:00,19,1170,0,149,0,3,dessert,3000,139,46,2,11,25,4,0,0,1,10,19.8,0.56,0.524,main_stage,1,18,18,0,77,0,0,0,Kaggle French Bakery Daily Sales,SYNTHETIC_FEATURE_SNAPSHOT,20,1
zerofest-synthetic-2026,2,B09,B09-M04,A,2026-05-21T20:00:00,20,1200,0,119,0,3,dessert,3000,139,28,5,18,11,6,0,0,1,10,20.2,0.47,0.298,after_stage,0,9,9,0,94,0,0,0,Kaggle French Bakery Daily Sales,SYNTHETIC_FEATURE_SNAPSHOT,15,0
zerofest-synthetic-2026,2,B09,B09-M04,A,2026-05-21T20:30:00,20,1230,0,89,0,3,dessert,3000,139,19,3,9,18,5,0,0,1,10,19.2,0.43,0.381,after_stage,0,13,13,0,44,0,0,0,Kaggle French Bakery Daily Sales,SYNTHETIC_FEATURE_SNAPSHOT,13,1
zerofest-synthetic-2026,2,B09,B09-M04,A,2026-05-21T21:00:00,21,1260,0,59,0,3,dessert,3000,139,6,0,13,9,5,0,0,1,10,18.0,0.63,0.209,normal,0,6,15,1,30,0,0,0,Kaggle French Bakery Daily Sales,SYNTHETIC_FEATURE_SNAPSHOT,8,0
zerofest-synthetic-2026,2,B09,B09-M04,A,2026-05-21T21:30:00,21,1290,0,29,0,3,dessert,3000,139,0,0,6,13,2,10,0,1,10,18.6,0.36,0.247,normal,0,0,17,1,0,0,1,0,Kaggle French Bakery Daily Sales,SYNTHETIC_FEATURE_SNAPSHOT,20,1
zerofest-synthetic-2026,3,B09,B09-M04,A,2026-05-22T16:00:00,16,960,0,359,0,4,dessert,3000,139,139,0,0,0,0,0,0,0,0,19.7,0.01,0.208,normal,0,9,9,0,464,50,0,13,Kaggle French Bakery Daily Sales,SYNTHETIC_FEATURE_SNAPSHOT,0,0
zerofest-synthetic-2026,3,B09,B09-M04,A,2026-05-22T16:30:00,16,990,0,329,0,4,dessert,3000,139,130,0,9,0,4,0,0,0,0,20.0,0.01,0.279,normal,0,15,15,0,260,0,0,13,Kaggle French Bakery Daily Sales,SYNTHETIC_FEATURE_SNAPSHOT,11,0
zerofest-synthetic-2026,3,B09,B09-M04,A,2026-05-22T17:00:00,17,1020,0,299,0,4,dessert,3000,139,115,4,15,9,7,0,0,0,0,20.0,0.09,0.42,pre_stage,0,9,9,0,384,41,0,13,Kaggle French Bakery Daily Sales,SYNTHETIC_FEATURE_SNAPSHOT,20,1
zerofest-synthetic-2026,3,B09,B09-M04,A,2026-05-22T17:30:00,17,1050,0,269,0,4,dessert,3000,139,106,1,9,15,4,0,0,0,0,19.8,0.0,0.401,pre_stage,0,2,2,0,1590,91,0,13,Kaggle French Bakery Daily Sales,SYNTHETIC_FEATURE_SNAPSHOT,13,0
zerofest-synthetic-2026,3,B09,B09-M04,A,2026-05-22T18:00:00,18,1080,0,239,0,4,dessert,3000,139,104,0,2,9,1,0,0,0,0,18.9,0.01,0.649,main_stage,0,28,28,0,112,0,0,13,Kaggle French Bakery Daily Sales,SYNTHETIC_FEATURE_SNAPSHOT,6,0
zerofest-synthetic-2026,3,B09,B09-M04,A,2026-05-22T18:30:00,18,1110,0,209,0,4,dessert,3000,139,76,2,28,2,10,0,0,0,0,18.8,0.0,0.593,main_stage,0,1,1,0,2280,70,0,13,Kaggle French Bakery Daily Sales,SYNTHETIC_FEATURE_SNAPSHOT,32,0
zerofest-synthetic-2026,3,B09,B09-M04,A,2026-05-22T19:00:00,19,1140,0,179,0,4,dessert,3000,139,75,1,1,28,1,0,0,0,0,17.9,0.0,0.674,main_stage,1,14,14,0,161,6,0,13,Kaggle French Bakery Daily Sales,SYNTHETIC_FEATURE_SNAPSHOT,17,0
zerofest-synthetic-2026,3,B09,B09-M04,A,2026-05-22T19:30:00,19,1170,0,149,0,4,dessert,3000,139,61,0,14,1,6,0,0,0,0,17.6,0.04,0.604,main_stage,1,13,13,0,141,8,0,13,Kaggle French Bakery Daily Sales,SYNTHETIC_FEATURE_SNAPSHOT,16,0
zerofest-synthetic-2026,3,B09,B09-M04,A,2026-05-22T20:00:00,20,1200,0,119,0,4,dessert,3000,139,48,2,13,14,7,0,0,0,0,18.8,0.0,0.35,after_stage,0,7,7,0,206,25,0,13,Kaggle French Bakery Daily Sales,SYNTHETIC_FEATURE_SNAPSHOT,28,0
zerofest-synthetic-2026,3,B09,B09-M04,A,2026-05-22T20:30:00,20,1230,0,89,0,4,dessert,3000,139,41,0,7,13,4,0,0,0,0,17.4,0.0,0.402,after_stage,0,12,12,0,103,11,0,13,Kaggle French Bakery Daily Sales,SYNTHETIC_FEATURE_SNAPSHOT,14,0
zerofest-synthetic-2026,3,B09,B09-M04,A,2026-05-22T21:00:00,21,1260,0,59,0,4,dessert,3000,139,29,0,12,7,5,0,0,0,0,17.6,0.0,0.268,normal,0,13,13,0,67,8,0,13,Kaggle French Bakery Daily Sales,SYNTHETIC_FEATURE_SNAPSHOT,11,1
zerofest-synthetic-2026,3,B09,B09-M04,A,2026-05-22T21:30:00,21,1290,0,29,0,4,dessert,3000,139,16,1,13,12,7,0,0,0,0,17.3,0.05,0.198,normal,0,3,3,0,160,14,0,13,Kaggle French Bakery Daily Sales,SYNTHETIC_FEATURE_SNAPSHOT,21,1
zerofest-synthetic-2026,1,B10,B10-M01,B,2026-05-20T16:00:00,16,960,0,359,0,2,food,6000,338,337,1,1,0,1,0,0,0,0,23.2,0.02,0.266,normal,0,22,22,0,460,121,0,106,Kaggle French Bakery Daily Sales,SYNTHETIC_FEATURE_SNAPSHOT,2,2
zerofest-synthetic-2026,1,B10,B10-M01,B,2026-05-20T16:30:00,16,990,0,329,0,2,food,6000,338,315,2,22,1,8,0,0,0,0,24.1,0.0,0.218,normal,0,9,9,0,1050,234,0,106,Kaggle French Bakery Daily Sales,SYNTHETIC_FEATURE_SNAPSHOT,32,0
zerofest-synthetic-2026,1,B10,B10-M01,B,2026-05-20T17:00:00,17,1020,0,299,0,2,food,6000,338,306,4,9,22,3,0,0,0,0,21.6,0.01,0.466,pre_stage,0,29,29,0,317,68,0,106,Kaggle French Bakery Daily Sales,SYNTHETIC_FEATURE_SNAPSHOT,21,1
zerofest-synthetic-2026,1,B10,B10-M01,B,2026-05-20T17:30:00,17,1050,0,269,0,2,food,6000,338,277,1,29,9,11,0,0,0,0,23.4,0.0,0.448,pre_stage,0,10,10,0,831,203,0,106,Kaggle French Bakery Daily Sales,SYNTHETIC_FEATURE_SNAPSHOT,34,1
zerofest-synthetic-2026,1,B10,B10-M01,B,2026-05-20T18:00:00,18,1080,0,239,0,2,food,6000,338,267,5,10,29,6,0,0,0,0,22.2,0.0,0.584,main_stage,0,17,17,0,472,155,0,106,Kaggle French Bakery Daily Sales,SYNTHETIC_FEATURE_SNAPSHOT,36,1
zerofest-synthetic-2026,1,B10,B10-M01,B,2026-05-20T18:30:00,18,1110,0,209,0,2,food,6000,338,250,0,17,10,10,0,0,0,0,22.9,0.0,0.585,main_stage,0,31,31,0,242,72,0,106,Kaggle French Bakery Daily Sales,SYNTHETIC_FEATURE_SNAPSHOT,35,1
zerofest-synthetic-2026,1,B10,B10-M01,B,2026-05-20T19:00:00,19,1140,0,179,0,2,food,6000,338,219,0,31,17,14,0,0,0,0,22.1,0.03,0.576,main_stage,1,31,31,0,212,66,0,106,Kaggle French Bakery Daily Sales,SYNTHETIC_FEATURE_SNAPSHOT,51,0
zerofest-synthetic-2026,1,B10,B10-M01,B,2026-05-20T19:30:00,19,1170,0,149,0,2,food,6000,338,188,5,31,31,11,0,0,0,0,22.4,0.0,0.563,main_stage,1,28,28,0,202,73,0,106,Kaggle French Bakery Daily Sales,SYNTHETIC_FEATURE_SNAPSHOT,38,2
zerofest-synthetic-2026,1,B10,B10-M01,B,2026-05-20T20:00:00,20,1200,0,119,0,2,food,6000,338,160,3,28,31,11,0,0,0,0,20.9,0.0,0.357,after_stage,0,30,30,0,160,62,0,106,Kaggle French Bakery Daily Sales,SYNTHETIC_FEATURE_SNAPSHOT,37,2
zerofest-synthetic-2026,1,B10,B10-M01,B,2026-05-20T20:30:00,20,1230,0,89,0,2,food,6000,338,130,2,30,28,12,0,0,0,0,22.4,0.0,0.355,after_stage,0,13,13,0,300,98,0,106,Kaggle French Bakery Daily Sales,SYNTHETIC_FEATURE_SNAPSHOT,32,0
zerofest-synthetic-2026,1,B10,B10-M01,B,2026-05-20T21:00:00,21,1260,0,59,0,2,food,6000,338,117,5,13,30,7,0,0,0,0,20.9,0.01,0.238,normal,0,4,4,0,878,110,0,106,Kaggle French Bakery Daily Sales,SYNTHETIC_FEATURE_SNAPSHOT,34,0
zerofest-synthetic-2026,1,B10,B10-M01,B,2026-05-20T21:30:00,21,1290,0,29,0,2,food,6000,338,113,3,4,13,3,0,0,0,0,19.7,0.02,0.223,normal,0,7,7,0,485,107,0,106,Kaggle French Bakery Daily Sales,SYNTHETIC_FEATURE_SNAPSHOT,16,1
zerofest-synthetic-2026,2,B10,B10-M01,B,2026-05-21T16:00:00,16,960,0,359,0,3,food,6000,338,338,0,0,0,0,0,0,1,20,21.7,0.56,0.238,normal,0,15,15,0,676,190,0,0,Kaggle French Bakery Daily Sales,SYNTHETIC_FEATURE_SNAPSHOT,0,0
zerofest-synthetic-2026,2,B10,B10-M01,B,2026-05-21T16:30:00,16,990,0,329,0,3,food,6000,338,323,5,15,0,8,0,0,1,20,21.1,0.66,0.205,normal,0,10,10,0,969,233,0,0,Kaggle French Bakery Daily Sales,SYNTHETIC_FEATURE_SNAPSHOT,19,0
zerofest-synthetic-2026,2,B10,B10-M01,B,2026-05-21T17:00:00,17,1020,0,299,0,3,food,6000,338,313,5,10,15,4,0,0,1,20,20.2,0.45,0.4,pre_stage,0,22,22,0,427,133,0,0,Kaggle French Bakery Daily Sales,SYNTHETIC_FEATURE_SNAPSHOT,26,2
zerofest-synthetic-2026,2,B10,B10-M01,B,2026-05-21T17:30:00,17,1050,0,269,0,3,food,6000,338,291,3,22,10,9,0,0,1,20,21.4,0.47,0.442,pre_stage,0,52,52,0,168,0,0,0,Kaggle French Bakery Daily Sales,SYNTHETIC_FEATURE_SNAPSHOT,50,2
zerofest-synthetic-2026,2,B10,B10-M01,B,2026-05-21T18:00:00,18,1080,0,239,0,3,food,6000,338,239,12,52,22,21,0,0,1,20,21.9,0.79,0.623,main_stage,0,43,43,0,167,0,0,0,Kaggle French Bakery Daily Sales,SYNTHETIC_FEATURE_SNAPSHOT,56,3
zerofest-synthetic-2026,2,B10,B10-M01,B,2026-05-21T18:30:00,18,1110,0,209,0,3,food,6000,338,196,3,43,52,16,20,0,1,20,20.3,0.52,0.544,main_stage,0,40,40,0,147,0,0,0,Kaggle French Bakery Daily Sales,SYNTHETIC_FEATURE_SNAPSHOT,69,3
zerofest-synthetic-2026,2,B10,B10-M01,B,2026-05-21T19:00:00,19,1140,0,179,0,3,food,6000,338,156,2,40,43,15,0,0,1,20,19.6,0.51,0.499,main_stage,1,42,42,0,112,0,0,0,Kaggle French Bakery Daily Sales,SYNTHETIC_FEATURE_SNAPSHOT,49,1
zerofest-synthetic-2026,2,B10,B10-M01,B,2026-05-21T19:30:00,19,1170,0,149,0,3,food,6000,338,114,2,42,40,17,0,0,1,20,19.8,0.56,0.524,main_stage,1,40,40,0,86,0,0,0,Kaggle French Bakery Daily Sales,SYNTHETIC_FEATURE_SNAPSHOT,49,1
zerofest-synthetic-2026,2,B10,B10-M01,B,2026-05-21T20:00:00,20,1200,0,119,0,3,food,6000,338,74,4,40,42,17,0,0,1,20,20.2,0.47,0.298,after_stage,0,22,22,0,101,2,0,0,Kaggle French Bakery Daily Sales,SYNTHETIC_FEATURE_SNAPSHOT,46,0
zerofest-synthetic-2026,2,B10,B10-M01,B,2026-05-21T20:30:00,20,1230,0,89,0,3,food,6000,338,52,6,22,40,10,20,0,1,20,19.2,0.43,0.381,after_stage,0,14,14,0,112,18,0,0,Kaggle French Bakery Daily Sales,SYNTHETIC_FEATURE_SNAPSHOT,30,1
zerofest-synthetic-2026,2,B10,B10-M01,B,2026-05-21T21:00:00,21,1260,0,59,0,3,food,6000,338,38,1,14,22,9,0,0,1,20,18.0,0.63,0.209,normal,0,23,23,0,50,0,0,0,Kaggle French Bakery Daily Sales,SYNTHETIC_FEATURE_SNAPSHOT,25,0
zerofest-synthetic-2026,2,B10,B10-M01,B,2026-05-21T21:30:00,21,1290,0,29,0,3,food,6000,338,15,5,23,14,12,0,0,1,20,18.6,0.36,0.247,normal,0,15,20,1,30,3,0,0,Kaggle French Bakery Daily Sales,SYNTHETIC_FEATURE_SNAPSHOT,21,1
zerofest-synthetic-2026,3,B10,B10-M01,B,2026-05-22T16:00:00,16,960,0,359,0,4,food,6000,338,338,0,0,0,0,0,0,0,0,19.7,0.01,0.208,normal,0,8,8,0,1268,259,0,110,Kaggle French Bakery Daily Sales,SYNTHETIC_FEATURE_SNAPSHOT,0,0
zerofest-synthetic-2026,3,B10,B10-M01,B,2026-05-22T16:30:00,16,990,0,329,0,4,food,6000,338,330,1,8,0,5,0,0,0,0,20.0,0.01,0.279,normal,0,2,2,0,4950,312,0,110,Kaggle French Bakery Daily Sales,SYNTHETIC_FEATURE_SNAPSHOT,23,1
zerofest-synthetic-2026,3,B10,B10-M01,B,2026-05-22T17:00:00,17,1020,0,299,0,4,food,6000,338,328,0,2,8,1,0,0,0,0,20.0,0.09,0.42,pre_stage,0,16,16,0,615,197,0,110,Kaggle French Bakery Daily Sales,SYNTHETIC_FEATURE_SNAPSHOT,15,1
zerofest-synthetic-2026,3,B10,B10-M01,B,2026-05-22T17:30:00,17,1050,0,269,0,4,food,6000,338,312,0,16,2,6,0,0,0,0,19.8,0.0,0.401,pre_stage,0,14,14,0,669,209,0,110,Kaggle French Bakery Daily Sales,SYNTHETIC_FEATURE_SNAPSHOT,33,2
zerofest-synthetic-2026,3,B10,B10-M01,B,2026-05-22T18:00:00,18,1080,0,239,0,4,food,6000,338,298,2,14,16,8,0,0,0,0,18.9,0.01,0.649,main_stage,0,21,21,0,426,160,0,110,Kaggle French Bakery Daily Sales,SYNTHETIC_FEATURE_SNAPSHOT,40,1
zerofest-synthetic-2026,3,B10,B10-M01,B,2026-05-22T18:30:00,18,1110,0,209,0,4,food,6000,338,277,0,21,14,9,0,0,0,0,18.8,0.0,0.593,main_stage,0,18,18,0,462,174,0,110,Kaggle French Bakery Daily Sales,SYNTHETIC_FEATURE_SNAPSHOT,47,0
zerofest-synthetic-2026,3,B10,B10-M01,B,2026-05-22T19:00:00,19,1140,0,179,0,4,food,6000,338,259,5,18,21,6,0,0,0,0,17.9,0.0,0.674,main_stage,1,42,42,0,185,52,0,110,Kaggle French Bakery Daily Sales,SYNTHETIC_FEATURE_SNAPSHOT,29,0
zerofest-synthetic-2026,3,B10,B10-M01,B,2026-05-22T19:30:00,19,1170,0,149,0,4,food,6000,338,217,3,42,18,14,0,0,0,0,17.6,0.04,0.604,main_stage,1,28,28,0,233,102,0,110,Kaggle French Bakery Daily Sales,SYNTHETIC_FEATURE_SNAPSHOT,35,0
zerofest-synthetic-2026,3,B10,B10-M01,B,2026-05-22T20:00:00,20,1200,0,119,0,4,food,6000,338,189,3,28,42,13,0,0,0,0,18.8,0.0,0.35,after_stage,0,26,26,0,219,104,0,110,Kaggle French Bakery Daily Sales,SYNTHETIC_FEATURE_SNAPSHOT,43,1
zerofest-synthetic-2026,3,B10,B10-M01,B,2026-05-22T20:30:00,20,1230,0,89,0,4,food,6000,338,163,8,26,28,12,0,0,0,0,17.4,0.0,0.402,after_stage,0,18,18,0,272,119,0,110,Kaggle French Bakery Daily Sales,SYNTHETIC_FEATURE_SNAPSHOT,31,1
zerofest-synthetic-2026,3,B10,B10-M01,B,2026-05-22T21:00:00,21,1260,0,59,0,4,food,6000,338,145,0,18,26,9,0,0,0,0,17.6,0.0,0.268,normal,0,14,14,0,311,122,0,110,Kaggle French Bakery Daily Sales,SYNTHETIC_FEATURE_SNAPSHOT,23,1
zerofest-synthetic-2026,3,B10,B10-M01,B,2026-05-22T21:30:00,21,1290,0,29,0,4,food,6000,338,131,3,14,18,7,0,0,0,0,17.3,0.05,0.198,normal,0,21,21,0,188,114,0,110,Kaggle French Bakery Daily Sales,SYNTHETIC_FEATURE_SNAPSHOT,16,2
zerofest-synthetic-2026,1,B10,B10-M02,B,2026-05-20T16:00:00,16,960,0,359,0,2,drink,3500,318,317,1,1,0,1,0,0,1,30,23.2,0.02,0.266,normal,0,23,23,0,414,91,0,50,Kaggle French Bakery Daily Sales,SYNTHETIC_FEATURE_SNAPSHOT,2,2
zerofest-synthetic-2026,1,B10,B10-M02,B,2026-05-20T16:30:00,16,990,0,329,0,2,drink,3500,318,294,1,23,1,13,0,0,1,30,24.1,0.0,0.218,normal,0,13,13,0,679,177,0,50,Kaggle French Bakery Daily Sales,SYNTHETIC_FEATURE_SNAPSHOT,32,0
zerofest-synthetic-2026,1,B10,B10-M02,B,2026-05-20T17:00:00,17,1020,0,299,0,2,drink,3500,318,281,0,13,23,7,0,0,1,30,21.6,0.01,0.466,pre_stage,0,33,33,0,256,10,0,50,Kaggle French Bakery Daily Sales,SYNTHETIC_FEATURE_SNAPSHOT,21,1
zerofest-synthetic-2026,1,B10,B10-M02,B,2026-05-20T17:30:00,17,1050,0,269,0,2,drink,3500,318,248,0,33,13,12,0,0,1,30,23.4,0.0,0.448,pre_stage,0,25,25,0,298,64,0,50,Kaggle French Bakery Daily Sales,SYNTHETIC_FEATURE_SNAPSHOT,34,1
zerofest-synthetic-2026,1,B10,B10-M02,B,2026-05-20T18:00:00,18,1080,0,239,0,2,drink,3500,318,223,1,25,33,13,0,0,1,30,22.2,0.0,0.584,main_stage,0,26,26,0,258,52,0,50,Kaggle French Bakery Daily Sales,SYNTHETIC_FEATURE_SNAPSHOT,36,1
zerofest-synthetic-2026,1,B10,B10-M02,B,2026-05-20T18:30:00,18,1110,0,209,0,2,drink,3500,318,197,5,26,25,9,0,0,1,30,22.9,0.0,0.585,main_stage,0,31,31,0,191,19,0,50,Kaggle French Bakery Daily Sales,SYNTHETIC_FEATURE_SNAPSHOT,35,1
zerofest-synthetic-2026,1,B10,B10-M02,B,2026-05-20T19:00:00,19,1140,0,179,0,2,drink,3500,318,166,5,31,26,12,0,0,1,30,22.1,0.03,0.576,main_stage,1,26,26,0,192,38,0,50,Kaggle French Bakery Daily Sales,SYNTHETIC_FEATURE_SNAPSHOT,51,0
zerofest-synthetic-2026,1,B10,B10-M02,B,2026-05-20T19:30:00,19,1170,0,149,0,2,drink,3500,318,140,6,26,31,11,0,0,1,30,22.4,0.0,0.563,main_stage,1,26,26,0,162,33,0,50,Kaggle French Bakery Daily Sales,SYNTHETIC_FEATURE_SNAPSHOT,38,2
zerofest-synthetic-2026,1,B10,B10-M02,B,2026-05-20T20:00:00,20,1200,0,119,0,2,drink,3500,318,114,3,26,26,11,30,0,1,30,20.9,0.0,0.357,after_stage,0,20,20,0,171,48,0,50,Kaggle French Bakery Daily Sales,SYNTHETIC_FEATURE_SNAPSHOT,37,2
zerofest-synthetic-2026,1,B10,B10-M02,B,2026-05-20T20:30:00,20,1230,0,89,0,2,drink,3500,318,94,0,20,26,10,30,30,1,30,22.4,0.0,0.355,after_stage,0,24,24,0,118,35,0,50,Kaggle French Bakery Daily Sales,SYNTHETIC_FEATURE_SNAPSHOT,32,0
zerofest-synthetic-2026,1,B10,B10-M02,B,2026-05-20T21:00:00,21,1260,0,59,0,2,drink,3500,318,70,0,24,20,13,30,60,1,30,20.9,0.01,0.238,normal,0,11,11,0,191,52,0,50,Kaggle French Bakery Daily Sales,SYNTHETIC_FEATURE_SNAPSHOT,34,0
zerofest-synthetic-2026,1,B10,B10-M02,B,2026-05-20T21:30:00,21,1290,0,29,0,2,drink,3500,318,59,0,11,24,4,30,90,1,30,19.7,0.02,0.223,normal,0,9,9,0,197,52,0,50,Kaggle French Bakery Daily Sales,SYNTHETIC_FEATURE_SNAPSHOT,16,1
zerofest-synthetic-2026,2,B10,B10-M02,B,2026-05-21T16:00:00,16,960,0,359,0,3,drink,3500,318,318,0,0,0,0,0,0,1,10,21.7,0.56,0.238,normal,0,17,17,0,562,151,0,0,Kaggle French Bakery Daily Sales,SYNTHETIC_FEATURE_SNAPSHOT,0,0
zerofest-synthetic-2026,2,B10,B10-M02,B,2026-05-21T16:30:00,16,990,0,329,0,3,drink,3500,318,301,0,17,0,7,0,0,1,10,21.1,0.66,0.205,normal,0,14,14,0,645,175,0,0,Kaggle French Bakery Daily Sales,SYNTHETIC_FEATURE_SNAPSHOT,19,0
zerofest-synthetic-2026,2,B10,B10-M02,B,2026-05-21T17:00:00,17,1020,0,299,0,3,drink,3500,318,287,0,14,17,7,0,0,1,10,20.2,0.45,0.4,pre_stage,0,32,32,0,270,25,0,0,Kaggle French Bakery Daily Sales,SYNTHETIC_FEATURE_SNAPSHOT,26,2
zerofest-synthetic-2026,2,B10,B10-M02,B,2026-05-21T17:30:00,17,1050,0,269,0,3,drink,3500,318,255,3,32,14,14,0,0,1,10,21.4,0.47,0.442,pre_stage,0,22,22,0,348,93,0,0,Kaggle French Bakery Daily Sales,SYNTHETIC_FEATURE_SNAPSHOT,50,2
zerofest-synthetic-2026,2,B10,B10-M02,B,2026-05-21T18:00:00,18,1080,0,239,0,3,drink,3500,318,233,1,22,32,10,10,0,1,10,21.9,0.79,0.623,main_stage,0,49,49,0,143,0,0,0,Kaggle French Bakery Daily Sales,SYNTHETIC_FEATURE_SNAPSHOT,56,3
zerofest-synthetic-2026,2,B10,B10-M02,B,2026-05-21T18:30:00,18,1110,0,209,0,3,drink,3500,318,184,4,49,22,19,0,0,1,10,20.3,0.52,0.544,main_stage,0,32,32,0,173,0,0,0,Kaggle French Bakery Daily Sales,SYNTHETIC_FEATURE_SNAPSHOT,69,3
zerofest-synthetic-2026,2,B10,B10-M02,B,2026-05-21T19:00:00,19,1140,0,179,0,3,drink,3500,318,152,8,32,49,10,10,0,1,10,19.6,0.51,0.499,main_stage,1,30,30,0,152,4,0,0,Kaggle French Bakery Daily Sales,SYNTHETIC_FEATURE_SNAPSHOT,49,1
zerofest-synthetic-2026,2,B10,B10-M02,B,2026-05-21T19:30:00,19,1170,0,149,0,3,drink,3500,318,122,16,30,32,11,10,30,1,10,19.8,0.56,0.524,main_stage,1,41,41,0,90,0,0,0,Kaggle French Bakery Daily Sales,SYNTHETIC_FEATURE_SNAPSHOT,49,1
zerofest-synthetic-2026,2,B10,B10-M02,B,2026-05-21T20:00:00,20,1200,0,119,0,3,drink,3500,318,81,9,41,30,13,10,60,1,10,20.2,0.47,0.298,after_stage,0,18,18,0,135,22,0,0,Kaggle French Bakery Daily Sales,SYNTHETIC_FEATURE_SNAPSHOT,46,0
zerofest-synthetic-2026,2,B10,B10-M02,B,2026-05-21T20:30:00,20,1230,0,89,0,3,drink,3500,318,63,3,18,41,6,10,90,1,10,19.2,0.43,0.381,after_stage,0,31,31,0,61,0,0,0,Kaggle French Bakery Daily Sales,SYNTHETIC_FEATURE_SNAPSHOT,30,1
zerofest-synthetic-2026,2,B10,B10-M02,B,2026-05-21T21:00:00,21,1260,0,59,0,3,drink,3500,318,32,4,31,18,12,10,120,1,10,18.0,0.63,0.209,normal,0,21,21,0,46,0,0,0,Kaggle French Bakery Daily Sales,SYNTHETIC_FEATURE_SNAPSHOT,25,0
zerofest-synthetic-2026,2,B10,B10-M02,B,2026-05-21T21:30:00,21,1290,0,29,0,3,drink,3500,318,11,0,21,31,9,10,150,1,10,18.6,0.36,0.247,normal,0,11,21,1,31,2,0,0,Kaggle French Bakery Daily Sales,SYNTHETIC_FEATURE_SNAPSHOT,21,1
zerofest-synthetic-2026,3,B10,B10-M02,B,2026-05-22T16:00:00,16,960,0,359,0,4,drink,3500,318,318,0,0,0,0,0,0,0,0,19.7,0.01,0.208,normal,0,5,5,0,1908,269,0,98,Kaggle French Bakery Daily Sales,SYNTHETIC_FEATURE_SNAPSHOT,0,0
zerofest-synthetic-2026,3,B10,B10-M02,B,2026-05-22T16:30:00,16,990,0,329,0,4,drink,3500,318,313,1,5,0,4,0,0,0,0,20.0,0.01,0.279,normal,0,9,9,0,1044,232,0,98,Kaggle French Bakery Daily Sales,SYNTHETIC_FEATURE_SNAPSHOT,23,1
zerofest-synthetic-2026,3,B10,B10-M02,B,2026-05-22T17:00:00,17,1020,0,299,0,4,drink,3500,318,304,4,9,5,5,0,0,0,0,20.0,0.09,0.42,pre_stage,0,29,29,0,315,66,0,98,Kaggle French Bakery Daily Sales,SYNTHETIC_FEATURE_SNAPSHOT,15,1
zerofest-synthetic-2026,3,B10,B10-M02,B,2026-05-22T17:30:00,17,1050,0,269,0,4,drink,3500,318,275,2,29,9,10,0,0,0,0,19.8,0.0,0.401,pre_stage,0,25,25,0,330,91,0,98,Kaggle French Bakery Daily Sales,SYNTHETIC_FEATURE_SNAPSHOT,33,2
zerofest-synthetic-2026,3,B10,B10-M02,B,2026-05-22T18:00:00,18,1080,0,239,0,4,drink,3500,318,250,2,25,29,13,0,0,0,0,18.9,0.01,0.649,main_stage,0,38,38,0,198,1,0,98,Kaggle French Bakery Daily Sales,SYNTHETIC_FEATURE_SNAPSHOT,40,1
zerofest-synthetic-2026,3,B10,B10-M02,B,2026-05-22T18:30:00,18,1110,0,209,0,4,drink,3500,318,212,10,38,25,14,0,0,0,0,18.8,0.0,0.593,main_stage,0,23,23,0,277,80,0,98,Kaggle French Bakery Daily Sales,SYNTHETIC_FEATURE_SNAPSHOT,47,0
zerofest-synthetic-2026,3,B10,B10-M02,B,2026-05-22T19:00:00,19,1140,0,179,0,4,drink,3500,318,189,0,23,38,10,0,0,0,0,17.9,0.0,0.674,main_stage,1,23,23,0,247,76,0,98,Kaggle French Bakery Daily Sales,SYNTHETIC_FEATURE_SNAPSHOT,29,0
zerofest-synthetic-2026,3,B10,B10-M02,B,2026-05-22T19:30:00,19,1170,0,149,0,4,drink,3500,318,166,0,23,23,9,0,0,0,0,17.6,0.04,0.604,main_stage,1,25,25,0,200,64,0,98,Kaggle French Bakery Daily Sales,SYNTHETIC_FEATURE_SNAPSHOT,35,0
zerofest-synthetic-2026,3,B10,B10-M02,B,2026-05-22T20:00:00,20,1200,0,119,0,4,drink,3500,318,141,14,25,23,10,0,0,0,0,18.8,0.0,0.35,after_stage,0,17,17,0,249,85,0,98,Kaggle French Bakery Daily Sales,SYNTHETIC_FEATURE_SNAPSHOT,43,1
zerofest-synthetic-2026,3,B10,B10-M02,B,2026-05-22T20:30:00,20,1230,0,89,0,4,drink,3500,318,124,5,17,25,7,0,0,0,0,17.4,0.0,0.402,after_stage,0,9,9,0,414,102,0,98,Kaggle French Bakery Daily Sales,SYNTHETIC_FEATURE_SNAPSHOT,31,1
zerofest-synthetic-2026,3,B10,B10-M02,B,2026-05-22T21:00:00,21,1260,0,59,0,4,drink,3500,318,115,0,9,17,6,0,0,0,0,17.6,0.0,0.268,normal,0,7,7,0,493,104,0,98,Kaggle French Bakery Daily Sales,SYNTHETIC_FEATURE_SNAPSHOT,23,1
zerofest-synthetic-2026,3,B10,B10-M02,B,2026-05-22T21:30:00,21,1290,0,29,0,4,drink,3500,318,108,2,7,9,4,0,0,0,0,17.3,0.05,0.198,normal,0,10,10,0,324,100,0,98,Kaggle French Bakery Daily Sales,SYNTHETIC_FEATURE_SNAPSHOT,16,2
zerofest-synthetic-2026,1,B10,B10-M03,B,2026-05-20T16:00:00,16,960,0,359,0,2,dessert,4500,152,152,0,0,0,0,0,0,1,30,23.2,0.02,0.266,normal,0,8,8,0,570,73,0,5,Kaggle French Bakery Daily Sales,SYNTHETIC_FEATURE_SNAPSHOT,2,2
zerofest-synthetic-2026,1,B10,B10-M03,B,2026-05-20T16:30:00,16,990,0,329,0,2,dessert,4500,152,144,5,8,0,2,0,0,1,30,24.1,0.0,0.218,normal,0,10,10,0,432,54,0,5,Kaggle French Bakery Daily Sales,SYNTHETIC_FEATURE_SNAPSHOT,32,0
zerofest-synthetic-2026,1,B10,B10-M03,B,2026-05-20T17:00:00,17,1020,0,299,0,2,dessert,4500,152,134,2,10,8,5,0,0,1,30,21.6,0.01,0.466,pre_stage,0,5,5,0,804,93,0,5,Kaggle French Bakery Daily Sales,SYNTHETIC_FEATURE_SNAPSHOT,21,1
zerofest-synthetic-2026,1,B10,B10-M03,B,2026-05-20T17:30:00,17,1050,0,269,0,2,dessert,4500,152,129,1,5,10,3,0,0,1,30,23.4,0.0,0.448,pre_stage,0,15,15,0,258,18,0,5,Kaggle French Bakery Daily Sales,SYNTHETIC_FEATURE_SNAPSHOT,34,1
zerofest-synthetic-2026,1,B10,B10-M03,B,2026-05-20T18:00:00,18,1080,0,239,0,2,dessert,4500,152,114,2,15,5,8,30,0,1,30,22.2,0.0,0.584,main_stage,0,24,24,0,143,0,0,5,Kaggle French Bakery Daily Sales,SYNTHETIC_FEATURE_SNAPSHOT,36,1
zerofest-synthetic-2026,1,B10,B10-M03,B,2026-05-20T18:30:00,18,1110,0,209,0,2,dessert,4500,152,90,0,24,15,9,0,0,1,30,22.9,0.0,0.585,main_stage,0,20,20,0,135,0,0,5,Kaggle French Bakery Daily Sales,SYNTHETIC_FEATURE_SNAPSHOT,35,1
zerofest-synthetic-2026,1,B10,B10-M03,B,2026-05-20T19:00:00,19,1140,0,179,0,2,dessert,4500,152,70,0,20,24,6,30,0,1,30,22.1,0.03,0.576,main_stage,1,15,15,0,140,0,0,5,Kaggle French Bakery Daily Sales,SYNTHETIC_FEATURE_SNAPSHOT,51,0
zerofest-synthetic-2026,1,B10,B10-M03,B,2026-05-20T19:30:00,19,1170,0,149,0,2,dessert,4500,152,55,0,15,20,5,30,30,1,30,22.4,0.0,0.563,main_stage,1,13,13,0,127,2,0,5,Kaggle French Bakery Daily Sales,SYNTHETIC_FEATURE_SNAPSHOT,38,2
zerofest-synthetic-2026,1,B10,B10-M03,B,2026-05-20T20:00:00,20,1200,0,119,0,2,dessert,4500,152,42,1,13,15,6,0,0,1,30,20.9,0.0,0.357,after_stage,0,15,15,0,84,0,0,5,Kaggle French Bakery Daily Sales,SYNTHETIC_FEATURE_SNAPSHOT,37,2
zerofest-synthetic-2026,1,B10,B10-M03,B,2026-05-20T20:30:00,20,1230,0,89,0,2,dessert,4500,152,27,0,15,13,5,0,0,1,30,22.4,0.0,0.355,after_stage,0,6,6,0,135,12,0,5,Kaggle French Bakery Daily Sales,SYNTHETIC_FEATURE_SNAPSHOT,32,0
zerofest-synthetic-2026,1,B10,B10-M03,B,2026-05-20T21:00:00,21,1260,0,59,0,2,dessert,4500,152,21,3,6,15,3,0,0,1,30,20.9,0.01,0.238,normal,0,6,6,0,105,11,0,5,Kaggle French Bakery Daily Sales,SYNTHETIC_FEATURE_SNAPSHOT,34,0
zerofest-synthetic-2026,1,B10,B10-M03,B,2026-05-20T21:30:00,21,1290,0,29,0,2,dessert,4500,152,15,0,6,6,3,0,0,1,30,19.7,0.02,0.223,normal,0,10,10,0,45,7,0,5,Kaggle French Bakery Daily Sales,SYNTHETIC_FEATURE_SNAPSHOT,16,1
zerofest-synthetic-2026,2,B10,B10-M03,B,2026-05-21T16:00:00,16,960,0,359,0,3,dessert,4500,152,152,0,0,0,0,0,0,0,0,21.7,0.56,0.238,normal,0,4,4,0,1140,113,0,0,Kaggle French Bakery Daily Sales,SYNTHETIC_FEATURE_SNAPSHOT,0,0
zerofest-synthetic-2026,2,B10,B10-M03,B,2026-05-21T16:30:00,16,990,0,329,0,3,dessert,4500,152,148,0,4,0,3,0,0,0,0,21.1,0.66,0.205,normal,0,6,6,0,740,94,0,0,Kaggle French Bakery Daily Sales,SYNTHETIC_FEATURE_SNAPSHOT,19,0
zerofest-synthetic-2026,2,B10,B10-M03,B,2026-05-21T17:00:00,17,1020,0,299,0,3,dessert,4500,152,142,2,6,4,3,0,0,0,0,20.2,0.45,0.4,pre_stage,0,40,40,0,107,0,0,0,Kaggle French Bakery Daily Sales,SYNTHETIC_FEATURE_SNAPSHOT,26,2
zerofest-synthetic-2026,2,B10,B10-M03,B,2026-05-21T17:30:00,17,1050,0,269,0,3,dessert,4500,152,102,2,40,6,16,0,0,0,0,21.4,0.47,0.442,pre_stage,0,18,18,0,170,0,0,0,Kaggle French Bakery Daily Sales,SYNTHETIC_FEATURE_SNAPSHOT,50,2
zerofest-synthetic-2026,2,B10,B10-M03,B,2026-05-21T18:00:00,18,1080,0,239,0,3,dessert,4500,152,84,7,18,40,9,0,0,0,0,21.9,0.79,0.623,main_stage,0,30,30,0,84,0,0,0,Kaggle French Bakery Daily Sales,SYNTHETIC_FEATURE_SNAPSHOT,56,3
zerofest-synthetic-2026,2,B10,B10-M03,B,2026-05-21T18:30:00,18,1110,0,209,0,3,dessert,4500,152,54,13,30,18,13,0,0,0,0,20.3,0.52,0.544,main_stage,0,26,26,0,63,0,0,0,Kaggle French Bakery Daily Sales,SYNTHETIC_FEATURE_SNAPSHOT,69,3
zerofest-synthetic-2026,2,B10,B10-M03,B,2026-05-21T19:00:00,19,1140,0,179,0,3,dessert,4500,152,28,7,26,30,10,0,0,0,0,19.6,0.51,0.499,main_stage,1,21,21,0,40,0,0,0,Kaggle French Bakery Daily Sales,SYNTHETIC_FEATURE_SNAPSHOT,49,1
zerofest-synthetic-2026,2,B10,B10-M03,B,2026-05-21T19:30:00,19,1170,0,149,0,3,dessert,4500,152,7,2,21,26,8,0,0,0,0,19.8,0.56,0.524,main_stage,1,7,37,1,30,0,0,0,Kaggle French Bakery Daily Sales,SYNTHETIC_FEATURE_SNAPSHOT,49,1
zerofest-synthetic-2026,2,B10,B10-M03,B,2026-05-21T20:00:00,20,1200,0,119,0,3,dessert,4500,152,0,0,7,21,1,0,0,0,0,20.2,0.47,0.298,after_stage,0,0,16,1,0,0,1,0,Kaggle French Bakery Daily Sales,SYNTHETIC_FEATURE_SNAPSHOT,46,0
zerofest-synthetic-2026,2,B10,B10-M03,B,2026-05-21T20:30:00,20,1230,0,89,0,3,dessert,4500,152,0,0,0,7,0,0,0,0,0,19.2,0.43,0.381,after_stage,0,0,13,1,0,0,1,0,Kaggle French Bakery Daily Sales,SYNTHETIC_FEATURE_SNAPSHOT,30,1
zerofest-synthetic-2026,2,B10,B10-M03,B,2026-05-21T21:00:00,21,1260,0,59,0,3,dessert,4500,152,0,0,0,0,0,0,0,0,0,18.0,0.63,0.209,normal,0,0,13,1,0,0,1,0,Kaggle French Bakery Daily Sales,SYNTHETIC_FEATURE_SNAPSHOT,25,0
zerofest-synthetic-2026,2,B10,B10-M03,B,2026-05-21T21:30:00,21,1290,0,29,0,3,dessert,4500,152,0,0,0,0,0,0,0,0,0,18.6,0.36,0.247,normal,0,0,16,1,0,0,1,0,Kaggle French Bakery Daily Sales,SYNTHETIC_FEATURE_SNAPSHOT,21,1
zerofest-synthetic-2026,3,B10,B10-M03,B,2026-05-22T16:00:00,16,960,0,359,0,4,dessert,4500,152,152,0,0,0,0,0,0,0,0,19.7,0.01,0.208,normal,0,22,22,0,208,0,0,0,Kaggle French Bakery Daily Sales,SYNTHETIC_FEATURE_SNAPSHOT,0,0
zerofest-synthetic-2026,3,B10,B10-M03,B,2026-05-22T16:30:00,16,990,0,329,0,4,dessert,4500,152,130,2,22,0,10,0,0,0,0,20.0,0.01,0.279,normal,0,3,3,0,1300,103,0,0,Kaggle French Bakery Daily Sales,SYNTHETIC_FEATURE_SNAPSHOT,23,1
zerofest-synthetic-2026,3,B10,B10-M03,B,2026-05-22T17:00:00,17,1020,0,299,0,4,dessert,4500,152,127,1,3,22,3,0,0,0,0,20.0,0.09,0.42,pre_stage,0,23,23,0,166,0,0,0,Kaggle French Bakery Daily Sales,SYNTHETIC_FEATURE_SNAPSHOT,15,1
zerofest-synthetic-2026,3,B10,B10-M03,B,2026-05-22T17:30:00,17,1050,0,269,0,4,dessert,4500,152,104,4,23,3,9,0,0,0,0,19.8,0.0,0.401,pre_stage,0,14,14,0,223,1,0,0,Kaggle French Bakery Daily Sales,SYNTHETIC_FEATURE_SNAPSHOT,33,2
zerofest-synthetic-2026,3,B10,B10-M03,B,2026-05-22T18:00:00,18,1080,0,239,0,4,dessert,4500,152,90,2,14,23,8,0,0,0,0,18.9,0.01,0.649,main_stage,0,24,24,0,113,0,0,0,Kaggle French Bakery Daily Sales,SYNTHETIC_FEATURE_SNAPSHOT,40,1
zerofest-synthetic-2026,3,B10,B10-M03,B,2026-05-22T18:30:00,18,1110,0,209,0,4,dessert,4500,152,66,6,24,14,11,0,0,0,0,18.8,0.0,0.593,main_stage,0,16,16,0,124,0,0,0,Kaggle French Bakery Daily Sales,SYNTHETIC_FEATURE_SNAPSHOT,47,0
zerofest-synthetic-2026,3,B10,B10-M03,B,2026-05-22T19:00:00,19,1140,0,179,0,4,dessert,4500,152,50,2,16,24,6,0,0,0,0,17.9,0.0,0.674,main_stage,1,21,21,0,72,0,0,0,Kaggle French Bakery Daily Sales,SYNTHETIC_FEATURE_SNAPSHOT,29,0
zerofest-synthetic-2026,3,B10,B10-M03,B,2026-05-22T19:30:00,19,1170,0,149,0,4,dessert,4500,152,29,3,21,16,7,0,0,0,0,17.6,0.04,0.604,main_stage,1,20,20,0,44,0,0,0,Kaggle French Bakery Daily Sales,SYNTHETIC_FEATURE_SNAPSHOT,35,0
zerofest-synthetic-2026,3,B10,B10-M03,B,2026-05-22T20:00:00,20,1200,0,119,0,4,dessert,4500,152,9,5,20,21,9,0,0,0,0,18.8,0.0,0.35,after_stage,0,9,9,0,30,0,0,0,Kaggle French Bakery Daily Sales,SYNTHETIC_FEATURE_SNAPSHOT,43,1
zerofest-synthetic-2026,3,B10,B10-M03,B,2026-05-22T20:30:00,20,1230,0,89,0,4,dessert,4500,152,0,7,9,20,4,0,0,0,0,17.4,0.0,0.402,after_stage,0,0,17,1,0,0,1,0,Kaggle French Bakery Daily Sales,SYNTHETIC_FEATURE_SNAPSHOT,31,1
zerofest-synthetic-2026,3,B10,B10-M03,B,2026-05-22T21:00:00,21,1260,0,59,0,4,dessert,4500,152,0,0,0,9,0,0,0,0,0,17.6,0.0,0.268,normal,0,0,21,1,0,0,1,0,Kaggle French Bakery Daily Sales,SYNTHETIC_FEATURE_SNAPSHOT,23,1
zerofest-synthetic-2026,3,B10,B10-M03,B,2026-05-22T21:30:00,21,1290,0,29,0,4,dessert,4500,152,0,0,0,0,0,0,0,0,0,17.3,0.05,0.198,normal,0,0,18,1,0,0,1,0,Kaggle French Bakery Daily Sales,SYNTHETIC_FEATURE_SNAPSHOT,16,2
zerofest-synthetic-2026,1,B10,B10-M04,B,2026-05-20T16:00:00,16,960,0,359,0,2,food,6000,298,298,0,0,0,0,0,0,1,30,23.2,0.02,0.266,normal,0,21,21,0,426,91,0,42,Kaggle French Bakery Daily Sales,SYNTHETIC_FEATURE_SNAPSHOT,2,2
zerofest-synthetic-2026,1,B10,B10-M04,B,2026-05-20T16:30:00,16,990,0,329,0,2,food,6000,298,277,3,21,0,9,0,0,1,30,24.1,0.0,0.218,normal,0,8,8,0,1039,205,0,42,Kaggle French Bakery Daily Sales,SYNTHETIC_FEATURE_SNAPSHOT,32,0
zerofest-synthetic-2026,1,B10,B10-M04,B,2026-05-20T17:00:00,17,1020,0,299,0,2,food,6000,298,269,1,8,21,6,0,0,1,30,21.6,0.01,0.466,pre_stage,0,16,16,0,505,138,0,42,Kaggle French Bakery Daily Sales,SYNTHETIC_FEATURE_SNAPSHOT,21,1
zerofest-synthetic-2026,1,B10,B10-M04,B,2026-05-20T17:30:00,17,1050,0,269,0,2,food,6000,298,253,2,16,8,8,0,0,1,30,23.4,0.0,0.448,pre_stage,0,22,22,0,345,91,0,42,Kaggle French Bakery Daily Sales,SYNTHETIC_FEATURE_SNAPSHOT,34,1
zerofest-synthetic-2026,1,B10,B10-M04,B,2026-05-20T18:00:00,18,1080,0,239,0,2,food,6000,298,231,5,22,16,9,0,0,1,30,22.2,0.0,0.584,main_stage,0,16,16,0,434,126,0,42,Kaggle French Bakery Daily Sales,SYNTHETIC_FEATURE_SNAPSHOT,36,1
zerofest-synthetic-2026,1,B10,B10-M04,B,2026-05-20T18:30:00,18,1110,0,209,0,2,food,6000,298,215,3,16,22,7,0,0,1,30,22.9,0.0,0.585,main_stage,0,56,56,0,116,0,0,42,Kaggle French Bakery Daily Sales,SYNTHETIC_FEATURE_SNAPSHOT,35,1
zerofest-synthetic-2026,1,B10,B10-M04,B,2026-05-20T19:00:00,19,1140,0,179,0,2,food,6000,298,159,0,56,16,19,0,0,1,30,22.1,0.03,0.576,main_stage,1,25,25,0,191,36,0,42,Kaggle French Bakery Daily Sales,SYNTHETIC_FEATURE_SNAPSHOT,51,0
zerofest-synthetic-2026,1,B10,B10-M04,B,2026-05-20T19:30:00,19,1170,0,149,0,2,food,6000,298,134,8,25,56,11,0,0,1,30,22.4,0.0,0.563,main_stage,1,20,20,0,201,52,0,42,Kaggle French Bakery Daily Sales,SYNTHETIC_FEATURE_SNAPSHOT,38,2
zerofest-synthetic-2026,1,B10,B10-M04,B,2026-05-20T20:00:00,20,1200,0,119,0,2,food,6000,298,114,4,20,25,9,0,0,1,30,20.9,0.0,0.357,after_stage,0,12,12,0,285,75,0,42,Kaggle French Bakery Daily Sales,SYNTHETIC_FEATURE_SNAPSHOT,37,2
zerofest-synthetic-2026,1,B10,B10-M04,B,2026-05-20T20:30:00,20,1230,0,89,0,2,food,6000,298,102,2,12,20,5,30,0,1,30,22.4,0.0,0.355,after_stage,0,22,22,0,140,48,0,42,Kaggle French Bakery Daily Sales,SYNTHETIC_FEATURE_SNAPSHOT,32,0
zerofest-synthetic-2026,1,B10,B10-M04,B,2026-05-20T21:00:00,21,1260,0,59,0,2,food,6000,298,80,6,22,12,11,0,0,1,30,20.9,0.01,0.238,normal,0,13,13,0,185,59,0,42,Kaggle French Bakery Daily Sales,SYNTHETIC_FEATURE_SNAPSHOT,34,0
zerofest-synthetic-2026,1,B10,B10-M04,B,2026-05-20T21:30:00,21,1290,0,29,0,2,food,6000,298,67,3,13,22,6,0,0,1,30,19.7,0.02,0.223,normal,0,25,25,0,81,47,0,42,Kaggle French Bakery Daily Sales,SYNTHETIC_FEATURE_SNAPSHOT,16,1
zerofest-synthetic-2026,2,B10,B10-M04,B,2026-05-21T16:00:00,16,960,0,359,0,3,food,6000,298,298,0,0,0,0,0,0,1,10,21.7,0.56,0.238,normal,0,3,3,0,2980,268,0,0,Kaggle French Bakery Daily Sales,SYNTHETIC_FEATURE_SNAPSHOT,0,0
zerofest-synthetic-2026,2,B10,B10-M04,B,2026-05-21T16:30:00,16,990,0,329,0,3,food,6000,298,295,0,3,0,1,0,0,1,10,21.1,0.66,0.205,normal,0,22,22,0,403,97,0,0,Kaggle French Bakery Daily Sales,SYNTHETIC_FEATURE_SNAPSHOT,19,0
zerofest-synthetic-2026,2,B10,B10-M04,B,2026-05-21T17:00:00,17,1020,0,299,0,3,food,6000,298,273,3,22,3,12,0,0,1,10,20.2,0.45,0.4,pre_stage,0,29,29,0,283,35,0,0,Kaggle French Bakery Daily Sales,SYNTHETIC_FEATURE_SNAPSHOT,26,2
zerofest-synthetic-2026,2,B10,B10-M04,B,2026-05-21T17:30:00,17,1050,0,269,0,3,food,6000,298,244,2,29,22,11,0,0,1,10,21.4,0.47,0.442,pre_stage,0,37,37,0,198,0,0,0,Kaggle French Bakery Daily Sales,SYNTHETIC_FEATURE_SNAPSHOT,50,2
zerofest-synthetic-2026,2,B10,B10-M04,B,2026-05-21T18:00:00,18,1080,0,239,0,3,food,6000,298,207,2,37,29,16,10,0,1,10,21.9,0.79,0.623,main_stage,0,59,59,0,106,0,0,0,Kaggle French Bakery Daily Sales,SYNTHETIC_FEATURE_SNAPSHOT,56,3
zerofest-synthetic-2026,2,B10,B10-M04,B,2026-05-21T18:30:00,18,1110,0,209,0,3,food,6000,298,148,6,59,37,21,10,30,1,10,20.3,0.52,0.544,main_stage,0,36,36,0,124,0,0,0,Kaggle French Bakery Daily Sales,SYNTHETIC_FEATURE_SNAPSHOT,69,3
zerofest-synthetic-2026,2,B10,B10-M04,B,2026-05-21T19:00:00,19,1140,0,179,0,3,food,6000,298,112,4,36,59,14,0,0,1,10,19.6,0.51,0.499,main_stage,1,35,35,0,96,0,0,0,Kaggle French Bakery Daily Sales,SYNTHETIC_FEATURE_SNAPSHOT,49,1
zerofest-synthetic-2026,2,B10,B10-M04,B,2026-05-21T19:30:00,19,1170,0,149,0,3,food,6000,298,77,0,35,36,13,10,0,1,10,19.8,0.56,0.524,main_stage,1,42,42,0,55,0,0,0,Kaggle French Bakery Daily Sales,SYNTHETIC_FEATURE_SNAPSHOT,49,1
zerofest-synthetic-2026,2,B10,B10-M04,B,2026-05-21T20:00:00,20,1200,0,119,0,3,food,6000,298,35,21,42,35,15,10,30,1,10,20.2,0.47,0.298,after_stage,0,27,27,0,39,0,0,0,Kaggle French Bakery Daily Sales,SYNTHETIC_FEATURE_SNAPSHOT,46,0
zerofest-synthetic-2026,2,B10,B10-M04,B,2026-05-21T20:30:00,20,1230,0,89,0,3,food,6000,298,8,3,27,42,14,0,0,1,10,19.2,0.43,0.381,after_stage,0,8,11,1,30,0,0,0,Kaggle French Bakery Daily Sales,SYNTHETIC_FEATURE_SNAPSHOT,30,1
zerofest-synthetic-2026,2,B10,B10-M04,B,2026-05-21T21:00:00,21,1260,0,59,0,3,food,6000,298,0,0,8,27,4,10,0,1,10,18.0,0.63,0.209,normal,0,0,13,1,0,0,1,0,Kaggle French Bakery Daily Sales,SYNTHETIC_FEATURE_SNAPSHOT,25,0
zerofest-synthetic-2026,2,B10,B10-M04,B,2026-05-21T21:30:00,21,1290,0,29,0,3,food,6000,298,0,0,0,8,0,10,30,1,10,18.6,0.36,0.247,normal,0,0,17,1,0,0,1,0,Kaggle French Bakery Daily Sales,SYNTHETIC_FEATURE_SNAPSHOT,21,1
zerofest-synthetic-2026,3,B10,B10-M04,B,2026-05-22T16:00:00,16,960,0,359,0,4,food,6000,298,298,0,0,0,0,0,0,0,0,19.7,0.01,0.208,normal,0,6,6,0,1490,239,0,100,Kaggle French Bakery Daily Sales,SYNTHETIC_FEATURE_SNAPSHOT,0,0
zerofest-synthetic-2026,3,B10,B10-M04,B,2026-05-22T16:30:00,16,990,0,329,0,4,food,6000,298,292,0,6,0,4,0,0,0,0,20.0,0.01,0.279,normal,0,12,12,0,730,184,0,100,Kaggle French Bakery Daily Sales,SYNTHETIC_FEATURE_SNAPSHOT,23,1
zerofest-synthetic-2026,3,B10,B10-M04,B,2026-05-22T17:00:00,17,1020,0,299,0,4,food,6000,298,280,4,12,6,6,0,0,0,0,20.0,0.09,0.42,pre_stage,0,15,15,0,560,157,0,100,Kaggle French Bakery Daily Sales,SYNTHETIC_FEATURE_SNAPSHOT,15,1
zerofest-synthetic-2026,3,B10,B10-M04,B,2026-05-22T17:30:00,17,1050,0,269,0,4,food,6000,298,265,0,15,12,8,0,0,0,0,19.8,0.0,0.401,pre_stage,0,26,26,0,306,73,0,100,Kaggle French Bakery Daily Sales,SYNTHETIC_FEATURE_SNAPSHOT,33,2
zerofest-synthetic-2026,3,B10,B10-M04,B,2026-05-22T18:00:00,18,1080,0,239,0,4,food,6000,298,239,3,26,15,11,0,0,0,0,18.9,0.01,0.649,main_stage,0,30,30,0,239,42,0,100,Kaggle French Bakery Daily Sales,SYNTHETIC_FEATURE_SNAPSHOT,40,1
zerofest-synthetic-2026,3,B10,B10-M04,B,2026-05-22T18:30:00,18,1110,0,209,0,4,food,6000,298,209,0,30,26,13,0,0,0,0,18.8,0.0,0.593,main_stage,0,17,17,0,369,111,0,100,Kaggle French Bakery Daily Sales,SYNTHETIC_FEATURE_SNAPSHOT,47,0
zerofest-synthetic-2026,3,B10,B10-M04,B,2026-05-22T19:00:00,19,1140,0,179,0,4,food,6000,298,192,6,17,30,7,0,0,0,0,17.9,0.0,0.674,main_stage,1,10,10,0,576,143,0,100,Kaggle French Bakery Daily Sales,SYNTHETIC_FEATURE_SNAPSHOT,29,0
zerofest-synthetic-2026,3,B10,B10-M04,B,2026-05-22T19:30:00,19,1170,0,149,0,4,food,6000,298,182,0,10,17,5,0,0,0,0,17.6,0.04,0.604,main_stage,1,30,30,0,182,59,0,100,Kaggle French Bakery Daily Sales,SYNTHETIC_FEATURE_SNAPSHOT,35,0
zerofest-synthetic-2026,3,B10,B10-M04,B,2026-05-22T20:00:00,20,1200,0,119,0,4,food,6000,298,152,1,30,10,11,0,0,0,0,18.8,0.0,0.35,after_stage,0,19,19,0,240,90,0,100,Kaggle French Bakery Daily Sales,SYNTHETIC_FEATURE_SNAPSHOT,43,1
zerofest-synthetic-2026,3,B10,B10-M04,B,2026-05-22T20:30:00,20,1230,0,89,0,4,food,6000,298,133,2,19,30,8,0,0,0,0,17.4,0.0,0.402,after_stage,0,17,17,0,235,91,0,100,Kaggle French Bakery Daily Sales,SYNTHETIC_FEATURE_SNAPSHOT,31,1
zerofest-synthetic-2026,3,B10,B10-M04,B,2026-05-22T21:00:00,21,1260,0,59,0,4,food,6000,298,116,1,17,19,8,0,0,0,0,17.6,0.0,0.268,normal,0,9,9,0,387,101,0,100,Kaggle French Bakery Daily Sales,SYNTHETIC_FEATURE_SNAPSHOT,23,1
zerofest-synthetic-2026,3,B10,B10-M04,B,2026-05-22T21:30:00,21,1290,0,29,0,4,food,6000,298,107,0,9,17,5,0,0,0,0,17.3,0.05,0.198,normal,0,7,7,0,459,101,0,100,Kaggle French Bakery Daily Sales,SYNTHETIC_FEATURE_SNAPSHOT,16,2
zerofest-synthetic-2026,1,B11,B11-M01,C,2026-05-20T16:00:00,16,960,0,359,0,2,drink,4000,214,214,0,0,0,0,0,0,1,20,23.2,0.02,0.266,normal,0,3,3,0,2140,184,0,0,Kaggle French Bakery Daily Sales,SYNTHETIC_FEATURE_SNAPSHOT,0,0
zerofest-synthetic-2026,1,B11,B11-M01,C,2026-05-20T16:30:00,16,990,0,329,0,2,drink,4000,214,211,0,3,0,2,0,0,1,20,24.1,0.0,0.218,normal,0,18,18,0,352,49,0,0,Kaggle French Bakery Daily Sales,SYNTHETIC_FEATURE_SNAPSHOT,10,0
zerofest-synthetic-2026,1,B11,B11-M01,C,2026-05-20T17:00:00,17,1020,0,299,0,2,drink,4000,214,193,4,18,3,10,0,0,1,20,21.6,0.01,0.466,pre_stage,0,22,22,0,264,13,0,0,Kaggle French Bakery Daily Sales,SYNTHETIC_FEATURE_SNAPSHOT,21,3
zerofest-synthetic-2026,1,B11,B11-M01,C,2026-05-20T17:30:00,17,1050,0,269,0,2,drink,4000,214,171,2,22,18,11,0,0,1,20,23.4,0.0,0.448,pre_stage,0,15,15,0,342,60,0,0,Kaggle French Bakery Daily Sales,SYNTHETIC_FEATURE_SNAPSHOT,32,1
zerofest-synthetic-2026,1,B11,B11-M01,C,2026-05-20T18:00:00,18,1080,0,239,0,2,drink,4000,214,156,1,15,22,8,0,0,1,20,22.2,0.0,0.584,main_stage,0,33,33,0,142,0,0,0,Kaggle French Bakery Daily Sales,SYNTHETIC_FEATURE_SNAPSHOT,35,2
zerofest-synthetic-2026,1,B11,B11-M01,C,2026-05-20T18:30:00,18,1110,0,209,0,2,drink,4000,214,123,2,33,15,14,0,0,1,20,22.9,0.0,0.585,main_stage,0,36,36,0,103,0,0,0,Kaggle French Bakery Daily Sales,SYNTHETIC_FEATURE_SNAPSHOT,30,0
zerofest-synthetic-2026,1,B11,B11-M01,C,2026-05-20T19:00:00,19,1140,0,179,0,2,drink,4000,214,87,6,36,33,15,0,0,1,20,22.1,0.03,0.576,main_stage,1,18,18,0,145,0,0,0,Kaggle French Bakery Daily Sales,SYNTHETIC_FEATURE_SNAPSHOT,31,1
zerofest-synthetic-2026,1,B11,B11-M01,C,2026-05-20T19:30:00,19,1170,0,149,0,2,drink,4000,214,69,5,18,36,8,0,0,1,20,22.4,0.0,0.563,main_stage,1,24,24,0,87,0,0,0,Kaggle French Bakery Daily Sales,SYNTHETIC_FEATURE_SNAPSHOT,27,1
zerofest-synthetic-2026,1,B11,B11-M01,C,2026-05-20T20:00:00,20,1200,0,119,0,2,drink,4000,214,45,0,24,18,9,20,0,1,20,20.9,0.0,0.357,after_stage,0,14,14,0,97,0,0,0,Kaggle French Bakery Daily Sales,SYNTHETIC_FEATURE_SNAPSHOT,37,0
zerofest-synthetic-2026,1,B11,B11-M01,C,2026-05-20T20:30:00,20,1230,0,89,0,2,drink,4000,214,31,0,14,24,8,20,30,1,20,22.4,0.0,0.355,after_stage,0,22,22,0,43,0,0,0,Kaggle French Bakery Daily Sales,SYNTHETIC_FEATURE_SNAPSHOT,16,0
zerofest-synthetic-2026,1,B11,B11-M01,C,2026-05-20T21:00:00,21,1260,0,59,0,2,drink,4000,214,9,1,22,14,9,0,0,1,20,20.9,0.01,0.238,normal,0,6,6,0,45,0,0,0,Kaggle French Bakery Daily Sales,SYNTHETIC_FEATURE_SNAPSHOT,23,0
zerofest-synthetic-2026,1,B11,B11-M01,C,2026-05-20T21:30:00,21,1290,0,29,0,2,drink,4000,214,3,3,6,22,2,0,0,1,20,19.7,0.02,0.223,normal,0,3,12,1,30,1,0,0,Kaggle French Bakery Daily Sales,SYNTHETIC_FEATURE_SNAPSHOT,10,1
zerofest-synthetic-2026,2,B11,B11-M01,C,2026-05-21T16:00:00,16,960,0,359,0,3,drink,4000,214,214,0,0,0,0,0,0,0,0,21.7,0.56,0.238,normal,0,15,15,0,428,66,0,2,Kaggle French Bakery Daily Sales,SYNTHETIC_FEATURE_SNAPSHOT,0,0
zerofest-synthetic-2026,2,B11,B11-M01,C,2026-05-21T16:30:00,16,990,0,329,0,3,drink,4000,214,199,0,15,0,8,0,0,0,0,21.1,0.66,0.205,normal,0,11,11,0,543,100,0,2,Kaggle French Bakery Daily Sales,SYNTHETIC_FEATURE_SNAPSHOT,19,0
zerofest-synthetic-2026,2,B11,B11-M01,C,2026-05-21T17:00:00,17,1020,0,299,0,3,drink,4000,214,188,0,11,15,4,0,0,0,0,20.2,0.45,0.4,pre_stage,0,23,23,0,246,0,0,2,Kaggle French Bakery Daily Sales,SYNTHETIC_FEATURE_SNAPSHOT,17,1
zerofest-synthetic-2026,2,B11,B11-M01,C,2026-05-21T17:30:00,17,1050,0,269,0,3,drink,4000,214,165,7,23,11,11,0,0,0,0,21.4,0.47,0.442,pre_stage,0,19,19,0,261,25,0,2,Kaggle French Bakery Daily Sales,SYNTHETIC_FEATURE_SNAPSHOT,30,1
zerofest-synthetic-2026,2,B11,B11-M01,C,2026-05-21T18:00:00,18,1080,0,239,0,3,drink,4000,214,146,4,19,23,9,0,0,0,0,21.9,0.79,0.623,main_stage,0,25,25,0,176,0,0,2,Kaggle French Bakery Daily Sales,SYNTHETIC_FEATURE_SNAPSHOT,36,2
zerofest-synthetic-2026,2,B11,B11-M01,C,2026-05-21T18:30:00,18,1110,0,209,0,3,drink,4000,214,121,4,25,19,8,0,0,0,0,20.3,0.52,0.544,main_stage,0,14,14,0,260,41,0,2,Kaggle French Bakery Daily Sales,SYNTHETIC_FEATURE_SNAPSHOT,32,2
zerofest-synthetic-2026,2,B11,B11-M01,C,2026-05-21T19:00:00,19,1140,0,179,0,3,drink,4000,214,107,6,14,25,4,0,0,0,0,19.6,0.51,0.499,main_stage,1,34,34,0,95,0,0,2,Kaggle French Bakery Daily Sales,SYNTHETIC_FEATURE_SNAPSHOT,26,0
zerofest-synthetic-2026,2,B11,B11-M01,C,2026-05-21T19:30:00,19,1170,0,149,0,3,drink,4000,214,73,3,34,14,9,0,0,0,0,19.8,0.56,0.524,main_stage,1,23,23,0,96,0,0,2,Kaggle French Bakery Daily Sales,SYNTHETIC_FEATURE_SNAPSHOT,32,0
zerofest-synthetic-2026,2,B11,B11-M01,C,2026-05-21T20:00:00,20,1200,0,119,0,3,drink,4000,214,50,0,23,34,7,0,0,0,0,20.2,0.47,0.298,after_stage,0,13,13,0,116,7,0,2,Kaggle French Bakery Daily Sales,SYNTHETIC_FEATURE_SNAPSHOT,32,0
zerofest-synthetic-2026,2,B11,B11-M01,C,2026-05-21T20:30:00,20,1230,0,89,0,3,drink,4000,214,37,5,13,23,5,0,0,0,0,19.2,0.43,0.381,after_stage,0,15,15,0,74,0,0,2,Kaggle French Bakery Daily Sales,SYNTHETIC_FEATURE_SNAPSHOT,21,1
zerofest-synthetic-2026,2,B11,B11-M01,C,2026-05-21T21:00:00,21,1260,0,59,0,3,drink,4000,214,22,0,15,13,8,0,0,0,0,18.0,0.63,0.209,normal,0,11,11,0,61,4,0,2,Kaggle French Bakery Daily Sales,SYNTHETIC_FEATURE_SNAPSHOT,30,1
zerofest-synthetic-2026,2,B11,B11-M01,C,2026-05-21T21:30:00,21,1290,0,29,0,3,drink,4000,214,11,2,11,15,5,0,0,0,0,18.6,0.36,0.247,normal,0,9,9,0,37,4,0,2,Kaggle French Bakery Daily Sales,SYNTHETIC_FEATURE_SNAPSHOT,9,0
zerofest-synthetic-2026,3,B11,B11-M01,C,2026-05-22T16:00:00,16,960,0,359,0,4,drink,4000,214,214,0,0,0,0,0,0,1,30,19.7,0.01,0.208,normal,0,5,5,0,1284,165,0,27,Kaggle French Bakery Daily Sales,SYNTHETIC_FEATURE_SNAPSHOT,0,0
zerofest-synthetic-2026,3,B11,B11-M01,C,2026-05-22T16:30:00,16,990,0,329,0,4,drink,4000,214,209,1,5,0,3,0,0,1,30,20.0,0.01,0.279,normal,0,4,4,0,1568,173,0,27,Kaggle French Bakery Daily Sales,SYNTHETIC_FEATURE_SNAPSHOT,14,1
zerofest-synthetic-2026,3,B11,B11-M01,C,2026-05-22T17:00:00,17,1020,0,299,0,4,drink,4000,214,205,0,4,5,3,0,0,1,30,20.0,0.09,0.42,pre_stage,0,7,7,0,879,148,0,27,Kaggle French Bakery Daily Sales,SYNTHETIC_FEATURE_SNAPSHOT,17,1
zerofest-synthetic-2026,3,B11,B11-M01,C,2026-05-22T17:30:00,17,1050,0,269,0,4,drink,4000,214,198,0,7,4,4,0,0,1,30,19.8,0.0,0.401,pre_stage,0,16,16,0,372,80,0,27,Kaggle French Bakery Daily Sales,SYNTHETIC_FEATURE_SNAPSHOT,19,0
zerofest-synthetic-2026,3,B11,B11-M01,C,2026-05-22T18:00:00,18,1080,0,239,0,4,drink,4000,214,182,1,16,7,6,0,0,1,30,18.9,0.01,0.649,main_stage,0,19,19,0,288,57,0,27,Kaggle French Bakery Daily Sales,SYNTHETIC_FEATURE_SNAPSHOT,33,2
zerofest-synthetic-2026,3,B11,B11-M01,C,2026-05-22T18:30:00,18,1110,0,209,0,4,drink,4000,214,163,5,19,16,8,0,0,1,30,18.8,0.0,0.593,main_stage,0,12,12,0,408,94,0,27,Kaggle French Bakery Daily Sales,SYNTHETIC_FEATURE_SNAPSHOT,22,0
zerofest-synthetic-2026,3,B11,B11-M01,C,2026-05-22T19:00:00,19,1140,0,179,0,4,drink,4000,214,151,2,12,19,6,0,0,1,30,17.9,0.0,0.674,main_stage,1,22,22,0,206,43,0,27,Kaggle French Bakery Daily Sales,SYNTHETIC_FEATURE_SNAPSHOT,30,1
zerofest-synthetic-2026,3,B11,B11-M01,C,2026-05-22T19:30:00,19,1170,0,149,0,4,drink,4000,214,129,0,22,12,6,0,0,1,30,17.6,0.04,0.604,main_stage,1,28,28,0,139,14,0,27,Kaggle French Bakery Daily Sales,SYNTHETIC_FEATURE_SNAPSHOT,25,0
zerofest-synthetic-2026,3,B11,B11-M01,C,2026-05-22T20:00:00,20,1200,0,119,0,4,drink,4000,214,101,0,28,22,9,30,0,1,30,18.8,0.0,0.35,after_stage,0,27,27,0,113,12,0,27,Kaggle French Bakery Daily Sales,SYNTHETIC_FEATURE_SNAPSHOT,26,1
zerofest-synthetic-2026,3,B11,B11-M01,C,2026-05-22T20:30:00,20,1230,0,89,0,4,drink,4000,214,74,5,27,28,11,30,30,1,30,17.4,0.0,0.402,after_stage,0,14,14,0,159,40,0,27,Kaggle French Bakery Daily Sales,SYNTHETIC_FEATURE_SNAPSHOT,28,1
zerofest-synthetic-2026,3,B11,B11-M01,C,2026-05-22T21:00:00,21,1260,0,59,0,4,drink,4000,214,60,3,14,27,7,30,60,1,30,17.6,0.0,0.268,normal,0,21,21,0,86,26,0,27,Kaggle French Bakery Daily Sales,SYNTHETIC_FEATURE_SNAPSHOT,18,0
zerofest-synthetic-2026,3,B11,B11-M01,C,2026-05-22T21:30:00,21,1290,0,29,0,4,drink,4000,214,39,8,21,14,10,30,90,1,30,17.3,0.05,0.198,normal,0,12,12,0,98,29,0,27,Kaggle French Bakery Daily Sales,SYNTHETIC_FEATURE_SNAPSHOT,15,2
zerofest-synthetic-2026,1,B11,B11-M02,C,2026-05-20T16:00:00,16,960,0,359,0,2,dessert,4000,109,109,0,0,0,0,0,0,1,30,23.2,0.02,0.266,normal,0,3,3,0,1090,79,0,7,Kaggle French Bakery Daily Sales,SYNTHETIC_FEATURE_SNAPSHOT,0,0
zerofest-synthetic-2026,1,B11,B11-M02,C,2026-05-20T16:30:00,16,990,0,329,0,2,dessert,4000,109,106,0,3,0,1,0,0,1,30,24.1,0.0,0.218,normal,0,3,3,0,1060,79,0,7,Kaggle French Bakery Daily Sales,SYNTHETIC_FEATURE_SNAPSHOT,10,0
zerofest-synthetic-2026,1,B11,B11-M02,C,2026-05-20T17:00:00,17,1020,0,299,0,2,dessert,4000,109,103,1,3,3,2,0,0,1,30,21.6,0.01,0.466,pre_stage,0,5,5,0,618,62,0,7,Kaggle French Bakery Daily Sales,SYNTHETIC_FEATURE_SNAPSHOT,21,3
zerofest-synthetic-2026,1,B11,B11-M02,C,2026-05-20T17:30:00,17,1050,0,269,0,2,dessert,4000,109,98,0,5,3,2,0,0,1,30,23.4,0.0,0.448,pre_stage,0,18,18,0,164,0,0,7,Kaggle French Bakery Daily Sales,SYNTHETIC_FEATURE_SNAPSHOT,32,1
zerofest-synthetic-2026,1,B11,B11-M02,C,2026-05-20T18:00:00,18,1080,0,239,0,2,dessert,4000,109,80,4,18,5,8,0,0,1,30,22.2,0.0,0.584,main_stage,0,4,4,0,600,54,0,7,Kaggle French Bakery Daily Sales,SYNTHETIC_FEATURE_SNAPSHOT,35,2
zerofest-synthetic-2026,1,B11,B11-M02,C,2026-05-20T18:30:00,18,1110,0,209,0,2,dessert,4000,109,76,0,4,18,2,0,0,1,30,22.9,0.0,0.585,main_stage,0,6,6,0,380,42,0,7,Kaggle French Bakery Daily Sales,SYNTHETIC_FEATURE_SNAPSHOT,30,0
zerofest-synthetic-2026,1,B11,B11-M02,C,2026-05-20T19:00:00,19,1140,0,179,0,2,dessert,4000,109,70,0,6,4,3,0,0,1,30,22.1,0.03,0.576,main_stage,1,5,5,0,420,45,0,7,Kaggle French Bakery Daily Sales,SYNTHETIC_FEATURE_SNAPSHOT,31,1
zerofest-synthetic-2026,1,B11,B11-M02,C,2026-05-20T19:30:00,19,1170,0,149,0,2,dessert,4000,109,65,0,5,6,2,30,0,1,30,22.4,0.0,0.563,main_stage,1,23,23,0,85,0,0,7,Kaggle French Bakery Daily Sales,SYNTHETIC_FEATURE_SNAPSHOT,27,1
zerofest-synthetic-2026,1,B11,B11-M02,C,2026-05-20T20:00:00,20,1200,0,119,0,2,dessert,4000,109,42,0,23,5,8,30,30,1,30,20.9,0.0,0.357,after_stage,0,5,5,0,252,26,0,7,Kaggle French Bakery Daily Sales,SYNTHETIC_FEATURE_SNAPSHOT,37,0
zerofest-synthetic-2026,1,B11,B11-M02,C,2026-05-20T20:30:00,20,1230,0,89,0,2,dessert,4000,109,37,0,5,23,3,30,60,1,30,22.4,0.0,0.355,after_stage,0,14,14,0,80,3,0,7,Kaggle French Bakery Daily Sales,SYNTHETIC_FEATURE_SNAPSHOT,16,0
zerofest-synthetic-2026,1,B11,B11-M02,C,2026-05-20T21:00:00,21,1260,0,59,0,2,dessert,4000,109,23,3,14,5,7,0,0,1,30,20.9,0.01,0.238,normal,0,5,5,0,138,15,0,7,Kaggle French Bakery Daily Sales,SYNTHETIC_FEATURE_SNAPSHOT,23,0
zerofest-synthetic-2026,1,B11,B11-M02,C,2026-05-20T21:30:00,21,1290,0,29,0,2,dessert,4000,109,18,1,5,14,3,0,0,1,30,19.7,0.02,0.223,normal,0,11,11,0,50,9,0,7,Kaggle French Bakery Daily Sales,SYNTHETIC_FEATURE_SNAPSHOT,10,1
zerofest-synthetic-2026,2,B11,B11-M02,C,2026-05-21T16:00:00,16,960,0,359,0,3,dessert,4000,109,109,0,0,0,0,0,0,0,0,21.7,0.56,0.238,normal,0,0,0,0,10900,109,0,0,Kaggle French Bakery Daily Sales,SYNTHETIC_FEATURE_SNAPSHOT,0,0
zerofest-synthetic-2026,2,B11,B11-M02,C,2026-05-21T16:30:00,16,990,0,329,0,3,dessert,4000,109,109,0,0,0,0,0,0,0,0,21.1,0.66,0.205,normal,0,7,7,0,468,46,0,0,Kaggle French Bakery Daily Sales,SYNTHETIC_FEATURE_SNAPSHOT,19,0
zerofest-synthetic-2026,2,B11,B11-M02,C,2026-05-21T17:00:00,17,1020,0,299,0,3,dessert,4000,109,102,3,7,0,5,0,0,0,0,20.2,0.45,0.4,pre_stage,0,2,2,0,1530,86,0,0,Kaggle French Bakery Daily Sales,SYNTHETIC_FEATURE_SNAPSHOT,17,1
zerofest-synthetic-2026,2,B11,B11-M02,C,2026-05-21T17:30:00,17,1050,0,269,0,3,dessert,4000,109,100,0,2,7,1,0,0,0,0,21.4,0.47,0.442,pre_stage,0,17,17,0,177,0,0,0,Kaggle French Bakery Daily Sales,SYNTHETIC_FEATURE_SNAPSHOT,30,1
zerofest-synthetic-2026,2,B11,B11-M02,C,2026-05-21T18:00:00,18,1080,0,239,0,3,dessert,4000,109,83,0,17,2,8,0,0,0,0,21.9,0.79,0.623,main_stage,0,7,7,0,356,37,0,0,Kaggle French Bakery Daily Sales,SYNTHETIC_FEATURE_SNAPSHOT,36,2
zerofest-synthetic-2026,2,B11,B11-M02,C,2026-05-21T18:30:00,18,1110,0,209,0,3,dessert,4000,109,76,5,7,17,3,0,0,0,0,20.3,0.52,0.544,main_stage,0,22,22,0,104,0,0,0,Kaggle French Bakery Daily Sales,SYNTHETIC_FEATURE_SNAPSHOT,32,2
zerofest-synthetic-2026,2,B11,B11-M02,C,2026-05-21T19:00:00,19,1140,0,179,0,3,dessert,4000,109,54,2,22,7,9,0,0,0,0,19.6,0.51,0.499,main_stage,1,10,10,0,162,5,0,0,Kaggle French Bakery Daily Sales,SYNTHETIC_FEATURE_SNAPSHOT,26,0
zerofest-synthetic-2026,2,B11,B11-M02,C,2026-05-21T19:30:00,19,1170,0,149,0,3,dessert,4000,109,44,3,10,22,4,0,0,0,0,19.8,0.56,0.524,main_stage,1,11,11,0,121,0,0,0,Kaggle French Bakery Daily Sales,SYNTHETIC_FEATURE_SNAPSHOT,32,0
zerofest-synthetic-2026,2,B11,B11-M02,C,2026-05-21T20:00:00,20,1200,0,119,0,3,dessert,4000,109,33,7,11,10,5,0,0,0,0,20.2,0.47,0.298,after_stage,0,12,12,0,83,0,0,0,Kaggle French Bakery Daily Sales,SYNTHETIC_FEATURE_SNAPSHOT,32,0
zerofest-synthetic-2026,2,B11,B11-M02,C,2026-05-21T20:30:00,20,1230,0,89,0,3,dessert,4000,109,21,0,12,11,6,0,0,0,0,19.2,0.43,0.381,after_stage,0,17,17,0,38,0,0,0,Kaggle French Bakery Daily Sales,SYNTHETIC_FEATURE_SNAPSHOT,21,1
zerofest-synthetic-2026,2,B11,B11-M02,C,2026-05-21T21:00:00,21,1260,0,59,0,3,dessert,4000,109,4,1,17,12,8,0,0,0,0,18.0,0.63,0.209,normal,0,4,12,1,30,0,0,0,Kaggle French Bakery Daily Sales,SYNTHETIC_FEATURE_SNAPSHOT,30,1
zerofest-synthetic-2026,2,B11,B11-M02,C,2026-05-21T21:30:00,21,1290,0,29,0,3,dessert,4000,109,0,0,4,17,1,0,0,0,0,18.6,0.36,0.247,normal,0,0,7,1,0,0,1,0,Kaggle French Bakery Daily Sales,SYNTHETIC_FEATURE_SNAPSHOT,9,0
zerofest-synthetic-2026,3,B11,B11-M02,C,2026-05-22T16:00:00,16,960,0,359,0,4,dessert,4000,109,109,0,0,0,0,0,0,1,20,19.7,0.01,0.208,normal,0,3,3,0,1090,79,0,0,Kaggle French Bakery Daily Sales,SYNTHETIC_FEATURE_SNAPSHOT,0,0
zerofest-synthetic-2026,3,B11,B11-M02,C,2026-05-22T16:30:00,16,990,0,329,0,4,dessert,4000,109,106,0,3,0,1,0,0,1,20,20.0,0.01,0.279,normal,0,2,2,0,1590,88,0,0,Kaggle French Bakery Daily Sales,SYNTHETIC_FEATURE_SNAPSHOT,14,1
zerofest-synthetic-2026,3,B11,B11-M02,C,2026-05-22T17:00:00,17,1020,0,299,0,4,dessert,4000,109,104,0,2,3,1,0,0,1,20,20.0,0.09,0.42,pre_stage,0,10,10,0,312,22,0,0,Kaggle French Bakery Daily Sales,SYNTHETIC_FEATURE_SNAPSHOT,17,1
zerofest-synthetic-2026,3,B11,B11-M02,C,2026-05-22T17:30:00,17,1050,0,269,0,4,dessert,4000,109,94,3,10,2,4,0,0,1,20,19.8,0.0,0.401,pre_stage,0,17,17,0,166,0,0,0,Kaggle French Bakery Daily Sales,SYNTHETIC_FEATURE_SNAPSHOT,19,0
zerofest-synthetic-2026,3,B11,B11-M02,C,2026-05-22T18:00:00,18,1080,0,239,0,4,dessert,4000,109,77,6,17,10,8,0,0,1,20,18.9,0.01,0.649,main_stage,0,10,10,0,231,11,0,0,Kaggle French Bakery Daily Sales,SYNTHETIC_FEATURE_SNAPSHOT,33,2
zerofest-synthetic-2026,3,B11,B11-M02,C,2026-05-22T18:30:00,18,1110,0,209,0,4,dessert,4000,109,67,0,10,17,4,20,0,1,20,18.8,0.0,0.593,main_stage,0,8,8,0,252,21,0,0,Kaggle French Bakery Daily Sales,SYNTHETIC_FEATURE_SNAPSHOT,22,0
zerofest-synthetic-2026,3,B11,B11-M02,C,2026-05-22T19:00:00,19,1140,0,179,0,4,dessert,4000,109,59,2,8,10,4,0,0,1,20,17.9,0.0,0.674,main_stage,1,12,12,0,148,0,0,0,Kaggle French Bakery Daily Sales,SYNTHETIC_FEATURE_SNAPSHOT,30,1
zerofest-synthetic-2026,3,B11,B11-M02,C,2026-05-22T19:30:00,19,1170,0,149,0,4,dessert,4000,109,47,0,12,8,6,0,0,1,20,17.6,0.04,0.604,main_stage,1,9,9,0,157,10,0,0,Kaggle French Bakery Daily Sales,SYNTHETIC_FEATURE_SNAPSHOT,25,0
zerofest-synthetic-2026,3,B11,B11-M02,C,2026-05-22T20:00:00,20,1200,0,119,0,4,dessert,4000,109,38,0,9,12,4,0,0,1,20,18.8,0.0,0.35,after_stage,0,11,11,0,104,2,0,0,Kaggle French Bakery Daily Sales,SYNTHETIC_FEATURE_SNAPSHOT,26,1
zerofest-synthetic-2026,3,B11,B11-M02,C,2026-05-22T20:30:00,20,1230,0,89,0,4,dessert,4000,109,27,0,11,9,4,0,0,1,20,17.4,0.0,0.402,after_stage,0,11,11,0,74,0,0,0,Kaggle French Bakery Daily Sales,SYNTHETIC_FEATURE_SNAPSHOT,28,1
zerofest-synthetic-2026,3,B11,B11-M02,C,2026-05-22T21:00:00,21,1260,0,59,0,4,dessert,4000,109,16,0,11,11,5,0,0,1,20,17.6,0.0,0.268,normal,0,6,6,0,80,6,0,0,Kaggle French Bakery Daily Sales,SYNTHETIC_FEATURE_SNAPSHOT,18,0
zerofest-synthetic-2026,3,B11,B11-M02,C,2026-05-22T21:30:00,21,1290,0,29,0,4,dessert,4000,109,10,4,6,11,2,0,0,1,20,17.3,0.05,0.198,normal,0,10,16,1,30,2,0,0,Kaggle French Bakery Daily Sales,SYNTHETIC_FEATURE_SNAPSHOT,15,2
zerofest-synthetic-2026,1,B11,B11-M03,C,2026-05-20T16:00:00,16,960,0,359,0,2,food,5000,152,152,0,0,0,0,0,0,0,0,23.2,0.02,0.266,normal,0,9,9,0,507,63,0,0,Kaggle French Bakery Daily Sales,SYNTHETIC_FEATURE_SNAPSHOT,0,0
zerofest-synthetic-2026,1,B11,B11-M03,C,2026-05-20T16:30:00,16,990,0,329,0,2,food,5000,152,143,1,9,0,4,0,0,0,0,24.1,0.0,0.218,normal,0,9,9,0,477,62,0,0,Kaggle French Bakery Daily Sales,SYNTHETIC_FEATURE_SNAPSHOT,10,0
zerofest-synthetic-2026,1,B11,B11-M03,C,2026-05-20T17:00:00,17,1020,0,299,0,2,food,5000,152,134,7,9,9,4,0,0,0,0,21.6,0.01,0.466,pre_stage,0,35,35,0,115,0,0,0,Kaggle French Bakery Daily Sales,SYNTHETIC_FEATURE_SNAPSHOT,21,3
zerofest-synthetic-2026,1,B11,B11-M03,C,2026-05-20T17:30:00,17,1050,0,269,0,2,food,5000,152,99,3,35,9,12,0,0,0,0,23.4,0.0,0.448,pre_stage,0,18,18,0,165,0,0,0,Kaggle French Bakery Daily Sales,SYNTHETIC_FEATURE_SNAPSHOT,32,1
zerofest-synthetic-2026,1,B11,B11-M03,C,2026-05-20T18:00:00,18,1080,0,239,0,2,food,5000,152,81,3,18,35,9,0,0,0,0,22.2,0.0,0.584,main_stage,0,19,19,0,128,0,0,0,Kaggle French Bakery Daily Sales,SYNTHETIC_FEATURE_SNAPSHOT,35,2
zerofest-synthetic-2026,1,B11,B11-M03,C,2026-05-20T18:30:00,18,1110,0,209,0,2,food,5000,152,62,6,19,18,9,0,0,0,0,22.9,0.0,0.585,main_stage,0,15,15,0,124,0,0,0,Kaggle French Bakery Daily Sales,SYNTHETIC_FEATURE_SNAPSHOT,30,0
zerofest-synthetic-2026,1,B11,B11-M03,C,2026-05-20T19:00:00,19,1140,0,179,0,2,food,5000,152,47,5,15,19,6,0,0,0,0,22.1,0.03,0.576,main_stage,1,28,28,0,51,0,0,0,Kaggle French Bakery Daily Sales,SYNTHETIC_FEATURE_SNAPSHOT,31,1
zerofest-synthetic-2026,1,B11,B11-M03,C,2026-05-20T19:30:00,19,1170,0,149,0,2,food,5000,152,19,4,28,15,13,0,0,0,0,22.4,0.0,0.563,main_stage,1,19,31,1,30,0,0,0,Kaggle French Bakery Daily Sales,SYNTHETIC_FEATURE_SNAPSHOT,27,1
zerofest-synthetic-2026,1,B11,B11-M03,C,2026-05-20T20:00:00,20,1200,0,119,0,2,food,5000,152,0,0,19,28,6,0,0,0,0,20.9,0.0,0.357,after_stage,0,0,4,1,0,0,1,0,Kaggle French Bakery Daily Sales,SYNTHETIC_FEATURE_SNAPSHOT,37,0
zerofest-synthetic-2026,1,B11,B11-M03,C,2026-05-20T20:30:00,20,1230,0,89,0,2,food,5000,152,0,0,0,19,0,0,0,0,0,22.4,0.0,0.355,after_stage,0,0,10,1,0,0,1,0,Kaggle French Bakery Daily Sales,SYNTHETIC_FEATURE_SNAPSHOT,16,0
zerofest-synthetic-2026,1,B11,B11-M03,C,2026-05-20T21:00:00,21,1260,0,59,0,2,food,5000,152,0,0,0,0,0,0,0,0,0,20.9,0.01,0.238,normal,0,0,11,1,0,0,1,0,Kaggle French Bakery Daily Sales,SYNTHETIC_FEATURE_SNAPSHOT,23,0
zerofest-synthetic-2026,1,B11,B11-M03,C,2026-05-20T21:30:00,21,1290,0,29,0,2,food,5000,152,0,0,0,0,0,0,0,0,0,19.7,0.02,0.223,normal,0,0,9,1,0,0,1,0,Kaggle French Bakery Daily Sales,SYNTHETIC_FEATURE_SNAPSHOT,10,1
zerofest-synthetic-2026,2,B11,B11-M03,C,2026-05-21T16:00:00,16,960,0,359,0,3,food,5000,152,152,0,0,0,0,0,0,1,20,21.7,0.56,0.238,normal,0,6,6,0,760,93,0,0,Kaggle French Bakery Daily Sales,SYNTHETIC_FEATURE_SNAPSHOT,0,0
zerofest-synthetic-2026,2,B11,B11-M03,C,2026-05-21T16:30:00,16,990,0,329,0,3,food,5000,152,146,0,6,0,3,0,0,1,20,21.1,0.66,0.205,normal,0,14,14,0,313,20,0,0,Kaggle French Bakery Daily Sales,SYNTHETIC_FEATURE_SNAPSHOT,19,0
zerofest-synthetic-2026,2,B11,B11-M03,C,2026-05-21T17:00:00,17,1020,0,299,0,3,food,5000,152,132,2,14,6,7,0,0,1,20,20.2,0.45,0.4,pre_stage,0,19,19,0,209,0,0,0,Kaggle French Bakery Daily Sales,SYNTHETIC_FEATURE_SNAPSHOT,17,1
zerofest-synthetic-2026,2,B11,B11-M03,C,2026-05-21T17:30:00,17,1050,0,269,0,3,food,5000,152,113,6,19,14,10,0,0,1,20,21.4,0.47,0.442,pre_stage,0,14,14,0,243,10,0,0,Kaggle French Bakery Daily Sales,SYNTHETIC_FEATURE_SNAPSHOT,30,1
zerofest-synthetic-2026,2,B11,B11-M03,C,2026-05-21T18:00:00,18,1080,0,239,0,3,food,5000,152,99,2,14,19,7,0,0,1,20,21.9,0.79,0.623,main_stage,0,27,27,0,110,0,0,0,Kaggle French Bakery Daily Sales,SYNTHETIC_FEATURE_SNAPSHOT,36,2
zerofest-synthetic-2026,2,B11,B11-M03,C,2026-05-21T18:30:00,18,1110,0,209,0,3,food,5000,152,72,1,27,14,14,0,0,1,20,20.3,0.52,0.544,main_stage,0,13,13,0,167,0,0,0,Kaggle French Bakery Daily Sales,SYNTHETIC_FEATURE_SNAPSHOT,32,2
zerofest-synthetic-2026,2,B11,B11-M03,C,2026-05-21T19:00:00,19,1140,0,179,0,3,food,5000,152,59,0,13,27,6,0,0,1,20,19.6,0.51,0.499,main_stage,1,20,20,0,89,0,0,0,Kaggle French Bakery Daily Sales,SYNTHETIC_FEATURE_SNAPSHOT,26,0
zerofest-synthetic-2026,2,B11,B11-M03,C,2026-05-21T19:30:00,19,1170,0,149,0,3,food,5000,152,39,4,20,13,7,0,0,1,20,19.8,0.56,0.524,main_stage,1,21,21,0,56,0,0,0,Kaggle French Bakery Daily Sales,SYNTHETIC_FEATURE_SNAPSHOT,32,0
zerofest-synthetic-2026,2,B11,B11-M03,C,2026-05-21T20:00:00,20,1200,0,119,0,3,food,5000,152,18,5,21,20,8,20,0,1,20,20.2,0.47,0.298,after_stage,0,12,12,0,45,0,0,0,Kaggle French Bakery Daily Sales,SYNTHETIC_FEATURE_SNAPSHOT,32,0
zerofest-synthetic-2026,2,B11,B11-M03,C,2026-05-21T20:30:00,20,1230,0,89,0,3,food,5000,152,6,0,12,21,7,20,30,1,20,19.2,0.43,0.381,after_stage,0,6,7,1,30,0,0,0,Kaggle French Bakery Daily Sales,SYNTHETIC_FEATURE_SNAPSHOT,21,1
zerofest-synthetic-2026,2,B11,B11-M03,C,2026-05-21T21:00:00,21,1260,0,59,0,3,food,5000,152,0,0,6,12,4,20,60,1,20,18.0,0.63,0.209,normal,0,0,10,1,0,0,1,0,Kaggle French Bakery Daily Sales,SYNTHETIC_FEATURE_SNAPSHOT,30,1
zerofest-synthetic-2026,2,B11,B11-M03,C,2026-05-21T21:30:00,21,1290,0,29,0,3,food,5000,152,0,0,0,6,0,0,0,1,20,18.6,0.36,0.247,normal,0,0,16,1,0,0,1,0,Kaggle French Bakery Daily Sales,SYNTHETIC_FEATURE_SNAPSHOT,9,0
zerofest-synthetic-2026,3,B11,B11-M03,C,2026-05-22T16:00:00,16,960,0,359,0,4,food,5000,152,152,0,0,0,0,0,0,1,30,19.7,0.01,0.208,normal,0,12,12,0,380,34,0,0,Kaggle French Bakery Daily Sales,SYNTHETIC_FEATURE_SNAPSHOT,0,0
zerofest-synthetic-2026,3,B11,B11-M03,C,2026-05-22T16:30:00,16,990,0,329,0,4,food,5000,152,140,0,12,0,5,0,0,1,30,20.0,0.01,0.279,normal,0,13,13,0,324,23,0,0,Kaggle French Bakery Daily Sales,SYNTHETIC_FEATURE_SNAPSHOT,14,1
zerofest-synthetic-2026,3,B11,B11-M03,C,2026-05-22T17:00:00,17,1020,0,299,0,4,food,5000,152,127,1,13,12,6,0,0,1,30,20.0,0.09,0.42,pre_stage,0,10,10,0,381,45,0,0,Kaggle French Bakery Daily Sales,SYNTHETIC_FEATURE_SNAPSHOT,17,1
zerofest-synthetic-2026,3,B11,B11-M03,C,2026-05-22T17:30:00,17,1050,0,269,0,4,food,5000,152,117,4,10,13,4,0,0,1,30,19.8,0.0,0.401,pre_stage,0,23,23,0,153,0,0,0,Kaggle French Bakery Daily Sales,SYNTHETIC_FEATURE_SNAPSHOT,19,0
zerofest-synthetic-2026,3,B11,B11-M03,C,2026-05-22T18:00:00,18,1080,0,239,0,4,food,5000,152,94,3,23,10,9,0,0,1,30,18.9,0.01,0.649,main_stage,0,23,23,0,123,0,0,0,Kaggle French Bakery Daily Sales,SYNTHETIC_FEATURE_SNAPSHOT,33,2
zerofest-synthetic-2026,3,B11,B11-M03,C,2026-05-22T18:30:00,18,1110,0,209,0,4,food,5000,152,71,4,23,23,9,30,0,1,30,18.8,0.0,0.593,main_stage,0,28,28,0,77,0,0,0,Kaggle French Bakery Daily Sales,SYNTHETIC_FEATURE_SNAPSHOT,22,0
zerofest-synthetic-2026,3,B11,B11-M03,C,2026-05-22T19:00:00,19,1140,0,179,0,4,food,5000,152,43,0,28,23,10,0,0,1,30,17.9,0.0,0.674,main_stage,1,8,8,0,162,4,0,0,Kaggle French Bakery Daily Sales,SYNTHETIC_FEATURE_SNAPSHOT,30,1
zerofest-synthetic-2026,3,B11,B11-M03,C,2026-05-22T19:30:00,19,1170,0,149,0,4,food,5000,152,35,4,8,28,3,0,0,1,30,17.6,0.04,0.604,main_stage,1,13,13,0,81,0,0,0,Kaggle French Bakery Daily Sales,SYNTHETIC_FEATURE_SNAPSHOT,25,0
zerofest-synthetic-2026,3,B11,B11-M03,C,2026-05-22T20:00:00,20,1200,0,119,0,4,food,5000,152,22,0,13,8,5,30,0,1,30,18.8,0.0,0.35,after_stage,0,21,21,0,32,0,0,0,Kaggle French Bakery Daily Sales,SYNTHETIC_FEATURE_SNAPSHOT,26,1
zerofest-synthetic-2026,3,B11,B11-M03,C,2026-05-22T20:30:00,20,1230,0,89,0,4,food,5000,152,1,5,21,13,10,30,30,1,30,17.4,0.0,0.402,after_stage,0,1,10,1,30,0,0,0,Kaggle French Bakery Daily Sales,SYNTHETIC_FEATURE_SNAPSHOT,28,1
zerofest-synthetic-2026,3,B11,B11-M03,C,2026-05-22T21:00:00,21,1260,0,59,0,4,food,5000,152,0,0,1,21,0,30,60,1,30,17.6,0.0,0.268,normal,0,0,14,1,0,0,1,0,Kaggle French Bakery Daily Sales,SYNTHETIC_FEATURE_SNAPSHOT,18,0
zerofest-synthetic-2026,3,B11,B11-M03,C,2026-05-22T21:30:00,21,1290,0,29,0,4,food,5000,152,0,0,0,1,0,0,0,1,30,17.3,0.05,0.198,normal,0,0,7,1,0,0,1,0,Kaggle French Bakery Daily Sales,SYNTHETIC_FEATURE_SNAPSHOT,15,2
zerofest-synthetic-2026,1,B11,B11-M04,C,2026-05-20T16:00:00,16,960,0,359,0,2,drink,4000,193,193,0,0,0,0,0,0,1,30,23.2,0.02,0.266,normal,0,4,4,0,1448,154,0,35,Kaggle French Bakery Daily Sales,SYNTHETIC_FEATURE_SNAPSHOT,0,0
zerofest-synthetic-2026,1,B11,B11-M04,C,2026-05-20T16:30:00,16,990,0,329,0,2,drink,4000,193,189,0,4,0,3,0,0,1,30,24.1,0.0,0.218,normal,0,7,7,0,810,126,0,35,Kaggle French Bakery Daily Sales,SYNTHETIC_FEATURE_SNAPSHOT,10,0
zerofest-synthetic-2026,1,B11,B11-M04,C,2026-05-20T17:00:00,17,1020,0,299,0,2,drink,4000,193,182,2,7,4,5,0,0,1,30,21.6,0.01,0.466,pre_stage,0,19,19,0,288,26,0,35,Kaggle French Bakery Daily Sales,SYNTHETIC_FEATURE_SNAPSHOT,21,3
zerofest-synthetic-2026,1,B11,B11-M04,C,2026-05-20T17:30:00,17,1050,0,269,0,2,drink,4000,193,163,5,19,7,7,0,0,1,30,23.4,0.0,0.448,pre_stage,0,15,15,0,326,52,0,35,Kaggle French Bakery Daily Sales,SYNTHETIC_FEATURE_SNAPSHOT,32,1
zerofest-synthetic-2026,1,B11,B11-M04,C,2026-05-20T18:00:00,18,1080,0,239,0,2,drink,4000,193,148,4,15,19,10,0,0,1,30,22.2,0.0,0.584,main_stage,0,12,12,0,370,69,0,35,Kaggle French Bakery Daily Sales,SYNTHETIC_FEATURE_SNAPSHOT,35,2
zerofest-synthetic-2026,1,B11,B11-M04,C,2026-05-20T18:30:00,18,1110,0,209,0,2,drink,4000,193,136,0,12,15,5,0,0,1,30,22.9,0.0,0.585,main_stage,0,21,21,0,195,15,0,35,Kaggle French Bakery Daily Sales,SYNTHETIC_FEATURE_SNAPSHOT,30,0
zerofest-synthetic-2026,1,B11,B11-M04,C,2026-05-20T19:00:00,19,1140,0,179,0,2,drink,4000,193,115,5,21,12,7,0,0,1,30,22.1,0.03,0.576,main_stage,1,9,9,0,384,71,0,35,Kaggle French Bakery Daily Sales,SYNTHETIC_FEATURE_SNAPSHOT,31,1
zerofest-synthetic-2026,1,B11,B11-M04,C,2026-05-20T19:30:00,19,1170,0,149,0,2,drink,4000,193,106,0,9,21,4,30,0,1,30,22.4,0.0,0.563,main_stage,1,31,31,0,103,0,0,35,Kaggle French Bakery Daily Sales,SYNTHETIC_FEATURE_SNAPSHOT,27,1
zerofest-synthetic-2026,1,B11,B11-M04,C,2026-05-20T20:00:00,20,1200,0,119,0,2,drink,4000,193,75,3,31,9,14,0,0,1,30,20.9,0.0,0.357,after_stage,0,7,7,0,322,52,0,35,Kaggle French Bakery Daily Sales,SYNTHETIC_FEATURE_SNAPSHOT,37,0
zerofest-synthetic-2026,1,B11,B11-M04,C,2026-05-20T20:30:00,20,1230,0,89,0,2,drink,4000,193,68,2,7,31,5,0,0,1,30,22.4,0.0,0.355,after_stage,0,16,16,0,128,29,0,35,Kaggle French Bakery Daily Sales,SYNTHETIC_FEATURE_SNAPSHOT,16,0
zerofest-synthetic-2026,1,B11,B11-M04,C,2026-05-20T21:00:00,21,1260,0,59,0,2,drink,4000,193,52,1,16,7,7,0,0,1,30,20.9,0.01,0.238,normal,0,11,11,0,142,34,0,35,Kaggle French Bakery Daily Sales,SYNTHETIC_FEATURE_SNAPSHOT,23,0
zerofest-synthetic-2026,1,B11,B11-M04,C,2026-05-20T21:30:00,21,1290,0,29,0,2,drink,4000,193,41,1,11,16,5,0,0,1,30,19.7,0.02,0.223,normal,0,6,6,0,205,36,0,35,Kaggle French Bakery Daily Sales,SYNTHETIC_FEATURE_SNAPSHOT,10,1
zerofest-synthetic-2026,2,B11,B11-M04,C,2026-05-21T16:00:00,16,960,0,359,0,3,drink,4000,193,193,0,0,0,0,0,0,0,0,21.7,0.56,0.238,normal,0,18,18,0,322,16,0,2,Kaggle French Bakery Daily Sales,SYNTHETIC_FEATURE_SNAPSHOT,0,0
zerofest-synthetic-2026,2,B11,B11-M04,C,2026-05-21T16:30:00,16,990,0,329,0,3,drink,4000,193,175,7,18,0,8,0,0,0,0,21.1,0.66,0.205,normal,0,2,2,0,2625,157,0,2,Kaggle French Bakery Daily Sales,SYNTHETIC_FEATURE_SNAPSHOT,19,0
zerofest-synthetic-2026,2,B11,B11-M04,C,2026-05-21T17:00:00,17,1020,0,299,0,3,drink,4000,193,173,2,2,18,1,0,0,0,0,20.2,0.45,0.4,pre_stage,0,18,18,0,289,25,0,2,Kaggle French Bakery Daily Sales,SYNTHETIC_FEATURE_SNAPSHOT,17,1
zerofest-synthetic-2026,2,B11,B11-M04,C,2026-05-21T17:30:00,17,1050,0,269,0,3,drink,4000,193,155,3,18,2,8,0,0,0,0,21.4,0.47,0.442,pre_stage,0,26,26,0,179,0,0,2,Kaggle French Bakery Daily Sales,SYNTHETIC_FEATURE_SNAPSHOT,30,1
zerofest-synthetic-2026,2,B11,B11-M04,C,2026-05-21T18:00:00,18,1080,0,239,0,3,drink,4000,193,129,4,26,18,12,0,0,0,0,21.9,0.79,0.623,main_stage,0,17,17,0,228,17,0,2,Kaggle French Bakery Daily Sales,SYNTHETIC_FEATURE_SNAPSHOT,36,2
zerofest-synthetic-2026,2,B11,B11-M04,C,2026-05-21T18:30:00,18,1110,0,209,0,3,drink,4000,193,112,10,17,26,7,0,0,0,0,20.3,0.52,0.544,main_stage,0,15,15,0,224,26,0,2,Kaggle French Bakery Daily Sales,SYNTHETIC_FEATURE_SNAPSHOT,32,2
zerofest-synthetic-2026,2,B11,B11-M04,C,2026-05-21T19:00:00,19,1140,0,179,0,3,drink,4000,193,97,1,15,17,7,0,0,0,0,19.6,0.51,0.499,main_stage,1,27,27,0,108,0,0,2,Kaggle French Bakery Daily Sales,SYNTHETIC_FEATURE_SNAPSHOT,26,0
zerofest-synthetic-2026,2,B11,B11-M04,C,2026-05-21T19:30:00,19,1170,0,149,0,3,drink,4000,193,70,5,27,15,12,0,0,0,0,19.8,0.56,0.524,main_stage,1,26,26,0,81,0,0,2,Kaggle French Bakery Daily Sales,SYNTHETIC_FEATURE_SNAPSHOT,32,0
zerofest-synthetic-2026,2,B11,B11-M04,C,2026-05-21T20:00:00,20,1200,0,119,0,3,drink,4000,193,44,7,26,27,12,0,0,0,0,20.2,0.47,0.298,after_stage,0,9,9,0,147,14,0,2,Kaggle French Bakery Daily Sales,SYNTHETIC_FEATURE_SNAPSHOT,32,0
zerofest-synthetic-2026,2,B11,B11-M04,C,2026-05-21T20:30:00,20,1230,0,89,0,3,drink,4000,193,35,0,9,26,3,0,0,0,0,19.2,0.43,0.381,after_stage,0,19,19,0,56,0,0,2,Kaggle French Bakery Daily Sales,SYNTHETIC_FEATURE_SNAPSHOT,21,1
zerofest-synthetic-2026,2,B11,B11-M04,C,2026-05-21T21:00:00,21,1260,0,59,0,3,drink,4000,193,16,9,19,9,10,0,0,0,0,18.0,0.63,0.209,normal,0,5,5,0,96,8,0,2,Kaggle French Bakery Daily Sales,SYNTHETIC_FEATURE_SNAPSHOT,30,1
zerofest-synthetic-2026,2,B11,B11-M04,C,2026-05-21T21:30:00,21,1290,0,29,0,3,drink,4000,193,11,0,5,19,3,0,0,0,0,18.6,0.36,0.247,normal,0,9,9,0,37,4,0,2,Kaggle French Bakery Daily Sales,SYNTHETIC_FEATURE_SNAPSHOT,9,0
zerofest-synthetic-2026,3,B11,B11-M04,C,2026-05-22T16:00:00,16,960,0,359,0,4,drink,4000,193,193,0,0,0,0,0,0,0,0,19.7,0.01,0.208,normal,0,11,11,0,527,85,0,28,Kaggle French Bakery Daily Sales,SYNTHETIC_FEATURE_SNAPSHOT,0,0
zerofest-synthetic-2026,3,B11,B11-M04,C,2026-05-22T16:30:00,16,990,0,329,0,4,drink,4000,193,182,0,11,0,5,0,0,0,0,20.0,0.01,0.279,normal,0,16,16,0,342,38,0,28,Kaggle French Bakery Daily Sales,SYNTHETIC_FEATURE_SNAPSHOT,14,1
zerofest-synthetic-2026,3,B11,B11-M04,C,2026-05-22T17:00:00,17,1020,0,299,0,4,drink,4000,193,166,7,16,11,7,0,0,0,0,20.0,0.09,0.42,pre_stage,0,17,17,0,293,27,0,28,Kaggle French Bakery Daily Sales,SYNTHETIC_FEATURE_SNAPSHOT,17,1
zerofest-synthetic-2026,3,B11,B11-M04,C,2026-05-22T17:30:00,17,1050,0,269,0,4,drink,4000,193,149,0,17,16,7,0,0,0,0,19.8,0.0,0.401,pre_stage,0,25,25,0,179,0,0,28,Kaggle French Bakery Daily Sales,SYNTHETIC_FEATURE_SNAPSHOT,19,0
zerofest-synthetic-2026,3,B11,B11-M04,C,2026-05-22T18:00:00,18,1080,0,239,0,4,drink,4000,193,124,7,25,17,10,0,0,0,0,18.9,0.01,0.649,main_stage,0,1,1,0,3720,117,0,28,Kaggle French Bakery Daily Sales,SYNTHETIC_FEATURE_SNAPSHOT,33,2
zerofest-synthetic-2026,3,B11,B11-M04,C,2026-05-22T18:30:00,18,1110,0,209,0,4,drink,4000,193,123,0,1,25,1,0,0,0,0,18.8,0.0,0.593,main_stage,0,23,23,0,161,0,0,28,Kaggle French Bakery Daily Sales,SYNTHETIC_FEATURE_SNAPSHOT,22,0
zerofest-synthetic-2026,3,B11,B11-M04,C,2026-05-22T19:00:00,19,1140,0,179,0,4,drink,4000,193,100,3,23,1,10,0,0,0,0,17.9,0.0,0.674,main_stage,1,25,25,0,120,0,0,28,Kaggle French Bakery Daily Sales,SYNTHETIC_FEATURE_SNAPSHOT,30,1
zerofest-synthetic-2026,3,B11,B11-M04,C,2026-05-22T19:30:00,19,1170,0,149,0,4,drink,4000,193,75,7,25,23,10,0,0,0,0,17.6,0.04,0.604,main_stage,1,22,22,0,103,0,0,28,Kaggle French Bakery Daily Sales,SYNTHETIC_FEATURE_SNAPSHOT,25,0
zerofest-synthetic-2026,3,B11,B11-M04,C,2026-05-22T20:00:00,20,1200,0,119,0,4,drink,4000,193,53,2,22,25,8,0,0,0,0,18.8,0.0,0.35,after_stage,0,3,3,0,530,43,0,28,Kaggle French Bakery Daily Sales,SYNTHETIC_FEATURE_SNAPSHOT,26,1
zerofest-synthetic-2026,3,B11,B11-M04,C,2026-05-22T20:30:00,20,1230,0,89,0,4,drink,4000,193,50,1,3,22,3,0,0,0,0,17.4,0.0,0.402,after_stage,0,13,13,0,116,18,0,28,Kaggle French Bakery Daily Sales,SYNTHETIC_FEATURE_SNAPSHOT,28,1
zerofest-synthetic-2026,3,B11,B11-M04,C,2026-05-22T21:00:00,21,1260,0,59,0,4,drink,4000,193,37,0,13,3,6,0,0,0,0,17.6,0.0,0.268,normal,0,6,6,0,185,27,0,28,Kaggle French Bakery Daily Sales,SYNTHETIC_FEATURE_SNAPSHOT,18,0
zerofest-synthetic-2026,3,B11,B11-M04,C,2026-05-22T21:30:00,21,1290,0,29,0,4,drink,4000,193,31,0,6,13,3,0,0,0,0,17.3,0.05,0.198,normal,0,3,3,0,310,29,0,28,Kaggle French Bakery Daily Sales,SYNTHETIC_FEATURE_SNAPSHOT,15,2
zerofest-synthetic-2026,1,B12,B12-M01,D,2026-05-20T16:00:00,16,960,0,359,0,2,dessert,3000,121,120,1,1,0,1,0,0,0,0,23.2,0.02,0.266,normal,0,3,3,0,1200,90,0,10,Kaggle French Bakery Daily Sales,SYNTHETIC_FEATURE_SNAPSHOT,1,1
zerofest-synthetic-2026,1,B12,B12-M01,D,2026-05-20T16:30:00,16,990,0,329,0,2,dessert,3000,121,117,2,3,1,2,0,0,0,0,24.1,0.0,0.218,normal,0,6,6,0,585,63,0,10,Kaggle French Bakery Daily Sales,SYNTHETIC_FEATURE_SNAPSHOT,16,1
zerofest-synthetic-2026,1,B12,B12-M01,D,2026-05-20T17:00:00,17,1020,0,299,0,2,dessert,3000,121,111,0,6,3,3,0,0,0,0,21.6,0.01,0.466,pre_stage,0,16,16,0,209,0,0,10,Kaggle French Bakery Daily Sales,SYNTHETIC_FEATURE_SNAPSHOT,15,0
zerofest-synthetic-2026,1,B12,B12-M01,D,2026-05-20T17:30:00,17,1050,0,269,0,2,dessert,3000,121,95,3,16,6,6,0,0,0,0,23.4,0.0,0.448,pre_stage,0,7,7,0,408,43,0,10,Kaggle French Bakery Daily Sales,SYNTHETIC_FEATURE_SNAPSHOT,29,0
zerofest-synthetic-2026,1,B12,B12-M01,D,2026-05-20T18:00:00,18,1080,0,239,0,2,dessert,3000,121,88,0,7,16,3,0,0,0,0,22.2,0.0,0.584,main_stage,0,16,16,0,165,0,0,10,Kaggle French Bakery Daily Sales,SYNTHETIC_FEATURE_SNAPSHOT,22,1
zerofest-synthetic-2026,1,B12,B12-M01,D,2026-05-20T18:30:00,18,1110,0,209,0,2,dessert,3000,121,72,7,16,7,5,0,0,0,0,22.9,0.0,0.585,main_stage,0,3,3,0,720,55,0,10,Kaggle French Bakery Daily Sales,SYNTHETIC_FEATURE_SNAPSHOT,26,0
zerofest-synthetic-2026,1,B12,B12-M01,D,2026-05-20T19:00:00,19,1140,0,179,0,2,dessert,3000,121,69,1,3,16,3,0,0,0,0,22.1,0.03,0.576,main_stage,1,10,10,0,207,20,0,10,Kaggle French Bakery Daily Sales,SYNTHETIC_FEATURE_SNAPSHOT,20,0
zerofest-synthetic-2026,1,B12,B12-M01,D,2026-05-20T19:30:00,19,1170,0,149,0,2,dessert,3000,121,59,9,10,3,3,0,0,0,0,22.4,0.0,0.563,main_stage,1,11,11,0,161,14,0,10,Kaggle French Bakery Daily Sales,SYNTHETIC_FEATURE_SNAPSHOT,18,0
zerofest-synthetic-2026,1,B12,B12-M01,D,2026-05-20T20:00:00,20,1200,0,119,0,2,dessert,3000,121,48,0,11,10,4,0,0,0,0,20.9,0.0,0.357,after_stage,0,7,7,0,206,25,0,10,Kaggle French Bakery Daily Sales,SYNTHETIC_FEATURE_SNAPSHOT,26,0
zerofest-synthetic-2026,1,B12,B12-M01,D,2026-05-20T20:30:00,20,1230,0,89,0,2,dessert,3000,121,41,2,7,11,4,0,0,0,0,22.4,0.0,0.355,after_stage,0,15,15,0,82,4,0,10,Kaggle French Bakery Daily Sales,SYNTHETIC_FEATURE_SNAPSHOT,13,1
zerofest-synthetic-2026,1,B12,B12-M01,D,2026-05-20T21:00:00,21,1260,0,59,0,2,dessert,3000,121,26,2,15,7,7,0,0,0,0,20.9,0.01,0.238,normal,0,8,8,0,98,13,0,10,Kaggle French Bakery Daily Sales,SYNTHETIC_FEATURE_SNAPSHOT,13,2
zerofest-synthetic-2026,1,B12,B12-M01,D,2026-05-20T21:30:00,21,1290,0,29,0,2,dessert,3000,121,18,1,8,15,5,0,0,0,0,19.7,0.02,0.223,normal,0,8,8,0,68,11,0,10,Kaggle French Bakery Daily Sales,SYNTHETIC_FEATURE_SNAPSHOT,18,0
zerofest-synthetic-2026,2,B12,B12-M01,D,2026-05-21T16:00:00,16,960,0,359,0,3,dessert,3000,121,121,0,0,0,0,0,0,1,30,21.7,0.56,0.238,normal,0,11,11,0,330,13,0,0,Kaggle French Bakery Daily Sales,SYNTHETIC_FEATURE_SNAPSHOT,0,0
zerofest-synthetic-2026,2,B12,B12-M01,D,2026-05-21T16:30:00,16,990,0,329,0,3,dessert,3000,121,110,1,11,0,8,0,0,1,30,21.1,0.66,0.205,normal,0,3,3,0,1100,83,0,0,Kaggle French Bakery Daily Sales,SYNTHETIC_FEATURE_SNAPSHOT,17,1
zerofest-synthetic-2026,2,B12,B12-M01,D,2026-05-21T17:00:00,17,1020,0,299,0,3,dessert,3000,121,107,0,3,11,2,0,0,1,30,20.2,0.45,0.4,pre_stage,0,9,9,0,357,33,0,0,Kaggle French Bakery Daily Sales,SYNTHETIC_FEATURE_SNAPSHOT,13,1
zerofest-synthetic-2026,2,B12,B12-M01,D,2026-05-21T17:30:00,17,1050,0,269,0,3,dessert,3000,121,98,0,9,3,5,0,0,1,30,21.4,0.47,0.442,pre_stage,0,2,2,0,1470,83,0,0,Kaggle French Bakery Daily Sales,SYNTHETIC_FEATURE_SNAPSHOT,29,0
zerofest-synthetic-2026,2,B12,B12-M01,D,2026-05-21T18:00:00,18,1080,0,239,0,3,dessert,3000,121,96,0,2,9,1,30,0,1,30,21.9,0.79,0.623,main_stage,0,25,25,0,116,0,0,0,Kaggle French Bakery Daily Sales,SYNTHETIC_FEATURE_SNAPSHOT,26,2
zerofest-synthetic-2026,2,B12,B12-M01,D,2026-05-21T18:30:00,18,1110,0,209,0,3,dessert,3000,121,71,6,25,2,11,0,0,1,30,20.3,0.52,0.544,main_stage,0,10,10,0,213,14,0,0,Kaggle French Bakery Daily Sales,SYNTHETIC_FEATURE_SNAPSHOT,33,1
zerofest-synthetic-2026,2,B12,B12-M01,D,2026-05-21T19:00:00,19,1140,0,179,0,3,dessert,3000,121,61,3,10,25,4,0,0,1,30,19.6,0.51,0.499,main_stage,1,18,18,0,102,0,0,0,Kaggle French Bakery Daily Sales,SYNTHETIC_FEATURE_SNAPSHOT,23,1
zerofest-synthetic-2026,2,B12,B12-M01,D,2026-05-21T19:30:00,19,1170,0,149,0,3,dessert,3000,121,43,5,18,10,8,0,0,1,30,19.8,0.56,0.524,main_stage,1,9,9,0,144,6,0,0,Kaggle French Bakery Daily Sales,SYNTHETIC_FEATURE_SNAPSHOT,32,2
zerofest-synthetic-2026,2,B12,B12-M01,D,2026-05-21T20:00:00,20,1200,0,119,0,3,dessert,3000,121,34,0,9,18,5,0,0,1,30,20.2,0.47,0.298,after_stage,0,17,17,0,60,0,0,0,Kaggle French Bakery Daily Sales,SYNTHETIC_FEATURE_SNAPSHOT,25,0
zerofest-synthetic-2026,2,B12,B12-M01,D,2026-05-21T20:30:00,20,1230,0,89,0,3,dessert,3000,121,17,4,17,9,7,30,0,1,30,19.2,0.43,0.381,after_stage,0,10,10,0,51,0,0,0,Kaggle French Bakery Daily Sales,SYNTHETIC_FEATURE_SNAPSHOT,21,0
zerofest-synthetic-2026,2,B12,B12-M01,D,2026-05-21T21:00:00,21,1260,0,59,0,3,dessert,3000,121,7,3,10,17,4,0,0,1,30,18.0,0.63,0.209,normal,0,7,9,1,30,0,0,0,Kaggle French Bakery Daily Sales,SYNTHETIC_FEATURE_SNAPSHOT,13,0
zerofest-synthetic-2026,2,B12,B12-M01,D,2026-05-21T21:30:00,21,1290,0,29,0,3,dessert,3000,121,0,2,7,10,3,30,0,1,30,18.6,0.36,0.247,normal,0,0,4,1,0,0,1,0,Kaggle French Bakery Daily Sales,SYNTHETIC_FEATURE_SNAPSHOT,11,0
zerofest-synthetic-2026,3,B12,B12-M01,D,2026-05-22T16:00:00,16,960,0,359,0,4,dessert,3000,121,121,0,0,0,0,0,0,1,10,19.7,0.01,0.208,normal,0,4,4,0,908,82,0,20,Kaggle French Bakery Daily Sales,SYNTHETIC_FEATURE_SNAPSHOT,0,0
zerofest-synthetic-2026,3,B12,B12-M01,D,2026-05-22T16:30:00,16,990,0,329,0,4,dessert,3000,121,117,0,4,0,3,0,0,1,10,20.0,0.01,0.279,normal,0,1,1,0,3510,108,0,20,Kaggle French Bakery Daily Sales,SYNTHETIC_FEATURE_SNAPSHOT,11,0
zerofest-synthetic-2026,3,B12,B12-M01,D,2026-05-22T17:00:00,17,1020,0,299,0,4,dessert,3000,121,116,0,1,4,1,0,0,1,10,20.0,0.09,0.42,pre_stage,0,10,10,0,348,34,0,20,Kaggle French Bakery Daily Sales,SYNTHETIC_FEATURE_SNAPSHOT,7,0
zerofest-synthetic-2026,3,B12,B12-M01,D,2026-05-22T17:30:00,17,1050,0,269,0,4,dessert,3000,121,106,0,10,1,6,0,0,1,10,19.8,0.0,0.401,pre_stage,0,16,16,0,199,0,0,20,Kaggle French Bakery Daily Sales,SYNTHETIC_FEATURE_SNAPSHOT,10,0
zerofest-synthetic-2026,3,B12,B12-M01,D,2026-05-22T18:00:00,18,1080,0,239,0,4,dessert,3000,121,90,0,16,10,8,0,0,1,10,18.9,0.01,0.649,main_stage,0,15,15,0,180,0,0,20,Kaggle French Bakery Daily Sales,SYNTHETIC_FEATURE_SNAPSHOT,20,0
zerofest-synthetic-2026,3,B12,B12-M01,D,2026-05-22T18:30:00,18,1110,0,209,0,4,dessert,3000,121,75,0,15,16,7,10,0,1,10,18.8,0.0,0.593,main_stage,0,8,8,0,282,29,0,20,Kaggle French Bakery Daily Sales,SYNTHETIC_FEATURE_SNAPSHOT,28,1
zerofest-synthetic-2026,3,B12,B12-M01,D,2026-05-22T19:00:00,19,1140,0,179,0,4,dessert,3000,121,67,4,8,15,4,0,0,1,10,17.9,0.0,0.674,main_stage,1,12,12,0,168,8,0,20,Kaggle French Bakery Daily Sales,SYNTHETIC_FEATURE_SNAPSHOT,25,2
zerofest-synthetic-2026,3,B12,B12-M01,D,2026-05-22T19:30:00,19,1170,0,149,0,4,dessert,3000,121,55,8,12,8,5,0,0,1,10,17.6,0.04,0.604,main_stage,1,3,3,0,550,43,0,20,Kaggle French Bakery Daily Sales,SYNTHETIC_FEATURE_SNAPSHOT,22,1
zerofest-synthetic-2026,3,B12,B12-M01,D,2026-05-22T20:00:00,20,1200,0,119,0,4,dessert,3000,121,52,0,3,12,3,10,0,1,10,18.8,0.0,0.35,after_stage,0,4,4,0,390,39,0,20,Kaggle French Bakery Daily Sales,SYNTHETIC_FEATURE_SNAPSHOT,19,0
zerofest-synthetic-2026,3,B12,B12-M01,D,2026-05-22T20:30:00,20,1230,0,89,0,4,dessert,3000,121,48,0,4,3,2,0,0,1,10,17.4,0.0,0.402,after_stage,0,10,10,0,144,23,0,20,Kaggle French Bakery Daily Sales,SYNTHETIC_FEATURE_SNAPSHOT,19,2
zerofest-synthetic-2026,3,B12,B12-M01,D,2026-05-22T21:00:00,21,1260,0,59,0,4,dessert,3000,121,38,0,10,4,5,10,0,1,10,17.6,0.0,0.268,normal,0,8,8,0,143,25,0,20,Kaggle French Bakery Daily Sales,SYNTHETIC_FEATURE_SNAPSHOT,19,1
zerofest-synthetic-2026,3,B12,B12-M01,D,2026-05-22T21:30:00,21,1290,0,29,0,4,dessert,3000,121,30,2,8,10,4,0,0,1,10,17.3,0.05,0.198,normal,0,10,10,0,90,22,0,20,Kaggle French Bakery Daily Sales,SYNTHETIC_FEATURE_SNAPSHOT,8,0
zerofest-synthetic-2026,1,B12,B12-M02,D,2026-05-20T16:00:00,16,960,0,359,0,2,food,4500,175,175,0,0,0,0,0,0,1,10,23.2,0.02,0.266,normal,0,11,11,0,478,67,0,13,Kaggle French Bakery Daily Sales,SYNTHETIC_FEATURE_SNAPSHOT,1,1
zerofest-synthetic-2026,1,B12,B12-M02,D,2026-05-20T16:30:00,16,990,0,329,0,2,food,4500,175,164,2,11,0,6,0,0,1,10,24.1,0.0,0.218,normal,0,4,4,0,1230,128,0,13,Kaggle French Bakery Daily Sales,SYNTHETIC_FEATURE_SNAPSHOT,16,1
zerofest-synthetic-2026,1,B12,B12-M02,D,2026-05-20T17:00:00,17,1020,0,299,0,2,food,4500,175,160,0,4,11,3,0,0,1,10,21.6,0.01,0.466,pre_stage,0,30,30,0,160,0,0,13,Kaggle French Bakery Daily Sales,SYNTHETIC_FEATURE_SNAPSHOT,15,0
zerofest-synthetic-2026,1,B12,B12-M02,D,2026-05-20T17:30:00,17,1050,0,269,0,2,food,4500,175,130,0,30,4,9,0,0,1,10,23.4,0.0,0.448,pre_stage,0,21,21,0,186,0,0,13,Kaggle French Bakery Daily Sales,SYNTHETIC_FEATURE_SNAPSHOT,29,0
zerofest-synthetic-2026,1,B12,B12-M02,D,2026-05-20T18:00:00,18,1080,0,239,0,2,food,4500,175,109,0,21,30,8,0,0,1,10,22.2,0.0,0.584,main_stage,0,23,23,0,143,0,0,13,Kaggle French Bakery Daily Sales,SYNTHETIC_FEATURE_SNAPSHOT,22,1
zerofest-synthetic-2026,1,B12,B12-M02,D,2026-05-20T18:30:00,18,1110,0,209,0,2,food,4500,175,86,6,23,21,10,10,0,1,10,22.9,0.0,0.585,main_stage,0,16,16,0,162,0,0,13,Kaggle French Bakery Daily Sales,SYNTHETIC_FEATURE_SNAPSHOT,26,0
zerofest-synthetic-2026,1,B12,B12-M02,D,2026-05-20T19:00:00,19,1140,0,179,0,2,food,4500,175,70,4,16,23,6,0,0,1,10,22.1,0.03,0.576,main_stage,1,15,15,0,140,0,0,13,Kaggle French Bakery Daily Sales,SYNTHETIC_FEATURE_SNAPSHOT,20,0
zerofest-synthetic-2026,1,B12,B12-M02,D,2026-05-20T19:30:00,19,1170,0,149,0,2,food,4500,175,55,5,15,16,5,0,0,1,10,22.4,0.0,0.563,main_stage,1,19,19,0,87,0,0,13,Kaggle French Bakery Daily Sales,SYNTHETIC_FEATURE_SNAPSHOT,18,0
zerofest-synthetic-2026,1,B12,B12-M02,D,2026-05-20T20:00:00,20,1200,0,119,0,2,food,4500,175,36,0,19,15,8,0,0,1,10,20.9,0.0,0.357,after_stage,0,3,3,0,360,26,0,13,Kaggle French Bakery Daily Sales,SYNTHETIC_FEATURE_SNAPSHOT,26,0
zerofest-synthetic-2026,1,B12,B12-M02,D,2026-05-20T20:30:00,20,1230,0,89,0,2,food,4500,175,33,1,3,19,3,0,0,1,10,22.4,0.0,0.355,after_stage,0,6,6,0,165,18,0,13,Kaggle French Bakery Daily Sales,SYNTHETIC_FEATURE_SNAPSHOT,13,1
zerofest-synthetic-2026,1,B12,B12-M02,D,2026-05-20T21:00:00,21,1260,0,59,0,2,food,4500,175,27,0,6,3,2,10,0,1,10,20.9,0.01,0.238,normal,0,13,13,0,63,6,0,13,Kaggle French Bakery Daily Sales,SYNTHETIC_FEATURE_SNAPSHOT,13,2
zerofest-synthetic-2026,1,B12,B12-M02,D,2026-05-20T21:30:00,21,1290,0,29,0,2,food,4500,175,14,0,13,6,6,0,0,1,10,19.7,0.02,0.223,normal,0,1,1,0,420,13,0,13,Kaggle French Bakery Daily Sales,SYNTHETIC_FEATURE_SNAPSHOT,18,0
zerofest-synthetic-2026,2,B12,B12-M02,D,2026-05-21T16:00:00,16,960,0,359,0,3,food,4500,175,175,0,0,0,0,0,0,0,0,21.7,0.56,0.238,normal,0,3,3,0,1750,145,0,6,Kaggle French Bakery Daily Sales,SYNTHETIC_FEATURE_SNAPSHOT,0,0
zerofest-synthetic-2026,2,B12,B12-M02,D,2026-05-21T16:30:00,16,990,0,329,0,3,food,4500,175,172,0,3,0,2,0,0,0,0,21.1,0.66,0.205,normal,0,11,11,0,470,73,0,6,Kaggle French Bakery Daily Sales,SYNTHETIC_FEATURE_SNAPSHOT,17,1
zerofest-synthetic-2026,2,B12,B12-M02,D,2026-05-21T17:00:00,17,1020,0,299,0,3,food,4500,175,161,2,11,3,6,0,0,0,0,20.2,0.45,0.4,pre_stage,0,22,22,0,220,0,0,6,Kaggle French Bakery Daily Sales,SYNTHETIC_FEATURE_SNAPSHOT,13,1
zerofest-synthetic-2026,2,B12,B12-M02,D,2026-05-21T17:30:00,17,1050,0,269,0,3,food,4500,175,139,3,22,11,9,0,0,0,0,21.4,0.47,0.442,pre_stage,0,35,35,0,120,0,0,6,Kaggle French Bakery Daily Sales,SYNTHETIC_FEATURE_SNAPSHOT,29,0
zerofest-synthetic-2026,2,B12,B12-M02,D,2026-05-21T18:00:00,18,1080,0,239,0,3,food,4500,175,104,15,35,22,14,0,0,0,0,21.9,0.79,0.623,main_stage,0,11,11,0,284,32,0,6,Kaggle French Bakery Daily Sales,SYNTHETIC_FEATURE_SNAPSHOT,26,2
zerofest-synthetic-2026,2,B12,B12-M02,D,2026-05-21T18:30:00,18,1110,0,209,0,3,food,4500,175,93,3,11,35,5,0,0,0,0,20.3,0.52,0.544,main_stage,0,9,9,0,310,41,0,6,Kaggle French Bakery Daily Sales,SYNTHETIC_FEATURE_SNAPSHOT,33,1
zerofest-synthetic-2026,2,B12,B12-M02,D,2026-05-21T19:00:00,19,1140,0,179,0,3,food,4500,175,84,3,9,11,5,0,0,0,0,19.6,0.51,0.499,main_stage,1,26,26,0,97,0,0,6,Kaggle French Bakery Daily Sales,SYNTHETIC_FEATURE_SNAPSHOT,23,1
zerofest-synthetic-2026,2,B12,B12-M02,D,2026-05-21T19:30:00,19,1170,0,149,0,3,food,4500,175,58,2,26,9,11,0,0,0,0,19.8,0.56,0.524,main_stage,1,20,20,0,87,0,0,6,Kaggle French Bakery Daily Sales,SYNTHETIC_FEATURE_SNAPSHOT,32,2
zerofest-synthetic-2026,2,B12,B12-M02,D,2026-05-21T20:00:00,20,1200,0,119,0,3,food,4500,175,38,3,20,26,9,0,0,0,0,20.2,0.47,0.298,after_stage,0,5,5,0,228,22,0,6,Kaggle French Bakery Daily Sales,SYNTHETIC_FEATURE_SNAPSHOT,25,0
zerofest-synthetic-2026,2,B12,B12-M02,D,2026-05-21T20:30:00,20,1230,0,89,0,3,food,4500,175,33,2,5,20,3,0,0,0,0,19.2,0.43,0.381,after_stage,0,12,12,0,83,3,0,6,Kaggle French Bakery Daily Sales,SYNTHETIC_FEATURE_SNAPSHOT,21,0
zerofest-synthetic-2026,2,B12,B12-M02,D,2026-05-21T21:00:00,21,1260,0,59,0,3,food,4500,175,21,0,12,5,5,0,0,0,0,18.0,0.63,0.209,normal,0,9,9,0,70,6,0,6,Kaggle French Bakery Daily Sales,SYNTHETIC_FEATURE_SNAPSHOT,13,0
zerofest-synthetic-2026,2,B12,B12-M02,D,2026-05-21T21:30:00,21,1290,0,29,0,3,food,4500,175,12,3,9,12,4,0,0,0,0,18.6,0.36,0.247,normal,0,6,6,0,60,7,0,6,Kaggle French Bakery Daily Sales,SYNTHETIC_FEATURE_SNAPSHOT,11,0
zerofest-synthetic-2026,3,B12,B12-M02,D,2026-05-22T16:00:00,16,960,0,359,0,4,food,4500,175,175,0,0,0,0,0,0,0,0,19.7,0.01,0.208,normal,0,7,7,0,750,106,0,54,Kaggle French Bakery Daily Sales,SYNTHETIC_FEATURE_SNAPSHOT,0,0
zerofest-synthetic-2026,3,B12,B12-M02,D,2026-05-22T16:30:00,16,990,0,329,0,4,food,4500,175,168,0,7,0,3,0,0,0,0,20.0,0.01,0.279,normal,0,3,3,0,1680,141,0,54,Kaggle French Bakery Daily Sales,SYNTHETIC_FEATURE_SNAPSHOT,11,0
zerofest-synthetic-2026,3,B12,B12-M02,D,2026-05-22T17:00:00,17,1020,0,299,0,4,food,4500,175,165,0,3,7,2,0,0,0,0,20.0,0.09,0.42,pre_stage,0,4,4,0,1238,132,0,54,Kaggle French Bakery Daily Sales,SYNTHETIC_FEATURE_SNAPSHOT,7,0
zerofest-synthetic-2026,3,B12,B12-M02,D,2026-05-22T17:30:00,17,1050,0,269,0,4,food,4500,175,161,0,4,3,2,0,0,0,0,19.8,0.0,0.401,pre_stage,0,3,3,0,1610,139,0,54,Kaggle French Bakery Daily Sales,SYNTHETIC_FEATURE_SNAPSHOT,10,0
zerofest-synthetic-2026,3,B12,B12-M02,D,2026-05-22T18:00:00,18,1080,0,239,0,4,food,4500,175,158,3,3,4,1,0,0,0,0,18.9,0.01,0.649,main_stage,0,10,10,0,474,92,0,54,Kaggle French Bakery Daily Sales,SYNTHETIC_FEATURE_SNAPSHOT,20,0
zerofest-synthetic-2026,3,B12,B12-M02,D,2026-05-22T18:30:00,18,1110,0,209,0,4,food,4500,175,148,0,10,3,6,0,0,0,0,18.8,0.0,0.593,main_stage,0,21,21,0,212,27,0,54,Kaggle French Bakery Daily Sales,SYNTHETIC_FEATURE_SNAPSHOT,28,1
zerofest-synthetic-2026,3,B12,B12-M02,D,2026-05-22T19:00:00,19,1140,0,179,0,4,food,4500,175,127,4,21,10,9,0,0,0,0,17.9,0.0,0.674,main_stage,1,22,22,0,174,19,0,54,Kaggle French Bakery Daily Sales,SYNTHETIC_FEATURE_SNAPSHOT,25,2
zerofest-synthetic-2026,3,B12,B12-M02,D,2026-05-22T19:30:00,19,1170,0,149,0,4,food,4500,175,105,0,22,21,8,0,0,0,0,17.6,0.04,0.604,main_stage,1,4,4,0,788,89,0,54,Kaggle French Bakery Daily Sales,SYNTHETIC_FEATURE_SNAPSHOT,22,1
zerofest-synthetic-2026,3,B12,B12-M02,D,2026-05-22T20:00:00,20,1200,0,119,0,4,food,4500,175,101,0,4,22,2,0,0,0,0,18.8,0.0,0.35,after_stage,0,27,27,0,113,12,0,54,Kaggle French Bakery Daily Sales,SYNTHETIC_FEATURE_SNAPSHOT,19,0
zerofest-synthetic-2026,3,B12,B12-M02,D,2026-05-22T20:30:00,20,1230,0,89,0,4,food,4500,175,74,13,27,4,10,0,0,0,0,17.4,0.0,0.402,after_stage,0,8,8,0,278,54,0,54,Kaggle French Bakery Daily Sales,SYNTHETIC_FEATURE_SNAPSHOT,19,2
zerofest-synthetic-2026,3,B12,B12-M02,D,2026-05-22T21:00:00,21,1260,0,59,0,4,food,4500,175,66,0,8,27,4,0,0,0,0,17.6,0.0,0.268,normal,0,3,3,0,660,61,0,54,Kaggle French Bakery Daily Sales,SYNTHETIC_FEATURE_SNAPSHOT,19,1
zerofest-synthetic-2026,3,B12,B12-M02,D,2026-05-22T21:30:00,21,1290,0,29,0,4,food,4500,175,63,1,3,8,3,0,0,0,0,17.3,0.05,0.198,normal,0,9,9,0,210,56,0,54,Kaggle French Bakery Daily Sales,SYNTHETIC_FEATURE_SNAPSHOT,8,0
zerofest-synthetic-2026,1,B12,B12-M03,D,2026-05-20T16:00:00,16,960,0,359,0,2,drink,3000,148,148,0,0,0,0,0,0,1,20,23.2,0.02,0.266,normal,0,8,8,0,555,69,0,9,Kaggle French Bakery Daily Sales,SYNTHETIC_FEATURE_SNAPSHOT,1,1
zerofest-synthetic-2026,1,B12,B12-M03,D,2026-05-20T16:30:00,16,990,0,329,0,2,drink,3000,148,140,4,8,0,4,0,0,1,20,24.1,0.0,0.218,normal,0,12,12,0,350,32,0,9,Kaggle French Bakery Daily Sales,SYNTHETIC_FEATURE_SNAPSHOT,16,1
zerofest-synthetic-2026,1,B12,B12-M03,D,2026-05-20T17:00:00,17,1020,0,299,0,2,drink,3000,148,128,4,12,8,6,0,0,1,20,21.6,0.01,0.466,pre_stage,0,11,11,0,350,38,0,9,Kaggle French Bakery Daily Sales,SYNTHETIC_FEATURE_SNAPSHOT,15,0
zerofest-synthetic-2026,1,B12,B12-M03,D,2026-05-20T17:30:00,17,1050,0,269,0,2,drink,3000,148,117,1,11,12,7,0,0,1,20,23.4,0.0,0.448,pre_stage,0,11,11,0,320,36,0,9,Kaggle French Bakery Daily Sales,SYNTHETIC_FEATURE_SNAPSHOT,29,0
zerofest-synthetic-2026,1,B12,B12-M03,D,2026-05-20T18:00:00,18,1080,0,239,0,2,drink,3000,148,106,2,11,11,5,0,0,1,20,22.2,0.0,0.584,main_stage,0,9,9,0,354,47,0,9,Kaggle French Bakery Daily Sales,SYNTHETIC_FEATURE_SNAPSHOT,22,1
zerofest-synthetic-2026,1,B12,B12-M03,D,2026-05-20T18:30:00,18,1110,0,209,0,2,drink,3000,148,97,5,9,11,6,20,0,1,20,22.9,0.0,0.585,main_stage,0,18,18,0,162,0,0,9,Kaggle French Bakery Daily Sales,SYNTHETIC_FEATURE_SNAPSHOT,26,0
zerofest-synthetic-2026,1,B12,B12-M03,D,2026-05-20T19:00:00,19,1140,0,179,0,2,drink,3000,148,79,0,18,9,8,20,30,1,20,22.1,0.03,0.576,main_stage,1,12,12,0,198,20,0,9,Kaggle French Bakery Daily Sales,SYNTHETIC_FEATURE_SNAPSHOT,20,0
zerofest-synthetic-2026,1,B12,B12-M03,D,2026-05-20T19:30:00,19,1170,0,149,0,2,drink,3000,148,67,2,12,18,5,0,0,1,20,22.4,0.0,0.563,main_stage,1,27,27,0,75,0,0,9,Kaggle French Bakery Daily Sales,SYNTHETIC_FEATURE_SNAPSHOT,18,0
zerofest-synthetic-2026,1,B12,B12-M03,D,2026-05-20T20:00:00,20,1200,0,119,0,2,drink,3000,148,40,5,27,12,11,0,0,1,20,20.9,0.0,0.357,after_stage,0,9,9,0,134,10,0,9,Kaggle French Bakery Daily Sales,SYNTHETIC_FEATURE_SNAPSHOT,26,0
zerofest-synthetic-2026,1,B12,B12-M03,D,2026-05-20T20:30:00,20,1230,0,89,0,2,drink,3000,148,31,0,9,27,3,0,0,1,20,22.4,0.0,0.355,after_stage,0,1,1,0,930,29,0,9,Kaggle French Bakery Daily Sales,SYNTHETIC_FEATURE_SNAPSHOT,13,1
zerofest-synthetic-2026,1,B12,B12-M03,D,2026-05-20T21:00:00,21,1260,0,59,0,2,drink,3000,148,30,0,1,9,1,0,0,1,20,20.9,0.01,0.238,normal,0,4,4,0,225,23,0,9,Kaggle French Bakery Daily Sales,SYNTHETIC_FEATURE_SNAPSHOT,13,2
zerofest-synthetic-2026,1,B12,B12-M03,D,2026-05-20T21:30:00,21,1290,0,29,0,2,drink,3000,148,26,0,4,1,4,20,0,1,20,19.7,0.02,0.223,normal,0,17,17,0,46,12,0,9,Kaggle French Bakery Daily Sales,SYNTHETIC_FEATURE_SNAPSHOT,18,0
zerofest-synthetic-2026,2,B12,B12-M03,D,2026-05-21T16:00:00,16,960,0,359,0,3,drink,3000,148,148,0,0,0,0,0,0,0,0,21.7,0.56,0.238,normal,0,8,8,0,555,69,0,0,Kaggle French Bakery Daily Sales,SYNTHETIC_FEATURE_SNAPSHOT,0,0
zerofest-synthetic-2026,2,B12,B12-M03,D,2026-05-21T16:30:00,16,990,0,329,0,3,drink,3000,148,140,5,8,0,3,0,0,0,0,21.1,0.66,0.205,normal,0,2,2,0,2100,122,0,0,Kaggle French Bakery Daily Sales,SYNTHETIC_FEATURE_SNAPSHOT,17,1
zerofest-synthetic-2026,2,B12,B12-M03,D,2026-05-21T17:00:00,17,1020,0,299,0,3,drink,3000,148,138,0,2,8,1,0,0,0,0,20.2,0.45,0.4,pre_stage,0,16,16,0,259,7,0,0,Kaggle French Bakery Daily Sales,SYNTHETIC_FEATURE_SNAPSHOT,13,1
zerofest-synthetic-2026,2,B12,B12-M03,D,2026-05-21T17:30:00,17,1050,0,269,0,3,drink,3000,148,122,3,16,2,9,0,0,0,0,21.4,0.47,0.442,pre_stage,0,16,16,0,229,4,0,0,Kaggle French Bakery Daily Sales,SYNTHETIC_FEATURE_SNAPSHOT,29,0
zerofest-synthetic-2026,2,B12,B12-M03,D,2026-05-21T18:00:00,18,1080,0,239,0,3,drink,3000,148,106,4,16,16,7,0,0,0,0,21.9,0.79,0.623,main_stage,0,30,30,0,106,0,0,0,Kaggle French Bakery Daily Sales,SYNTHETIC_FEATURE_SNAPSHOT,26,2
zerofest-synthetic-2026,2,B12,B12-M03,D,2026-05-21T18:30:00,18,1110,0,209,0,3,drink,3000,148,76,0,30,16,9,0,0,0,0,20.3,0.52,0.544,main_stage,0,20,20,0,114,0,0,0,Kaggle French Bakery Daily Sales,SYNTHETIC_FEATURE_SNAPSHOT,33,1
zerofest-synthetic-2026,2,B12,B12-M03,D,2026-05-21T19:00:00,19,1140,0,179,0,3,drink,3000,148,56,4,20,30,8,0,0,0,0,19.6,0.51,0.499,main_stage,1,10,10,0,168,7,0,0,Kaggle French Bakery Daily Sales,SYNTHETIC_FEATURE_SNAPSHOT,23,1
zerofest-synthetic-2026,2,B12,B12-M03,D,2026-05-21T19:30:00,19,1170,0,149,0,3,drink,3000,148,46,6,10,20,5,0,0,0,0,19.8,0.56,0.524,main_stage,1,27,27,0,52,0,0,0,Kaggle French Bakery Daily Sales,SYNTHETIC_FEATURE_SNAPSHOT,32,2
zerofest-synthetic-2026,2,B12,B12-M03,D,2026-05-21T20:00:00,20,1200,0,119,0,3,drink,3000,148,19,3,27,10,10,0,0,0,0,20.2,0.47,0.298,after_stage,0,19,20,1,30,0,0,0,Kaggle French Bakery Daily Sales,SYNTHETIC_FEATURE_SNAPSHOT,25,0
zerofest-synthetic-2026,2,B12,B12-M03,D,2026-05-21T20:30:00,20,1230,0,89,0,3,drink,3000,148,0,0,19,27,10,0,0,0,0,19.2,0.43,0.381,after_stage,0,0,5,1,0,0,1,0,Kaggle French Bakery Daily Sales,SYNTHETIC_FEATURE_SNAPSHOT,21,0
zerofest-synthetic-2026,2,B12,B12-M03,D,2026-05-21T21:00:00,21,1260,0,59,0,3,drink,3000,148,0,0,0,19,0,0,0,0,0,18.0,0.63,0.209,normal,0,0,13,1,0,0,1,0,Kaggle French Bakery Daily Sales,SYNTHETIC_FEATURE_SNAPSHOT,13,0
zerofest-synthetic-2026,2,B12,B12-M03,D,2026-05-21T21:30:00,21,1290,0,29,0,3,drink,3000,148,0,0,0,0,0,0,0,0,0,18.6,0.36,0.247,normal,0,0,11,1,0,0,1,0,Kaggle French Bakery Daily Sales,SYNTHETIC_FEATURE_SNAPSHOT,11,0
zerofest-synthetic-2026,3,B12,B12-M03,D,2026-05-22T16:00:00,16,960,0,359,0,4,drink,3000,148,148,0,0,0,0,0,0,0,0,19.7,0.01,0.208,normal,0,5,5,0,888,99,0,18,Kaggle French Bakery Daily Sales,SYNTHETIC_FEATURE_SNAPSHOT,0,0
zerofest-synthetic-2026,3,B12,B12-M03,D,2026-05-22T16:30:00,16,990,0,329,0,4,drink,3000,148,143,0,5,0,2,0,0,0,0,20.0,0.01,0.279,normal,0,4,4,0,1073,107,0,18,Kaggle French Bakery Daily Sales,SYNTHETIC_FEATURE_SNAPSHOT,11,0
zerofest-synthetic-2026,3,B12,B12-M03,D,2026-05-22T17:00:00,17,1020,0,299,0,4,drink,3000,148,139,0,4,5,2,0,0,0,0,20.0,0.09,0.42,pre_stage,0,2,2,0,2085,123,0,18,Kaggle French Bakery Daily Sales,SYNTHETIC_FEATURE_SNAPSHOT,7,0
zerofest-synthetic-2026,3,B12,B12-M03,D,2026-05-22T17:30:00,17,1050,0,269,0,4,drink,3000,148,137,2,2,4,1,0,0,0,0,19.8,0.0,0.401,pre_stage,0,14,14,0,294,34,0,18,Kaggle French Bakery Daily Sales,SYNTHETIC_FEATURE_SNAPSHOT,10,0
zerofest-synthetic-2026,3,B12,B12-M03,D,2026-05-22T18:00:00,18,1080,0,239,0,4,drink,3000,148,123,0,14,2,5,0,0,0,0,18.9,0.01,0.649,main_stage,0,8,8,0,462,71,0,18,Kaggle French Bakery Daily Sales,SYNTHETIC_FEATURE_SNAPSHOT,20,0
zerofest-synthetic-2026,3,B12,B12-M03,D,2026-05-22T18:30:00,18,1110,0,209,0,4,drink,3000,148,115,1,8,14,5,0,0,0,0,18.8,0.0,0.593,main_stage,0,27,27,0,128,0,0,18,Kaggle French Bakery Daily Sales,SYNTHETIC_FEATURE_SNAPSHOT,28,1
zerofest-synthetic-2026,3,B12,B12-M03,D,2026-05-22T19:00:00,19,1140,0,179,0,4,drink,3000,148,88,1,27,8,8,0,0,0,0,17.9,0.0,0.674,main_stage,1,16,16,0,165,9,0,18,Kaggle French Bakery Daily Sales,SYNTHETIC_FEATURE_SNAPSHOT,25,2
zerofest-synthetic-2026,3,B12,B12-M03,D,2026-05-22T19:30:00,19,1170,0,149,0,4,drink,3000,148,72,0,16,27,5,0,0,0,0,17.6,0.04,0.604,main_stage,1,21,21,0,103,0,0,18,Kaggle French Bakery Daily Sales,SYNTHETIC_FEATURE_SNAPSHOT,22,1
zerofest-synthetic-2026,3,B12,B12-M03,D,2026-05-22T20:00:00,20,1200,0,119,0,4,drink,3000,148,51,0,21,16,7,0,0,0,0,18.8,0.0,0.35,after_stage,0,10,10,0,153,18,0,18,Kaggle French Bakery Daily Sales,SYNTHETIC_FEATURE_SNAPSHOT,19,0
zerofest-synthetic-2026,3,B12,B12-M03,D,2026-05-22T20:30:00,20,1230,0,89,0,4,drink,3000,148,41,7,10,21,4,0,0,0,0,17.4,0.0,0.402,after_stage,0,16,16,0,77,2,0,18,Kaggle French Bakery Daily Sales,SYNTHETIC_FEATURE_SNAPSHOT,19,2
zerofest-synthetic-2026,3,B12,B12-M03,D,2026-05-22T21:00:00,21,1260,0,59,0,4,drink,3000,148,25,4,16,10,7,0,0,0,0,17.6,0.0,0.268,normal,0,0,0,0,2500,25,0,18,Kaggle French Bakery Daily Sales,SYNTHETIC_FEATURE_SNAPSHOT,19,1
zerofest-synthetic-2026,3,B12,B12-M03,D,2026-05-22T21:30:00,21,1290,0,29,0,4,drink,3000,148,25,0,0,16,0,0,0,0,0,17.3,0.05,0.198,normal,0,7,7,0,108,19,0,18,Kaggle French Bakery Daily Sales,SYNTHETIC_FEATURE_SNAPSHOT,8,0
zerofest-synthetic-2026,1,B12,B12-M04,D,2026-05-20T16:00:00,16,960,0,359,0,2,dessert,3000,145,145,0,0,0,0,0,0,1,20,23.2,0.02,0.266,normal,0,10,10,0,435,47,0,26,Kaggle French Bakery Daily Sales,SYNTHETIC_FEATURE_SNAPSHOT,1,1
zerofest-synthetic-2026,1,B12,B12-M04,D,2026-05-20T16:30:00,16,990,0,329,0,2,dessert,3000,145,135,2,10,0,4,0,0,1,20,24.1,0.0,0.218,normal,0,8,8,0,507,63,0,26,Kaggle French Bakery Daily Sales,SYNTHETIC_FEATURE_SNAPSHOT,16,1
zerofest-synthetic-2026,1,B12,B12-M04,D,2026-05-20T17:00:00,17,1020,0,299,0,2,dessert,3000,145,127,0,8,10,3,0,0,1,20,21.6,0.01,0.466,pre_stage,0,11,11,0,347,37,0,26,Kaggle French Bakery Daily Sales,SYNTHETIC_FEATURE_SNAPSHOT,15,0
zerofest-synthetic-2026,1,B12,B12-M04,D,2026-05-20T17:30:00,17,1050,0,269,0,2,dessert,3000,145,116,0,11,8,7,0,0,1,20,23.4,0.0,0.448,pre_stage,0,18,18,0,194,0,0,26,Kaggle French Bakery Daily Sales,SYNTHETIC_FEATURE_SNAPSHOT,29,0
zerofest-synthetic-2026,1,B12,B12-M04,D,2026-05-20T18:00:00,18,1080,0,239,0,2,dessert,3000,145,98,0,18,11,6,0,0,1,20,22.2,0.0,0.584,main_stage,0,18,18,0,164,0,0,26,Kaggle French Bakery Daily Sales,SYNTHETIC_FEATURE_SNAPSHOT,22,1
zerofest-synthetic-2026,1,B12,B12-M04,D,2026-05-20T18:30:00,18,1110,0,209,0,2,dessert,3000,145,80,0,18,18,5,20,0,1,20,22.9,0.0,0.585,main_stage,0,7,7,0,343,40,0,26,Kaggle French Bakery Daily Sales,SYNTHETIC_FEATURE_SNAPSHOT,26,0
zerofest-synthetic-2026,1,B12,B12-M04,D,2026-05-20T19:00:00,19,1140,0,179,0,2,dessert,3000,145,73,0,7,18,3,20,30,1,20,22.1,0.03,0.576,main_stage,1,12,12,0,183,14,0,26,Kaggle French Bakery Daily Sales,SYNTHETIC_FEATURE_SNAPSHOT,20,0
zerofest-synthetic-2026,1,B12,B12-M04,D,2026-05-20T19:30:00,19,1170,0,149,0,2,dessert,3000,145,61,1,12,7,5,20,60,1,20,22.4,0.0,0.563,main_stage,1,7,7,0,262,32,0,26,Kaggle French Bakery Daily Sales,SYNTHETIC_FEATURE_SNAPSHOT,18,0
zerofest-synthetic-2026,1,B12,B12-M04,D,2026-05-20T20:00:00,20,1200,0,119,0,2,dessert,3000,145,54,3,7,12,3,0,0,1,20,20.9,0.0,0.357,after_stage,0,12,12,0,135,15,0,26,Kaggle French Bakery Daily Sales,SYNTHETIC_FEATURE_SNAPSHOT,26,0
zerofest-synthetic-2026,1,B12,B12-M04,D,2026-05-20T20:30:00,20,1230,0,89,0,2,dessert,3000,145,42,0,12,7,3,20,0,1,20,22.4,0.0,0.355,after_stage,0,8,8,0,158,22,0,26,Kaggle French Bakery Daily Sales,SYNTHETIC_FEATURE_SNAPSHOT,13,1
zerofest-synthetic-2026,1,B12,B12-M04,D,2026-05-20T21:00:00,21,1260,0,59,0,2,dessert,3000,145,34,1,8,12,3,0,0,1,20,20.9,0.01,0.238,normal,0,4,4,0,255,27,0,26,Kaggle French Bakery Daily Sales,SYNTHETIC_FEATURE_SNAPSHOT,13,2
zerofest-synthetic-2026,1,B12,B12-M04,D,2026-05-20T21:30:00,21,1290,0,29,0,2,dessert,3000,145,30,0,4,8,3,20,0,1,20,19.7,0.02,0.223,normal,0,4,4,0,225,27,0,26,Kaggle French Bakery Daily Sales,SYNTHETIC_FEATURE_SNAPSHOT,18,0
zerofest-synthetic-2026,2,B12,B12-M04,D,2026-05-21T16:00:00,16,960,0,359,0,3,dessert,3000,145,145,0,0,0,0,0,0,0,0,21.7,0.56,0.238,normal,0,13,13,0,335,17,0,25,Kaggle French Bakery Daily Sales,SYNTHETIC_FEATURE_SNAPSHOT,0,0
zerofest-synthetic-2026,2,B12,B12-M04,D,2026-05-21T16:30:00,16,990,0,329,0,3,dessert,3000,145,132,5,13,0,4,0,0,0,0,21.1,0.66,0.205,normal,0,10,10,0,396,42,0,25,Kaggle French Bakery Daily Sales,SYNTHETIC_FEATURE_SNAPSHOT,17,1
zerofest-synthetic-2026,2,B12,B12-M04,D,2026-05-21T17:00:00,17,1020,0,299,0,3,dessert,3000,145,122,7,10,13,4,0,0,0,0,20.2,0.45,0.4,pre_stage,0,11,11,0,333,32,0,25,Kaggle French Bakery Daily Sales,SYNTHETIC_FEATURE_SNAPSHOT,13,1
zerofest-synthetic-2026,2,B12,B12-M04,D,2026-05-21T17:30:00,17,1050,0,269,0,3,dessert,3000,145,111,2,11,10,6,0,0,0,0,21.4,0.47,0.442,pre_stage,0,5,5,0,666,74,0,25,Kaggle French Bakery Daily Sales,SYNTHETIC_FEATURE_SNAPSHOT,29,0
zerofest-synthetic-2026,2,B12,B12-M04,D,2026-05-21T18:00:00,18,1080,0,239,0,3,dessert,3000,145,106,2,5,11,4,0,0,0,0,21.9,0.79,0.623,main_stage,0,18,18,0,177,0,0,25,Kaggle French Bakery Daily Sales,SYNTHETIC_FEATURE_SNAPSHOT,26,2
zerofest-synthetic-2026,2,B12,B12-M04,D,2026-05-21T18:30:00,18,1110,0,209,0,3,dessert,3000,145,88,0,18,5,8,0,0,0,0,20.3,0.52,0.544,main_stage,0,13,13,0,204,13,0,25,Kaggle French Bakery Daily Sales,SYNTHETIC_FEATURE_SNAPSHOT,33,1
zerofest-synthetic-2026,2,B12,B12-M04,D,2026-05-21T19:00:00,19,1140,0,179,0,3,dessert,3000,145,75,0,13,18,6,0,0,0,0,19.6,0.51,0.499,main_stage,1,21,21,0,108,0,0,25,Kaggle French Bakery Daily Sales,SYNTHETIC_FEATURE_SNAPSHOT,23,1
zerofest-synthetic-2026,2,B12,B12-M04,D,2026-05-21T19:30:00,19,1170,0,149,0,3,dessert,3000,145,54,7,21,13,8,0,0,0,0,19.8,0.56,0.524,main_stage,1,2,2,0,810,46,0,25,Kaggle French Bakery Daily Sales,SYNTHETIC_FEATURE_SNAPSHOT,32,2
zerofest-synthetic-2026,2,B12,B12-M04,D,2026-05-21T20:00:00,20,1200,0,119,0,3,dessert,3000,145,52,2,2,21,1,0,0,0,0,20.2,0.47,0.298,after_stage,0,7,7,0,223,29,0,25,Kaggle French Bakery Daily Sales,SYNTHETIC_FEATURE_SNAPSHOT,25,0
zerofest-synthetic-2026,2,B12,B12-M04,D,2026-05-21T20:30:00,20,1230,0,89,0,3,dessert,3000,145,45,0,7,2,1,0,0,0,0,19.2,0.43,0.381,after_stage,0,6,6,0,225,30,0,25,Kaggle French Bakery Daily Sales,SYNTHETIC_FEATURE_SNAPSHOT,21,0
zerofest-synthetic-2026,2,B12,B12-M04,D,2026-05-21T21:00:00,21,1260,0,59,0,3,dessert,3000,145,39,0,6,7,4,0,0,0,0,18.0,0.63,0.209,normal,0,9,9,0,130,24,0,25,Kaggle French Bakery Daily Sales,SYNTHETIC_FEATURE_SNAPSHOT,13,0
zerofest-synthetic-2026,2,B12,B12-M04,D,2026-05-21T21:30:00,21,1290,0,29,0,3,dessert,3000,145,30,0,9,6,4,0,0,0,0,18.6,0.36,0.247,normal,0,5,5,0,180,26,0,25,Kaggle French Bakery Daily Sales,SYNTHETIC_FEATURE_SNAPSHOT,11,0
zerofest-synthetic-2026,3,B12,B12-M04,D,2026-05-22T16:00:00,16,960,0,359,0,4,dessert,3000,145,145,0,0,0,0,0,0,0,0,19.7,0.01,0.208,normal,0,5,5,0,870,96,0,32,Kaggle French Bakery Daily Sales,SYNTHETIC_FEATURE_SNAPSHOT,0,0
zerofest-synthetic-2026,3,B12,B12-M04,D,2026-05-22T16:30:00,16,990,0,329,0,4,dessert,3000,145,140,2,5,0,3,0,0,0,0,20.0,0.01,0.279,normal,0,5,5,0,840,95,0,32,Kaggle French Bakery Daily Sales,SYNTHETIC_FEATURE_SNAPSHOT,11,0
zerofest-synthetic-2026,3,B12,B12-M04,D,2026-05-22T17:00:00,17,1020,0,299,0,4,dessert,3000,145,135,0,5,5,2,0,0,0,0,20.0,0.09,0.42,pre_stage,0,1,1,0,4050,127,0,32,Kaggle French Bakery Daily Sales,SYNTHETIC_FEATURE_SNAPSHOT,7,0
zerofest-synthetic-2026,3,B12,B12-M04,D,2026-05-22T17:30:00,17,1050,0,269,0,4,dessert,3000,145,134,1,1,5,1,0,0,0,0,19.8,0.0,0.401,pre_stage,0,12,12,0,335,45,0,32,Kaggle French Bakery Daily Sales,SYNTHETIC_FEATURE_SNAPSHOT,10,0
zerofest-synthetic-2026,3,B12,B12-M04,D,2026-05-22T18:00:00,18,1080,0,239,0,4,dessert,3000,145,122,2,12,1,6,0,0,0,0,18.9,0.01,0.649,main_stage,0,30,30,0,122,0,0,32,Kaggle French Bakery Daily Sales,SYNTHETIC_FEATURE_SNAPSHOT,20,0
zerofest-synthetic-2026,3,B12,B12-M04,D,2026-05-22T18:30:00,18,1110,0,209,0,4,dessert,3000,145,92,10,30,12,10,0,0,0,0,18.8,0.0,0.593,main_stage,0,7,7,0,395,52,0,32,Kaggle French Bakery Daily Sales,SYNTHETIC_FEATURE_SNAPSHOT,28,1
zerofest-synthetic-2026,3,B12,B12-M04,D,2026-05-22T19:00:00,19,1140,0,179,0,4,dessert,3000,145,85,3,7,30,4,0,0,0,0,17.9,0.0,0.674,main_stage,1,9,9,0,284,41,0,32,Kaggle French Bakery Daily Sales,SYNTHETIC_FEATURE_SNAPSHOT,25,2
zerofest-synthetic-2026,3,B12,B12-M04,D,2026-05-22T19:30:00,19,1170,0,149,0,4,dessert,3000,145,76,3,9,7,4,0,0,0,0,17.6,0.04,0.604,main_stage,1,23,23,0,100,0,0,32,Kaggle French Bakery Daily Sales,SYNTHETIC_FEATURE_SNAPSHOT,22,1
zerofest-synthetic-2026,3,B12,B12-M04,D,2026-05-22T20:00:00,20,1200,0,119,0,4,dessert,3000,145,53,1,23,9,7,0,0,0,0,18.8,0.0,0.35,after_stage,0,6,6,0,265,33,0,32,Kaggle French Bakery Daily Sales,SYNTHETIC_FEATURE_SNAPSHOT,19,0
zerofest-synthetic-2026,3,B12,B12-M04,D,2026-05-22T20:30:00,20,1230,0,89,0,4,dessert,3000,145,47,1,6,23,3,0,0,0,0,17.4,0.0,0.402,after_stage,0,9,9,0,157,25,0,32,Kaggle French Bakery Daily Sales,SYNTHETIC_FEATURE_SNAPSHOT,19,2
zerofest-synthetic-2026,3,B12,B12-M04,D,2026-05-22T21:00:00,21,1260,0,59,0,4,dessert,3000,145,38,2,9,6,3,0,0,0,0,17.6,0.0,0.268,normal,0,1,1,0,1140,36,0,32,Kaggle French Bakery Daily Sales,SYNTHETIC_FEATURE_SNAPSHOT,19,1
zerofest-synthetic-2026,3,B12,B12-M04,D,2026-05-22T21:30:00,21,1290,0,29,0,4,dessert,3000,145,37,0,1,9,1,0,0,0,0,17.3,0.05,0.198,normal,0,5,5,0,222,33,0,32,Kaggle French Bakery Daily Sales,SYNTHETIC_FEATURE_SNAPSHOT,8,0
